URL,Page purpose,Current title,Recommended title,Current meta description,Recommended meta description,Current H1,Recommended H1,Primary search intent,Primary keyword/topic,Indexability,Canonical,Schema,H2/H3 review,Robots / indexability,Open Graph,Images / alt text,Internal links,External links,Duplicate / cannibalization,Content issues,Performance / CWV,Mobile / accessibility,CTA / local SEO,Entity / factual accuracy,Priority,Status,Redirect target,Word count,Issues
/,Local transactional / branded page for psychiatric mental health care Vijayawada,Psychiatrist in Vijayawada | Dr. Pamarthi Krishna Das,Psychiatrist in Vijayawada | Dr. Pamarthi Krishna Das,"Consult Dr. Pamarthi Krishna Das, Psychiatrist in Vijayawada, for psychiatric consultation, mental health care and treatment at Krishna Neuro Psychiatric Centre.","Consult Dr. Pamarthi Krishna Das, Psychiatrist in Vijayawada, for psychiatric consultation, mental health care and treatment at Krishna Neuro Psychiatric Centre.",Psychiatric & Mental Health Care in Vijayawada,Psychiatric & Mental Health Care in Vijayawada,Local transactional / branded,psychiatric mental health care Vijayawada,Indexable — included in sitemap,http://localhost:3000,MedicalClinic; PostalAddress; GeoCoordinates; OpeningHoursSpecification; ContactPoint; Physician; WebSite; FAQPage; Question; Answer,"10 H2 / 27 H3 — Professional mental-health care, delivered with respect. | Meet Dr. Pamarthi Krishna Das | Clear care pathways, explained before decisions are made. | From the first difficult symptom to a clearer way forward.","index, follow",Complete,12 images; 0 missing alt; responsive Next images detected: false,30 internal links; appointment linked,4 external links,No exact duplicate detected in initial pass,No material content issue,328 KB HTML; 12 images; lazy/responsive image review applied,viewport configured; semantic H1; image alt complete,appointment:true; call:true; WhatsApp:true; directions:true; local signals:true,canonical clinic/doctor naming consistent; no unsupported superlative detected,NO CHANGE,200,,1876,None
/about,Branded informational page for about,About Krishna Neuro Psychiatric Centre | Vijayawada,About Krishna Neuro Psychiatric Centre | Vijayawada,"Learn about Krishna Neuro Psychiatric Centre, its patient-focused approach, Dr. Pamarthi Krishna Das and consultation access in Suryaraopet, Vijayawada.","Learn about Krishna Neuro Psychiatric Centre, its patient-focused approach, Dr. Pamarthi Krishna Das and consultation access in Suryaraopet, Vijayawada.",Krishna Neuro Psychiatric Centre,Krishna Neuro Psychiatric Centre,Branded informational,about krishna neuro psychiatric centre | vijayawada,Indexable — included in sitemap,http://localhost:3000/about,MedicalClinic; PostalAddress; GeoCoordinates; OpeningHoursSpecification; ContactPoint; Physician; WebSite; BreadcrumbList; ListItem,5 H2 / 0 H3 — Professional care | Confidential and respectful | Located in Vijayawada | Consultation information,"index, follow",Complete,1 images; 0 missing alt; responsive Next images detected: false,22 internal links; appointment linked,3 external links,No exact duplicate detected in initial pass,No material content issue,137 KB HTML; 1 images; lazy/responsive image review applied,viewport configured; semantic H1; image alt complete,appointment:true; call:true; WhatsApp:true; directions:true; local signals:true,canonical clinic/doctor naming consistent; no unsupported superlative detected,NO CHANGE,200,,544,None
/about-doctor,Legacy URL preserving existing SEO equity,Permanent redirect to /doctor/pamarthi-krishna-das,Keep permanent redirect to /doctor/pamarthi-krishna-das,N/A — redirect,N/A — redirect,N/A — redirect,N/A — redirect,Legacy navigation,about doctor,Redirect — not indexable,/doctor/pamarthi-krishna-das,Inherited from destination,N/A,Permanent 308,Inherited from destination,N/A,Internal links updated to destination,N/A,Consolidated by redirect,None — equity preserved,Redirect only; negligible,Destination audited,Destination audited,Destination audited,NO CHANGE,301,/doctor/pamarthi-krishna-das,,
/appointment,Transactional appointment page for appointment,Book Psychiatrist Appointment in Vijayawada,Book Psychiatrist Appointment in Vijayawada,"Request an appointment with Dr. Pamarthi Krishna Das at Krishna Neuro Psychiatric Centre, Suryaraopet, Vijayawada. Call, WhatsApp or use the short form.","Request an appointment with Dr. Pamarthi Krishna Das at Krishna Neuro Psychiatric Centre, Suryaraopet, Vijayawada. Call, WhatsApp or use the short form.",You do not need the perfect words to begin.,You do not need the perfect words to begin.,Transactional appointment,book psychiatrist appointment in vijayawada,Indexable — included in sitemap,http://localhost:3000/appointment,MedicalClinic; PostalAddress; GeoCoordinates; OpeningHoursSpecification; ContactPoint; Physician; WebSite; BreadcrumbList; ListItem,3 H2 / 0 H3 — Request an appointment | Prefer direct contact? | Clinic details,"index, follow",Complete,1 images; 0 missing alt; responsive Next images detected: false,22 internal links; appointment linked,3 external links,No exact duplicate detected in initial pass,No material content issue,138 KB HTML; 1 images; lazy/responsive image review applied,viewport configured; semantic H1; image alt complete,appointment:true; call:true; WhatsApp:true; directions:true; local signals:true,canonical clinic/doctor naming consistent; no unsupported superlative detected,NO CHANGE,200,,600,None
/appointment/success,Branded informational page for success,Appointment Request Prepared,Appointment Request Prepared,Next steps after an appointment request to Krishna Neuro Psychiatric Centre.,Next steps after an appointment request to Krishna Neuro Psychiatric Centre.,Thank you for reaching out.,Thank you for reaching out.,Branded informational,appointment request prepared,Noindex,http://localhost:3000/appointment/success,MedicalClinic; PostalAddress; GeoCoordinates; OpeningHoursSpecification; ContactPoint; Physician; WebSite,0 H2 / 0 H3,"noindex, nofollow",Complete,1 images; 0 missing alt; responsive Next images detected: false,22 internal links; appointment linked,3 external links,No exact duplicate detected in initial pass,No material content issue,121 KB HTML; 1 images; lazy/responsive image review applied,viewport configured; semantic H1; image alt complete,appointment:true; call:true; WhatsApp:true; directions:true; local signals:true,canonical clinic/doctor naming consistent; no unsupported superlative detected,NO CHANGE,200,,453,None
/articles,Legacy URL preserving existing SEO equity,Permanent redirect to /blog,Keep permanent redirect to /blog,N/A — redirect,N/A — redirect,N/A — redirect,N/A — redirect,Legacy navigation,articles,Redirect — not indexable,/blog,Inherited from destination,N/A,Permanent 308,Inherited from destination,N/A,Internal links updated to destination,N/A,Consolidated by redirect,None — equity preserved,Redirect only; negligible,Destination audited,Destination audited,Destination audited,NO CHANGE,301,/blog,,
/best-psychiatrist-in-vijayawada,Legacy URL preserving existing SEO equity,Permanent redirect to /psychiatrist-in-vijayawada,Keep permanent redirect to /psychiatrist-in-vijayawada,N/A — redirect,N/A — redirect,N/A — redirect,N/A — redirect,Legacy navigation,best psychiatrist in vijayawada,Redirect — not indexable,/psychiatrist-in-vijayawada,Inherited from destination,N/A,Permanent 308,Inherited from destination,N/A,Internal links updated to destination,N/A,Consolidated by redirect,None — equity preserved,Redirect only; negligible,Destination audited,Destination audited,Destination audited,NO CHANGE,301,/psychiatrist-in-vijayawada,,
/blog,Branded informational page for blog,Mental Health Articles & Family Guides,Mental Health Articles & Family Guides,"Read responsible, plain-language articles on depression, anxiety, OCD, psychosis, addiction, sleep, children, postpartum health, memory and treatment.","Read responsible, plain-language articles on depression, anxiety, OCD, psychosis, addiction, sleep, children, postpartum health, memory and treatment.",Mental health information for decisions that happen in real life.,Mental health information for decisions that happen in real life.,Branded informational,mental health articles & family guides,Indexable — included in sitemap,http://localhost:3000/blog,MedicalClinic; PostalAddress; GeoCoordinates; OpeningHoursSpecification; ContactPoint; Physician; WebSite; BreadcrumbList; ListItem,13 H2 / 0 H3 — When Should You See a Psychiatrist? A Practical Guide | Depression or Sadness? How to Understand the Difference | What Happens During a Panic Attack—and What Helps | OCD Is More Than Cleanliness: Hidden Symptoms Explained,"index, follow",Complete,13 images; 0 missing alt; responsive Next images detected: false,34 internal links; appointment linked,3 external links,No exact duplicate detected in initial pass,No material content issue,165 KB HTML; 13 images; lazy/responsive image review applied,viewport configured; semantic H1; image alt complete,appointment:true; call:true; WhatsApp:true; directions:true; local signals:true,canonical clinic/doctor naming consistent; no unsupported superlative detected,NO CHANGE,200,,889,None
/blog/adhd-assessment-what-to-expect,Medical informational page for adhd assessment what to expect,ADHD Assessment: What Children and Adults Can Expect,ADHD Assessment: What Children and Adults Can Expect,"ADHD diagnosis requires developmental history, cross-setting impairment and careful exclusion of sleep, mood, learning and medical causes.","ADHD diagnosis requires developmental history, cross-setting impairment and careful exclusion of sleep, mood, learning and medical causes.",ADHD Assessment: What Children and Adults Can Expect,ADHD Assessment: What Children and Adults Can Expect,Medical informational,adhd assessment: what children and adults can expect,Indexable — included in sitemap,http://localhost:3000/blog/adhd-assessment-what-to-expect,MedicalClinic; PostalAddress; GeoCoordinates; OpeningHoursSpecification; ContactPoint; Physician; WebSite; Article; Organization; BreadcrumbList; ListItem; FAQPage; Question; Answer,10 H2 / 3 H3 — Key points | What clinicians look for | Information across time and settings | Alternative and coexisting explanations,"index, follow",Complete,1 images; 0 missing alt; responsive Next images detected: false,27 internal links; appointment linked,5 external links,No exact duplicate detected in initial pass,No material content issue,167 KB HTML; 1 images; lazy/responsive image review applied,viewport configured; semantic H1; image alt complete,appointment:true; call:true; WhatsApp:true; directions:true; local signals:true,canonical clinic/doctor naming consistent; no unsupported superlative detected,NO CHANGE,200,,929,None
/blog/alcohol-withdrawal-safety,Medical informational page for alcohol withdrawal safety,Why Stopping Alcohol Suddenly Can Be Dangerous,Why Stopping Alcohol Suddenly Can Be Dangerous,Heavy or dependent alcohol use can cause dangerous withdrawal. Learn warning signs and why a medically planned approach matters.,Heavy or dependent alcohol use can cause dangerous withdrawal. Learn warning signs and why a medically planned approach matters.,Why Stopping Alcohol Suddenly Can Be Dangerous,Why Stopping Alcohol Suddenly Can Be Dangerous,Medical informational,why stopping alcohol suddenly can be dangerous,Indexable — included in sitemap,http://localhost:3000/blog/alcohol-withdrawal-safety,MedicalClinic; PostalAddress; GeoCoordinates; OpeningHoursSpecification; ContactPoint; Physician; WebSite; Article; Organization; BreadcrumbList; ListItem; FAQPage; Question; Answer,10 H2 / 2 H3 — Key points | Why withdrawal happens | Warning signs | When emergency care is needed,"index, follow",Complete,1 images; 0 missing alt; responsive Next images detected: false,25 internal links; appointment linked,5 external links,No exact duplicate detected in initial pass,No material content issue,165 KB HTML; 1 images; lazy/responsive image review applied,viewport configured; semantic H1; image alt complete,appointment:true; call:true; WhatsApp:true; directions:true; local signals:true,canonical clinic/doctor naming consistent; no unsupported superlative detected,NO CHANGE,200,,910,None
/blog/baby-blues-postpartum-depression-psychosis,Medical informational page for baby blues postpartum depression psychosis,"Baby Blues, Postpartum Depression or Postpartum Psychosis?","Baby Blues, Postpartum Depression or Postpartum Psychosis?","Understand common baby blues, treatable postpartum depression and emergency signs of postpartum psychosis after childbirth.","Understand common baby blues, treatable postpartum depression and emergency signs of postpartum psychosis after childbirth.","Baby Blues, Postpartum Depression or Postpartum Psychosis?","Baby Blues, Postpartum Depression or Postpartum Psychosis?",Medical informational,"baby blues, postpartum depression or postpartum psychosis?",Indexable — included in sitemap,http://localhost:3000/blog/baby-blues-postpartum-depression-psychosis,MedicalClinic; PostalAddress; GeoCoordinates; OpeningHoursSpecification; ContactPoint; Physician; WebSite; Article; Organization; BreadcrumbList; ListItem; FAQPage; Question; Answer,10 H2 / 2 H3 — Key points | Baby blues | Postpartum depression and anxiety | Postpartum psychosis,"index, follow",Complete,1 images; 0 missing alt; responsive Next images detected: false,26 internal links; appointment linked,5 external links,No exact duplicate detected in initial pass,No material content issue,166 KB HTML; 1 images; lazy/responsive image review applied,viewport configured; semantic H1; image alt complete,appointment:true; call:true; WhatsApp:true; directions:true; local signals:true,canonical clinic/doctor naming consistent; no unsupported superlative detected,NO CHANGE,200,,932,None
/blog/chronic-insomnia-guide,Medical informational page for chronic insomnia guide,A Better Way to Think About Chronic Insomnia,A Better Way to Think About Chronic Insomnia,"Why chronic insomnia is not solved by sleep hygiene alone, how CBT-I works, and when snoring or daytime sleepiness needs medical review.","Why chronic insomnia is not solved by sleep hygiene alone, how CBT-I works, and when snoring or daytime sleepiness needs medical review.",A Better Way to Think About Chronic Insomnia,A Better Way to Think About Chronic Insomnia,Medical informational,a better way to think about chronic insomnia,Indexable — included in sitemap,http://localhost:3000/blog/chronic-insomnia-guide,MedicalClinic; PostalAddress; GeoCoordinates; OpeningHoursSpecification; ContactPoint; Physician; WebSite; Article; Organization; BreadcrumbList; ListItem; FAQPage; Question; Answer,10 H2 / 3 H3 — Key points | What keeps insomnia going | What CBT-I does | Medicines and substances,"index, follow",Complete,1 images; 0 missing alt; responsive Next images detected: false,26 internal links; appointment linked,5 external links,No exact duplicate detected in initial pass,No material content issue,166 KB HTML; 1 images; lazy/responsive image review applied,viewport configured; semantic H1; image alt complete,appointment:true; call:true; WhatsApp:true; directions:true; local signals:true,canonical clinic/doctor naming consistent; no unsupported superlative detected,NO CHANGE,200,,934,None
/blog/depression-vs-sadness,Medical informational page for depression vs sadness,Depression or Sadness? How to Understand the Difference,Depression or Sadness? How to Understand the Difference,"Sadness is human; depression is a wider pattern affecting body, thinking and function. Learn signs that deserve a professional assessment.","Sadness is human; depression is a wider pattern affecting body, thinking and function. Learn signs that deserve a professional assessment.",Depression or Sadness? How to Understand the Difference,Depression or Sadness? How to Understand the Difference,Medical informational,depression or sadness? how to understand the difference,Indexable — included in sitemap,http://localhost:3000/blog/depression-vs-sadness,MedicalClinic; PostalAddress; GeoCoordinates; OpeningHoursSpecification; ContactPoint; Physician; WebSite; Article; Organization; BreadcrumbList; ListItem; FAQPage; Question; Answer,10 H2 / 3 H3 — Key points | Look beyond mood alone | Context still matters | Treatment is not one-size-fits-all,"index, follow",Complete,1 images; 0 missing alt; responsive Next images detected: false,26 internal links; appointment linked,5 external links,No exact duplicate detected in initial pass,No material content issue,168 KB HTML; 1 images; lazy/responsive image review applied,viewport configured; semantic H1; image alt complete,appointment:true; call:true; WhatsApp:true; directions:true; local signals:true,canonical clinic/doctor naming consistent; no unsupported superlative detected,NO CHANGE,200,,982,None
/blog/how-to-talk-to-someone-experiencing-psychosis,Medical informational page for how to talk to someone experiencing psychosis,How to Talk to Someone Who May Be Experiencing Psychosis,How to Talk to Someone Who May Be Experiencing Psychosis,"A calm, practical family guide to voices, suspicious beliefs, confusion and urgent warning signs in psychosis.","A calm, practical family guide to voices, suspicious beliefs, confusion and urgent warning signs in psychosis.",How to Talk to Someone Who May Be Experiencing Psychosis,How to Talk to Someone Who May Be Experiencing Psychosis,Medical informational,how to talk to someone who may be experiencing psychosis,Indexable — included in sitemap,http://localhost:3000/blog/how-to-talk-to-someone-experiencing-psychosis,MedicalClinic; PostalAddress; GeoCoordinates; OpeningHoursSpecification; ContactPoint; Physician; WebSite; Article; Organization; BreadcrumbList; ListItem; FAQPage; Question; Answer,10 H2 / 2 H3 — Key points | Start with safety and connection | What usually makes the situation harder | Encourage assessment,"index, follow",Complete,1 images; 0 missing alt; responsive Next images detected: false,26 internal links; appointment linked,5 external links,No exact duplicate detected in initial pass,No material content issue,165 KB HTML; 1 images; lazy/responsive image review applied,viewport configured; semantic H1; image alt complete,appointment:true; call:true; WhatsApp:true; directions:true; local signals:true,canonical clinic/doctor naming consistent; no unsupported superlative detected,NO CHANGE,200,,958,None
/blog/normal-ageing-or-memory-problem,Medical informational page for normal ageing or memory problem,Normal Ageing or a Memory Problem? Signs to Notice,Normal Ageing or a Memory Problem? Signs to Notice,"Learn which everyday memory lapses may be common and which changes in judgement, navigation or independence deserve assessment.","Learn which everyday memory lapses may be common and which changes in judgement, navigation or independence deserve assessment.",Normal Ageing or a Memory Problem? Signs to Notice,Normal Ageing or a Memory Problem? Signs to Notice,Medical informational,normal ageing or a memory problem? signs to notice,Indexable — included in sitemap,http://localhost:3000/blog/normal-ageing-or-memory-problem,MedicalClinic; PostalAddress; GeoCoordinates; OpeningHoursSpecification; ContactPoint; Physician; WebSite; Article; Organization; BreadcrumbList; ListItem; FAQPage; Question; Answer,9 H2 / 0 H3 — Key points | Changes that deserve attention | Not every memory problem is dementia | What an assessment may include,"index, follow",Complete,1 images; 0 missing alt; responsive Next images detected: false,25 internal links; appointment linked,5 external links,No exact duplicate detected in initial pass,No material content issue,160 KB HTML; 1 images; lazy/responsive image review applied,viewport configured; semantic H1; image alt complete,appointment:true; call:true; WhatsApp:true; directions:true; local signals:true,canonical clinic/doctor naming consistent; no unsupported superlative detected,NO CHANGE,200,,882,None
/blog/ocd-more-than-cleanliness,Medical informational page for ocd more than cleanliness,OCD Is More Than Cleanliness: Hidden Symptoms Explained,OCD Is More Than Cleanliness: Hidden Symptoms Explained,"Learn how intrusive thoughts, checking, mental rituals and reassurance can be part of OCD—and why thoughts do not define character.","Learn how intrusive thoughts, checking, mental rituals and reassurance can be part of OCD—and why thoughts do not define character.",OCD Is More Than Cleanliness: Hidden Symptoms Explained,OCD Is More Than Cleanliness: Hidden Symptoms Explained,Medical informational,ocd is more than cleanliness: hidden symptoms explained,Indexable — included in sitemap,http://localhost:3000/blog/ocd-more-than-cleanliness,MedicalClinic; PostalAddress; GeoCoordinates; OpeningHoursSpecification; ContactPoint; Physician; WebSite; Article; Organization; BreadcrumbList; ListItem; FAQPage; Question; Answer,10 H2 / 3 H3 — Key points | Obsessions and compulsions | Mental rituals can be easy to miss | Why reassurance has limits,"index, follow",Complete,1 images; 0 missing alt; responsive Next images detected: false,26 internal links; appointment linked,5 external links,No exact duplicate detected in initial pass,No material content issue,166 KB HTML; 1 images; lazy/responsive image review applied,viewport configured; semantic H1; image alt complete,appointment:true; call:true; WhatsApp:true; directions:true; local signals:true,canonical clinic/doctor naming consistent; no unsupported superlative detected,NO CHANGE,200,,925,None
/blog/panic-attack-what-happens-and-what-helps,Medical informational page for panic attack what happens and what helps,What Happens During a Panic Attack—and What Helps,What Happens During a Panic Attack—and What Helps,"Understand racing heart, breathlessness and fear during panic, when medical assessment is urgent, and how panic disorder is treated.","Understand racing heart, breathlessness and fear during panic, when medical assessment is urgent, and how panic disorder is treated.",What Happens During a Panic Attack—and What Helps,What Happens During a Panic Attack—and What Helps,Medical informational,what happens during a panic attack—and what helps,Indexable — included in sitemap,http://localhost:3000/blog/panic-attack-what-happens-and-what-helps,MedicalClinic; PostalAddress; GeoCoordinates; OpeningHoursSpecification; ContactPoint; Physician; WebSite; Article; Organization; BreadcrumbList; ListItem; FAQPage; Question; Answer,10 H2 / 3 H3 — Key points | The alarm response | Do not assume every symptom is panic | What to do during a known panic episode,"index, follow",Complete,1 images; 0 missing alt; responsive Next images detected: false,26 internal links; appointment linked,5 external links,No exact duplicate detected in initial pass,No material content issue,167 KB HTML; 1 images; lazy/responsive image review applied,viewport configured; semantic H1; image alt complete,appointment:true; call:true; WhatsApp:true; directions:true; local signals:true,canonical clinic/doctor naming consistent; no unsupported superlative detected,NO CHANGE,200,,966,None
/blog/questions-before-psychiatric-medication,Medical informational page for questions before psychiatric medication,Psychiatric Medication: Seven Questions Worth Asking,Psychiatric Medication: Seven Questions Worth Asking,"A shared-decision guide to the goal, benefits, side effects, monitoring, duration and safe stopping of psychiatric medication.","A shared-decision guide to the goal, benefits, side effects, monitoring, duration and safe stopping of psychiatric medication.",Psychiatric Medication: Seven Questions Worth Asking,Psychiatric Medication: Seven Questions Worth Asking,Medical informational,psychiatric medication: seven questions worth asking,Indexable — included in sitemap,http://localhost:3000/blog/questions-before-psychiatric-medication,MedicalClinic; PostalAddress; GeoCoordinates; OpeningHoursSpecification; ContactPoint; Physician; WebSite; Article; Organization; BreadcrumbList; ListItem; FAQPage; Question; Answer,"9 H2 / 0 H3 — Key points | Questions to take into the consultation | What ‘lowest effective dose’ means | Side effects are data, not a reason for silence","index, follow",Complete,1 images; 0 missing alt; responsive Next images detected: false,24 internal links; appointment linked,5 external links,No exact duplicate detected in initial pass,No material content issue,161 KB HTML; 1 images; lazy/responsive image review applied,viewport configured; semantic H1; image alt complete,appointment:true; call:true; WhatsApp:true; directions:true; local signals:true,canonical clinic/doctor naming consistent; no unsupported superlative detected,NO CHANGE,200,,935,None
/blog/when-should-a-child-see-a-psychiatrist,Medical informational page for when should a child see a psychiatrist,When Should a Child See a Psychiatrist?,When Should a Child See a Psychiatrist?,"A parent-friendly guide to emotional, behavioural, school and developmental changes that may deserve child psychiatry assessment.","A parent-friendly guide to emotional, behavioural, school and developmental changes that may deserve child psychiatry assessment.",When Should a Child See a Psychiatrist?,When Should a Child See a Psychiatrist?,Medical informational,when should a child see a psychiatrist?,Indexable — included in sitemap,http://localhost:3000/blog/when-should-a-child-see-a-psychiatrist,MedicalClinic; PostalAddress; GeoCoordinates; OpeningHoursSpecification; ContactPoint; Physician; WebSite; Article; Organization; BreadcrumbList; ListItem; FAQPage; Question; Answer,10 H2 / 1 H3 — Key points | Patterns worth noticing | What assessment involves | Parents are part of treatment,"index, follow",Complete,1 images; 0 missing alt; responsive Next images detected: false,26 internal links; appointment linked,5 external links,No exact duplicate detected in initial pass,No material content issue,163 KB HTML; 1 images; lazy/responsive image review applied,viewport configured; semantic H1; image alt complete,appointment:true; call:true; WhatsApp:true; directions:true; local signals:true,canonical clinic/doctor naming consistent; no unsupported superlative detected,NO CHANGE,200,,904,None
/blog/when-to-see-a-psychiatrist,Medical informational page for when to see a psychiatrist,When Should You See a Psychiatrist? A Practical Guide,When Should You See a Psychiatrist? A Practical Guide,"Learn which changes in mood, sleep, behaviour, substance use or memory suggest it is time to consult a psychiatrist in Vijayawada.","Learn which changes in mood, sleep, behaviour, substance use or memory suggest it is time to consult a psychiatrist in Vijayawada.",When Should You See a Psychiatrist? A Practical Guide,When Should You See a Psychiatrist? A Practical Guide,Medical informational,when should you see a psychiatrist? a practical guide,Indexable — included in sitemap,http://localhost:3000/blog/when-to-see-a-psychiatrist,MedicalClinic; PostalAddress; GeoCoordinates; OpeningHoursSpecification; ContactPoint; Physician; WebSite; Article; Organization; BreadcrumbList; ListItem; FAQPage; Question; Answer,10 H2 / 3 H3 — Key points | What a psychiatrist can help assess | Four questions that can guide the decision | When not to wait for an appointment,"index, follow",Complete,1 images; 0 missing alt; responsive Next images detected: false,26 internal links; appointment linked,5 external links,No exact duplicate detected in initial pass,No material content issue,170 KB HTML; 1 images; lazy/responsive image review applied,viewport configured; semantic H1; image alt complete,appointment:true; call:true; WhatsApp:true; directions:true; local signals:true,canonical clinic/doctor naming consistent; no unsupported superlative detected,NO CHANGE,200,,1127,None
/conditions,Branded informational page for conditions,Mental Health Conditions We Treat,Mental Health Conditions We Treat,"Explore clear, evidence-based guides to depression, anxiety, OCD, bipolar disorder, psychosis, addiction, sleep, child psychiatry, memory and more.","Explore clear, evidence-based guides to depression, anxiety, OCD, bipolar disorder, psychosis, addiction, sleep, child psychiatry, memory and more.",Understand the pattern. Find the right next step.,Understand the pattern. Find the right next step.,Branded informational,mental health conditions we treat,Indexable — included in sitemap,http://localhost:3000/conditions,MedicalClinic; PostalAddress; GeoCoordinates; OpeningHoursSpecification; ContactPoint; Physician; WebSite; BreadcrumbList; ListItem,31 H2 / 0 H3 — Depression | Anxiety | Panic Disorder | Obsessive-Compulsive Disorder (OCD),"index, follow",Complete,31 images; 0 missing alt; responsive Next images detected: false,46 internal links; appointment linked,3 external links,No exact duplicate detected in initial pass,No material content issue,236 KB HTML; 31 images; lazy/responsive image review applied,viewport configured; semantic H1; image alt complete,appointment:true; call:true; WhatsApp:true; directions:true; local signals:true,canonical clinic/doctor naming consistent; no unsupported superlative detected,NO CHANGE,200,,1273,None
/conditions/adhd,Medical informational with consultation intent page for adhd,ADHD Treatment in Vijayawada | Krishna Neuro,ADHD Treatment in Vijayawada | Krishna Neuro,"ADHD affects attention, impulse control and activity regulation across settings. Learn about assessment and treatment options at Krishna Neuro, Vijayawada.","ADHD affects attention, impulse control and activity regulation across settings. Learn about assessment and treatment options at Krishna Neuro, Vijayawada.",ADHD Treatment in Vijayawada,ADHD Treatment in Vijayawada,Medical informational with consultation intent,adhd treatment in vijayawada | krishna neuro,Indexable — included in sitemap,http://localhost:3000/conditions/adhd,MedicalClinic; PostalAddress; GeoCoordinates; OpeningHoursSpecification; ContactPoint; Physician; WebSite; MedicalWebPage; MedicalCondition; BreadcrumbList; ListItem; FAQPage; Question; Answer,11 H2 / 8 H3 — What Is ADHD ? | Symptoms of ADHD | Causes and Risk Factors | How Is ADHD Diagnosed?,"index, follow",Complete,1 images; 0 missing alt; responsive Next images detected: false,28 internal links; appointment linked,3 external links,No exact duplicate detected in initial pass,No material content issue,194 KB HTML; 1 images; lazy/responsive image review applied,viewport configured; semantic H1; image alt complete,appointment:true; call:true; WhatsApp:true; directions:true; local signals:true,canonical clinic/doctor naming consistent; no unsupported superlative detected,NO CHANGE,200,,1077,None
/conditions/adolescent-psychiatry,Medical informational with consultation intent page for adolescent psychiatry,Adolescent Psychiatry Treatment in Vijayawada | Krishna Neuro,Adolescent Psychiatry Treatment in Vijayawada | Krishna Neuro,"Adolescence brings rapid change. Learn about assessment and treatment options at Krishna Neuro, Vijayawada.","Adolescence brings rapid change. Learn about assessment and treatment options at Krishna Neuro, Vijayawada.",Adolescent Psychiatry Treatment in Vijayawada,Adolescent Psychiatry Treatment in Vijayawada,Medical informational with consultation intent,adolescent psychiatry treatment in vijayawada | krishna neuro,Indexable — included in sitemap,http://localhost:3000/conditions/adolescent-psychiatry,MedicalClinic; PostalAddress; GeoCoordinates; OpeningHoursSpecification; ContactPoint; Physician; WebSite; MedicalWebPage; MedicalCondition; BreadcrumbList; ListItem; FAQPage; Question; Answer,11 H2 / 8 H3 — What Is Adolescent Psychiatry ? | Symptoms of Adolescent Psychiatry | Causes and Risk Factors | How Is Adolescent Psychiatry Diagnosed?,"index, follow",Complete,1 images; 0 missing alt; responsive Next images detected: false,28 internal links; appointment linked,3 external links,No exact duplicate detected in initial pass,No material content issue,200 KB HTML; 1 images; lazy/responsive image review applied,viewport configured; semantic H1; image alt complete,appointment:true; call:true; WhatsApp:true; directions:true; local signals:true,canonical clinic/doctor naming consistent; no unsupported superlative detected,NO CHANGE,200,,1144,None
/conditions/alcohol-addiction,Medical informational with consultation intent page for alcohol addiction,Alcohol Addiction Treatment in Vijayawada | Krishna Neuro,Alcohol Addiction Treatment in Vijayawada | Krishna Neuro,"Alcohol dependence is a health condition, not a lack of willpower. Learn about assessment and treatment options at Krishna Neuro, Vijayawada.","Alcohol dependence is a health condition, not a lack of willpower. Learn about assessment and treatment options at Krishna Neuro, Vijayawada.",Alcohol Addiction Treatment in Vijayawada,Alcohol Addiction Treatment in Vijayawada,Medical informational with consultation intent,alcohol addiction treatment in vijayawada | krishna neuro,Indexable — included in sitemap,http://localhost:3000/conditions/alcohol-addiction,MedicalClinic; PostalAddress; GeoCoordinates; OpeningHoursSpecification; ContactPoint; Physician; WebSite; MedicalWebPage; MedicalCondition; BreadcrumbList; ListItem; FAQPage; Question; Answer,11 H2 / 8 H3 — What Is Alcohol Addiction ? | Symptoms of Alcohol Addiction | Causes and Risk Factors | How Is Alcohol Addiction Diagnosed?,"index, follow",Complete,1 images; 0 missing alt; responsive Next images detected: false,26 internal links; appointment linked,3 external links,No exact duplicate detected in initial pass,No material content issue,196 KB HTML; 1 images; lazy/responsive image review applied,viewport configured; semantic H1; image alt complete,appointment:true; call:true; WhatsApp:true; directions:true; local signals:true,canonical clinic/doctor naming consistent; no unsupported superlative detected,NO CHANGE,200,,1126,None
/conditions/alzheimers-disease,Medical informational with consultation intent page for alzheimers disease,Alzheimer's Disease Treatment in Vijayawada | Krishna Neuro,Alzheimer's Disease Treatment in Vijayawada | Krishna Neuro,"Alzheimer's disease is a common cause of dementia. Learn about assessment and treatment options at Krishna Neuro, Vijayawada.","Alzheimer's disease is a common cause of dementia. Learn about assessment and treatment options at Krishna Neuro, Vijayawada.",Alzheimer's Disease Treatment in Vijayawada,Alzheimer's Disease Treatment in Vijayawada,Medical informational with consultation intent,alzheimer's disease treatment in vijayawada | krishna neuro,Indexable — included in sitemap,http://localhost:3000/conditions/alzheimers-disease,MedicalClinic; PostalAddress; GeoCoordinates; OpeningHoursSpecification; ContactPoint; Physician; WebSite; MedicalWebPage; MedicalCondition; BreadcrumbList; ListItem; FAQPage; Question; Answer,11 H2 / 8 H3 — What Is Alzheimer's Disease ? | Symptoms of Alzheimer's Disease | Causes and Risk Factors | How Is Alzheimer's Disease Diagnosed?,"index, follow",Complete,1 images; 0 missing alt; responsive Next images detected: false,29 internal links; appointment linked,3 external links,No exact duplicate detected in initial pass,No material content issue,196 KB HTML; 1 images; lazy/responsive image review applied,viewport configured; semantic H1; image alt complete,appointment:true; call:true; WhatsApp:true; directions:true; local signals:true,canonical clinic/doctor naming consistent; no unsupported superlative detected,NO CHANGE,200,,1105,None
/conditions/anxiety,Medical informational with consultation intent page for anxiety,Anxiety Treatment in Vijayawada | Krishna Neuro,Anxiety Treatment in Vijayawada | Krishna Neuro,"When worry and physical tension feel difficult to control, structured treatment can hel…. Learn about assessment and treatment options at Krishna Neuro, Vijayawada.","When worry and physical tension feel difficult to control, structured treatment can hel…. Learn about assessment and treatment options at Krishna Neuro, Vijayawada.",Anxiety Treatment in Vijayawada,Anxiety Treatment in Vijayawada,Medical informational with consultation intent,anxiety treatment in vijayawada | krishna neuro,Indexable — included in sitemap,http://localhost:3000/conditions/anxiety,MedicalClinic; PostalAddress; GeoCoordinates; OpeningHoursSpecification; ContactPoint; Physician; WebSite; MedicalWebPage; MedicalCondition; BreadcrumbList; ListItem; FAQPage; Question; Answer,11 H2 / 8 H3 — What Is Anxiety ? | Symptoms of Anxiety | Causes and Risk Factors | How Is Anxiety Diagnosed?,"index, follow",Complete,1 images; 0 missing alt; responsive Next images detected: false,26 internal links; appointment linked,3 external links,No exact duplicate detected in initial pass,No material content issue,192 KB HTML; 1 images; lazy/responsive image review applied,viewport configured; semantic H1; image alt complete,appointment:true; call:true; WhatsApp:true; directions:true; local signals:true,canonical clinic/doctor naming consistent; no unsupported superlative detected,NO CHANGE,200,,1078,None
/conditions/autism,Medical informational with consultation intent page for autism,Autism Treatment in Vijayawada | Krishna Neuro,Autism Treatment in Vijayawada | Krishna Neuro,"Autism is a neurodevelopmental difference affecting communication, social interaction,…. Learn about assessment and treatment options at Krishna Neuro, Vijayawada.","Autism is a neurodevelopmental difference affecting communication, social interaction,…. Learn about assessment and treatment options at Krishna Neuro, Vijayawada.",Autism Treatment in Vijayawada,Autism Treatment in Vijayawada,Medical informational with consultation intent,autism treatment in vijayawada | krishna neuro,Indexable — included in sitemap,http://localhost:3000/conditions/autism,MedicalClinic; PostalAddress; GeoCoordinates; OpeningHoursSpecification; ContactPoint; Physician; WebSite; MedicalWebPage; MedicalCondition; BreadcrumbList; ListItem; FAQPage; Question; Answer,11 H2 / 8 H3 — What Is Autism ? | Symptoms of Autism | Causes and Risk Factors | How Is Autism Diagnosed?,"index, follow",Complete,1 images; 0 missing alt; responsive Next images detected: false,30 internal links; appointment linked,3 external links,No exact duplicate detected in initial pass,No material content issue,196 KB HTML; 1 images; lazy/responsive image review applied,viewport configured; semantic H1; image alt complete,appointment:true; call:true; WhatsApp:true; directions:true; local signals:true,canonical clinic/doctor naming consistent; no unsupported superlative detected,NO CHANGE,200,,1084,None
/conditions/behavior-problems,Medical informational with consultation intent page for behavior problems,Behavior Problems Treatment in Vijayawada | Krishna Neuro,Behavior Problems Treatment in Vijayawada | Krishna Neuro,"Repeated aggression, defiance or rule-breaking may communicate unmet developmental, emo…. Learn about assessment and treatment options at Krishna Neuro, Vijayawada.","Repeated aggression, defiance or rule-breaking may communicate unmet developmental, emo…. Learn about assessment and treatment options at Krishna Neuro, Vijayawada.",Behavior Problems Treatment in Vijayawada,Behavior Problems Treatment in Vijayawada,Medical informational with consultation intent,behavior problems treatment in vijayawada | krishna neuro,Indexable — included in sitemap,http://localhost:3000/conditions/behavior-problems,MedicalClinic; PostalAddress; GeoCoordinates; OpeningHoursSpecification; ContactPoint; Physician; WebSite; MedicalWebPage; MedicalCondition; BreadcrumbList; ListItem; FAQPage; Question; Answer,11 H2 / 8 H3 — What Is Behavior Problems ? | Symptoms of Behavior Problems | Causes and Risk Factors | How Is Behavior Problems Diagnosed?,"index, follow",Complete,1 images; 0 missing alt; responsive Next images detected: false,30 internal links; appointment linked,3 external links,No exact duplicate detected in initial pass,No material content issue,196 KB HTML; 1 images; lazy/responsive image review applied,viewport configured; semantic H1; image alt complete,appointment:true; call:true; WhatsApp:true; directions:true; local signals:true,canonical clinic/doctor naming consistent; no unsupported superlative detected,NO CHANGE,200,,1085,None
/conditions/bipolar-disorder,Medical informational with consultation intent page for bipolar disorder,Bipolar Disorder Treatment in Vijayawada | Krishna Neuro,Bipolar Disorder Treatment in Vijayawada | Krishna Neuro,"Bipolar disorder causes distinct episodes of unusually elevated or irritable mood and o…. Learn about assessment and treatment options at Krishna Neuro, Vijayawada.","Bipolar disorder causes distinct episodes of unusually elevated or irritable mood and o…. Learn about assessment and treatment options at Krishna Neuro, Vijayawada.",Bipolar Disorder Treatment in Vijayawada,Bipolar Disorder Treatment in Vijayawada,Medical informational with consultation intent,bipolar disorder treatment in vijayawada | krishna neuro,Indexable — included in sitemap,http://localhost:3000/conditions/bipolar-disorder,MedicalClinic; PostalAddress; GeoCoordinates; OpeningHoursSpecification; ContactPoint; Physician; WebSite; MedicalWebPage; MedicalCondition; BreadcrumbList; ListItem; FAQPage; Question; Answer,11 H2 / 8 H3 — What Is Bipolar Disorder ? | Symptoms of Bipolar Disorder | Causes and Risk Factors | How Is Bipolar Disorder Diagnosed?,"index, follow",Complete,1 images; 0 missing alt; responsive Next images detected: false,28 internal links; appointment linked,3 external links,No exact duplicate detected in initial pass,No material content issue,200 KB HTML; 1 images; lazy/responsive image review applied,viewport configured; semantic H1; image alt complete,appointment:true; call:true; WhatsApp:true; directions:true; local signals:true,canonical clinic/doctor naming consistent; no unsupported superlative detected,NO CHANGE,200,,1183,None
/conditions/child-psychiatry,Medical informational with consultation intent page for child psychiatry,Child Psychiatry Treatment in Vijayawada | Krishna Neuro,Child Psychiatry Treatment in Vijayawada | Krishna Neuro,"Children express distress through behaviour, body complaints, sleep and school changes. Learn about assessment and treatment options at Krishna Neuro, Vijayawada.","Children express distress through behaviour, body complaints, sleep and school changes. Learn about assessment and treatment options at Krishna Neuro, Vijayawada.",Child Psychiatry Treatment in Vijayawada,Child Psychiatry Treatment in Vijayawada,Medical informational with consultation intent,child psychiatry treatment in vijayawada | krishna neuro,Indexable — included in sitemap,http://localhost:3000/conditions/child-psychiatry,MedicalClinic; PostalAddress; GeoCoordinates; OpeningHoursSpecification; ContactPoint; Physician; WebSite; MedicalWebPage; MedicalCondition; BreadcrumbList; ListItem; FAQPage; Question; Answer,11 H2 / 8 H3 — What Is Child Psychiatry ? | Symptoms of Child Psychiatry | Causes and Risk Factors | How Is Child Psychiatry Diagnosed?,"index, follow",Complete,1 images; 0 missing alt; responsive Next images detected: false,28 internal links; appointment linked,3 external links,No exact duplicate detected in initial pass,No material content issue,194 KB HTML; 1 images; lazy/responsive image review applied,viewport configured; semantic H1; image alt complete,appointment:true; call:true; WhatsApp:true; directions:true; local signals:true,canonical clinic/doctor naming consistent; no unsupported superlative detected,NO CHANGE,200,,1097,None
/conditions/dementia,Medical informational with consultation intent page for dementia,Dementia Treatment in Vijayawada | Krishna Neuro,Dementia Treatment in Vijayawada | Krishna Neuro,"Dementia affects thinking enough to interfere with independence. Learn about assessment and treatment options at Krishna Neuro, Vijayawada.","Dementia affects thinking enough to interfere with independence. Learn about assessment and treatment options at Krishna Neuro, Vijayawada.",Dementia Treatment in Vijayawada,Dementia Treatment in Vijayawada,Medical informational with consultation intent,dementia treatment in vijayawada | krishna neuro,Indexable — included in sitemap,http://localhost:3000/conditions/dementia,MedicalClinic; PostalAddress; GeoCoordinates; OpeningHoursSpecification; ContactPoint; Physician; WebSite; MedicalWebPage; MedicalCondition; BreadcrumbList; ListItem; FAQPage; Question; Answer,11 H2 / 8 H3 — What Is Dementia ? | Symptoms of Dementia | Causes and Risk Factors | How Is Dementia Diagnosed?,"index, follow",Complete,1 images; 0 missing alt; responsive Next images detected: false,27 internal links; appointment linked,3 external links,No exact duplicate detected in initial pass,No material content issue,193 KB HTML; 1 images; lazy/responsive image review applied,viewport configured; semantic H1; image alt complete,appointment:true; call:true; WhatsApp:true; directions:true; local signals:true,canonical clinic/doctor naming consistent; no unsupported superlative detected,NO CHANGE,200,,1075,None
/conditions/depression,Medical informational with consultation intent page for depression,Depression Treatment in Vijayawada | Krishna Neuro,Depression Treatment in Vijayawada | Krishna Neuro,"Persistent low mood or loss of interest can affect sleep, energy, thinking and hope. Learn about assessment and treatment options at Krishna Neuro, Vijayawada.","Persistent low mood or loss of interest can affect sleep, energy, thinking and hope. Learn about assessment and treatment options at Krishna Neuro, Vijayawada.",Depression Treatment in Vijayawada,Depression Treatment in Vijayawada,Medical informational with consultation intent,depression treatment in vijayawada | krishna neuro,Indexable — included in sitemap,http://localhost:3000/conditions/depression,MedicalClinic; PostalAddress; GeoCoordinates; OpeningHoursSpecification; ContactPoint; Physician; WebSite; MedicalWebPage; MedicalCondition; BreadcrumbList; ListItem; FAQPage; Question; Answer,11 H2 / 8 H3 — What Is Depression ? | Symptoms of Depression | Causes and Risk Factors | How Is Depression Diagnosed?,"index, follow",Complete,1 images; 0 missing alt; responsive Next images detected: false,26 internal links; appointment linked,3 external links,No exact duplicate detected in initial pass,No material content issue,196 KB HTML; 1 images; lazy/responsive image review applied,viewport configured; semantic H1; image alt complete,appointment:true; call:true; WhatsApp:true; directions:true; local signals:true,canonical clinic/doctor naming consistent; no unsupported superlative detected,NO CHANGE,200,,1155,None
/conditions/drug-addiction,Medical informational with consultation intent page for drug addiction,Drug Addiction Treatment in Vijayawada | Krishna Neuro,Drug Addiction Treatment in Vijayawada | Krishna Neuro,"Dependence on prescription or illicit drugs can change judgement and health. Learn about assessment and treatment options at Krishna Neuro, Vijayawada.","Dependence on prescription or illicit drugs can change judgement and health. Learn about assessment and treatment options at Krishna Neuro, Vijayawada.",Drug Addiction Treatment in Vijayawada,Drug Addiction Treatment in Vijayawada,Medical informational with consultation intent,drug addiction treatment in vijayawada | krishna neuro,Indexable — included in sitemap,http://localhost:3000/conditions/drug-addiction,MedicalClinic; PostalAddress; GeoCoordinates; OpeningHoursSpecification; ContactPoint; Physician; WebSite; MedicalWebPage; MedicalCondition; BreadcrumbList; ListItem; FAQPage; Question; Answer,11 H2 / 8 H3 — What Is Drug Addiction ? | Symptoms of Drug Addiction | Causes and Risk Factors | How Is Drug Addiction Diagnosed?,"index, follow",Complete,1 images; 0 missing alt; responsive Next images detected: false,28 internal links; appointment linked,3 external links,No exact duplicate detected in initial pass,No material content issue,199 KB HTML; 1 images; lazy/responsive image review applied,viewport configured; semantic H1; image alt complete,appointment:true; call:true; WhatsApp:true; directions:true; local signals:true,canonical clinic/doctor naming consistent; no unsupported superlative detected,NO CHANGE,200,,1146,None
/conditions/family-counselling,Medical informational with consultation intent page for family counselling,Family Counselling Treatment in Vijayawada | Krishna Neuro,Family Counselling Treatment in Vijayawada | Krishna Neuro,"Families can become powerful partners in recovery when they understand illness, communi…. Learn about assessment and treatment options at Krishna Neuro, Vijayawada.","Families can become powerful partners in recovery when they understand illness, communi…. Learn about assessment and treatment options at Krishna Neuro, Vijayawada.",Family Counselling Treatment in Vijayawada,Family Counselling Treatment in Vijayawada,Medical informational with consultation intent,family counselling treatment in vijayawada | krishna neuro,Indexable — included in sitemap,http://localhost:3000/conditions/family-counselling,MedicalClinic; PostalAddress; GeoCoordinates; OpeningHoursSpecification; ContactPoint; Physician; WebSite; MedicalWebPage; MedicalCondition; BreadcrumbList; ListItem; FAQPage; Question; Answer,11 H2 / 8 H3 — What Is Family Counselling ? | Symptoms of Family Counselling | Causes and Risk Factors | How Is Family Counselling Diagnosed?,"index, follow",Complete,1 images; 0 missing alt; responsive Next images detected: false,29 internal links; appointment linked,3 external links,No exact duplicate detected in initial pass,No material content issue,196 KB HTML; 1 images; lazy/responsive image review applied,viewport configured; semantic H1; image alt complete,appointment:true; call:true; WhatsApp:true; directions:true; local signals:true,canonical clinic/doctor naming consistent; no unsupported superlative detected,NO CHANGE,200,,1077,None
/conditions/grief-counselling,Medical informational with consultation intent page for grief counselling,Grief Counselling Treatment in Vijayawada | Krishna Neuro,Grief Counselling Treatment in Vijayawada | Krishna Neuro,"Grief has no single timetable. Learn about assessment and treatment options at Krishna Neuro, Vijayawada.","Grief has no single timetable. Learn about assessment and treatment options at Krishna Neuro, Vijayawada.",Grief Counselling Treatment in Vijayawada,Grief Counselling Treatment in Vijayawada,Medical informational with consultation intent,grief counselling treatment in vijayawada | krishna neuro,Indexable — included in sitemap,http://localhost:3000/conditions/grief-counselling,MedicalClinic; PostalAddress; GeoCoordinates; OpeningHoursSpecification; ContactPoint; Physician; WebSite; MedicalWebPage; MedicalCondition; BreadcrumbList; ListItem; FAQPage; Question; Answer,11 H2 / 8 H3 — What Is Grief Counselling ? | Symptoms of Grief Counselling | Causes and Risk Factors | How Is Grief Counselling Diagnosed?,"index, follow",Complete,1 images; 0 missing alt; responsive Next images detected: false,29 internal links; appointment linked,3 external links,No exact duplicate detected in initial pass,No material content issue,196 KB HTML; 1 images; lazy/responsive image review applied,viewport configured; semantic H1; image alt complete,appointment:true; call:true; WhatsApp:true; directions:true; local signals:true,canonical clinic/doctor naming consistent; no unsupported superlative detected,NO CHANGE,200,,1106,None
/conditions/learning-disorders,Medical informational with consultation intent page for learning disorders,Learning Disorders Treatment in Vijayawada | Krishna Neuro,Learning Disorders Treatment in Vijayawada | Krishna Neuro,"Persistent difficulty with reading, writing or mathematics is not laziness. Learn about assessment and treatment options at Krishna Neuro, Vijayawada.","Persistent difficulty with reading, writing or mathematics is not laziness. Learn about assessment and treatment options at Krishna Neuro, Vijayawada.",Learning Disorders Treatment in Vijayawada,Learning Disorders Treatment in Vijayawada,Medical informational with consultation intent,learning disorders treatment in vijayawada | krishna neuro,Indexable — included in sitemap,http://localhost:3000/conditions/learning-disorders,MedicalClinic; PostalAddress; GeoCoordinates; OpeningHoursSpecification; ContactPoint; Physician; WebSite; MedicalWebPage; MedicalCondition; BreadcrumbList; ListItem; FAQPage; Question; Answer,11 H2 / 8 H3 — What Is Learning Disorders ? | Symptoms of Learning Disorders | Causes and Risk Factors | How Is Learning Disorders Diagnosed?,"index, follow",Complete,1 images; 0 missing alt; responsive Next images detected: false,28 internal links; appointment linked,3 external links,No exact duplicate detected in initial pass,No material content issue,193 KB HTML; 1 images; lazy/responsive image review applied,viewport configured; semantic H1; image alt complete,appointment:true; call:true; WhatsApp:true; directions:true; local signals:true,canonical clinic/doctor naming consistent; no unsupported superlative detected,NO CHANGE,200,,1074,None
/conditions/memory-problems,Medical informational with consultation intent page for memory problems,Memory Problems Treatment in Vijayawada | Krishna Neuro,Memory Problems Treatment in Vijayawada | Krishna Neuro,"Forgetfulness can come from stress, sleep, depression, medicines or neurological illness. Learn about assessment and treatment options at Krishna Neuro, Vijayawada.","Forgetfulness can come from stress, sleep, depression, medicines or neurological illness. Learn about assessment and treatment options at Krishna Neuro, Vijayawada.",Memory Problems Treatment in Vijayawada,Memory Problems Treatment in Vijayawada,Medical informational with consultation intent,memory problems treatment in vijayawada | krishna neuro,Indexable — included in sitemap,http://localhost:3000/conditions/memory-problems,MedicalClinic; PostalAddress; GeoCoordinates; OpeningHoursSpecification; ContactPoint; Physician; WebSite; MedicalWebPage; MedicalCondition; BreadcrumbList; ListItem; FAQPage; Question; Answer,11 H2 / 8 H3 — What Is Memory Problems ? | Symptoms of Memory Problems | Causes and Risk Factors | How Is Memory Problems Diagnosed?,"index, follow",Complete,1 images; 0 missing alt; responsive Next images detected: false,27 internal links; appointment linked,3 external links,No exact duplicate detected in initial pass,No material content issue,193 KB HTML; 1 images; lazy/responsive image review applied,viewport configured; semantic H1; image alt complete,appointment:true; call:true; WhatsApp:true; directions:true; local signals:true,canonical clinic/doctor naming consistent; no unsupported superlative detected,NO CHANGE,200,,1076,None
/conditions/ocd,Medical informational with consultation intent page for ocd,OCD Treatment in Vijayawada | Krishna Neuro,OCD Treatment in Vijayawada | Krishna Neuro,"Unwanted thoughts and repeated rituals can consume time and cause distress. Learn about assessment and treatment options at Krishna Neuro, Vijayawada.","Unwanted thoughts and repeated rituals can consume time and cause distress. Learn about assessment and treatment options at Krishna Neuro, Vijayawada.",OCD Treatment in Vijayawada,OCD Treatment in Vijayawada,Medical informational with consultation intent,ocd treatment in vijayawada | krishna neuro,Indexable — included in sitemap,http://localhost:3000/conditions/ocd,MedicalClinic; PostalAddress; GeoCoordinates; OpeningHoursSpecification; ContactPoint; Physician; WebSite; MedicalWebPage; MedicalCondition; BreadcrumbList; ListItem; FAQPage; Question; Answer,11 H2 / 8 H3 — What Is Obsessive-Compulsive Disorder (OCD) ? | Symptoms of Obsessive-Compulsive Disorder (OCD) | Causes and Risk Factors | How Is Obsessive-Compulsive Disorder (OCD) Diagnosed?,"index, follow",Complete,1 images; 0 missing alt; responsive Next images detected: false,26 internal links; appointment linked,3 external links,No exact duplicate detected in initial pass,No material content issue,193 KB HTML; 1 images; lazy/responsive image review applied,viewport configured; semantic H1; image alt complete,appointment:true; call:true; WhatsApp:true; directions:true; local signals:true,canonical clinic/doctor naming consistent; no unsupported superlative detected,NO CHANGE,200,,1110,None
/conditions/old-age-psychiatry,Medical informational with consultation intent page for old age psychiatry,Old Age Psychiatry Treatment in Vijayawada | Krishna Neuro,Old Age Psychiatry Treatment in Vijayawada | Krishna Neuro,"Later-life mental health care considers mood, memory, medicines, physical illness, inde…. Learn about assessment and treatment options at Krishna Neuro, Vijayawada.","Later-life mental health care considers mood, memory, medicines, physical illness, inde…. Learn about assessment and treatment options at Krishna Neuro, Vijayawada.",Old Age Psychiatry Treatment in Vijayawada,Old Age Psychiatry Treatment in Vijayawada,Medical informational with consultation intent,old age psychiatry treatment in vijayawada | krishna neuro,Indexable — included in sitemap,http://localhost:3000/conditions/old-age-psychiatry,MedicalClinic; PostalAddress; GeoCoordinates; OpeningHoursSpecification; ContactPoint; Physician; WebSite; MedicalWebPage; MedicalCondition; BreadcrumbList; ListItem; FAQPage; Question; Answer,11 H2 / 8 H3 — What Is Old Age Psychiatry ? | Symptoms of Old Age Psychiatry | Causes and Risk Factors | How Is Old Age Psychiatry Diagnosed?,"index, follow",Complete,1 images; 0 missing alt; responsive Next images detected: false,27 internal links; appointment linked,3 external links,No exact duplicate detected in initial pass,No material content issue,193 KB HTML; 1 images; lazy/responsive image review applied,viewport configured; semantic H1; image alt complete,appointment:true; call:true; WhatsApp:true; directions:true; local signals:true,canonical clinic/doctor naming consistent; no unsupported superlative detected,NO CHANGE,200,,1092,None
/conditions/panic-disorder,Medical informational with consultation intent page for panic disorder,Panic Disorder Treatment in Vijayawada | Krishna Neuro,Panic Disorder Treatment in Vijayawada | Krishna Neuro,"Repeated panic attacks can feel dangerous, even when tests are normal. Learn about assessment and treatment options at Krishna Neuro, Vijayawada.","Repeated panic attacks can feel dangerous, even when tests are normal. Learn about assessment and treatment options at Krishna Neuro, Vijayawada.",Panic Disorder Treatment in Vijayawada,Panic Disorder Treatment in Vijayawada,Medical informational with consultation intent,panic disorder treatment in vijayawada | krishna neuro,Indexable — included in sitemap,http://localhost:3000/conditions/panic-disorder,MedicalClinic; PostalAddress; GeoCoordinates; OpeningHoursSpecification; ContactPoint; Physician; WebSite; MedicalWebPage; MedicalCondition; BreadcrumbList; ListItem; FAQPage; Question; Answer,11 H2 / 8 H3 — What Is Panic Disorder ? | Symptoms of Panic Disorder | Causes and Risk Factors | How Is Panic Disorder Diagnosed?,"index, follow",Complete,1 images; 0 missing alt; responsive Next images detected: false,25 internal links; appointment linked,3 external links,No exact duplicate detected in initial pass,No material content issue,193 KB HTML; 1 images; lazy/responsive image review applied,viewport configured; semantic H1; image alt complete,appointment:true; call:true; WhatsApp:true; directions:true; local signals:true,canonical clinic/doctor naming consistent; no unsupported superlative detected,NO CHANGE,200,,1079,None
/conditions/personality-disorders,Medical informational with consultation intent page for personality disorders,Personality Disorders Treatment in Vijayawada | Krishna Neuro,Personality Disorders Treatment in Vijayawada | Krishna Neuro,"Long-standing patterns of emotion, relationships and coping can become painful or infle…. Learn about assessment and treatment options at Krishna Neuro, Vijayawada.","Long-standing patterns of emotion, relationships and coping can become painful or infle…. Learn about assessment and treatment options at Krishna Neuro, Vijayawada.",Personality Disorders Treatment in Vijayawada,Personality Disorders Treatment in Vijayawada,Medical informational with consultation intent,personality disorders treatment in vijayawada | krishna neuro,Indexable — included in sitemap,http://localhost:3000/conditions/personality-disorders,MedicalClinic; PostalAddress; GeoCoordinates; OpeningHoursSpecification; ContactPoint; Physician; WebSite; MedicalWebPage; MedicalCondition; BreadcrumbList; ListItem; FAQPage; Question; Answer,11 H2 / 8 H3 — What Is Personality Disorders ? | Symptoms of Personality Disorders | Causes and Risk Factors | How Is Personality Disorders Diagnosed?,"index, follow",Complete,1 images; 0 missing alt; responsive Next images detected: false,29 internal links; appointment linked,3 external links,No exact duplicate detected in initial pass,No material content issue,197 KB HTML; 1 images; lazy/responsive image review applied,viewport configured; semantic H1; image alt complete,appointment:true; call:true; WhatsApp:true; directions:true; local signals:true,canonical clinic/doctor naming consistent; no unsupported superlative detected,NO CHANGE,200,,1098,None
/conditions/postpartum-depression,Medical informational with consultation intent page for postpartum depression,Postpartum Depression Treatment in Vijayawada | Krishna Neuro,Postpartum Depression Treatment in Vijayawada | Krishna Neuro,"Depression after childbirth is common, treatable and never a sign of being a bad parent. Learn about assessment and treatment options at Krishna Neuro, Vijayawada.","Depression after childbirth is common, treatable and never a sign of being a bad parent. Learn about assessment and treatment options at Krishna Neuro, Vijayawada.",Postpartum Depression Treatment in Vijayawada,Postpartum Depression Treatment in Vijayawada,Medical informational with consultation intent,postpartum depression treatment in vijayawada | krishna neuro,Indexable — included in sitemap,http://localhost:3000/conditions/postpartum-depression,MedicalClinic; PostalAddress; GeoCoordinates; OpeningHoursSpecification; ContactPoint; Physician; WebSite; MedicalWebPage; MedicalCondition; BreadcrumbList; ListItem; FAQPage; Question; Answer,11 H2 / 8 H3 — What Is Postpartum Depression ? | Symptoms of Postpartum Depression | Causes and Risk Factors | How Is Postpartum Depression Diagnosed?,"index, follow",Complete,1 images; 0 missing alt; responsive Next images detected: false,25 internal links; appointment linked,3 external links,No exact duplicate detected in initial pass,No material content issue,197 KB HTML; 1 images; lazy/responsive image review applied,viewport configured; semantic H1; image alt complete,appointment:true; call:true; WhatsApp:true; directions:true; local signals:true,canonical clinic/doctor naming consistent; no unsupported superlative detected,NO CHANGE,200,,1124,None
/conditions/psychosis,Medical informational with consultation intent page for psychosis,Psychosis Treatment in Vijayawada | Krishna Neuro,Psychosis Treatment in Vijayawada | Krishna Neuro,"A person experiencing psychosis may hear voices, hold unusual beliefs or become confused. Learn about assessment and treatment options at Krishna Neuro, Vijayawada.","A person experiencing psychosis may hear voices, hold unusual beliefs or become confused. Learn about assessment and treatment options at Krishna Neuro, Vijayawada.",Psychosis Treatment in Vijayawada,Psychosis Treatment in Vijayawada,Medical informational with consultation intent,psychosis treatment in vijayawada | krishna neuro,Indexable — included in sitemap,http://localhost:3000/conditions/psychosis,MedicalClinic; PostalAddress; GeoCoordinates; OpeningHoursSpecification; ContactPoint; Physician; WebSite; MedicalWebPage; MedicalCondition; BreadcrumbList; ListItem; FAQPage; Question; Answer,11 H2 / 8 H3 — What Is Psychosis ? | Symptoms of Psychosis | Causes and Risk Factors | How Is Psychosis Diagnosed?,"index, follow",Complete,1 images; 0 missing alt; responsive Next images detected: false,27 internal links; appointment linked,3 external links,No exact duplicate detected in initial pass,No material content issue,196 KB HTML; 1 images; lazy/responsive image review applied,viewport configured; semantic H1; image alt complete,appointment:true; call:true; WhatsApp:true; directions:true; local signals:true,canonical clinic/doctor naming consistent; no unsupported superlative detected,NO CHANGE,200,,1114,None
/conditions/relationship-counselling,Medical informational with consultation intent page for relationship counselling,Relationship Counselling Treatment in Vijayawada | Krishna Neuro,Relationship Counselling Treatment in Vijayawada | Krishna Neuro,"Counselling can help partners understand repeating patterns, communicate safely and mak…. Learn about assessment and treatment options at Krishna Neuro, Vijayawada.","Counselling can help partners understand repeating patterns, communicate safely and mak…. Learn about assessment and treatment options at Krishna Neuro, Vijayawada.",Relationship Counselling Treatment in Vijayawada,Relationship Counselling Treatment in Vijayawada,Medical informational with consultation intent,relationship counselling treatment in vijayawada | krishna neuro,Indexable — included in sitemap,http://localhost:3000/conditions/relationship-counselling,MedicalClinic; PostalAddress; GeoCoordinates; OpeningHoursSpecification; ContactPoint; Physician; WebSite; MedicalWebPage; MedicalCondition; BreadcrumbList; ListItem; FAQPage; Question; Answer,11 H2 / 8 H3 — What Is Relationship Counselling ? | Symptoms of Relationship Counselling | Causes and Risk Factors | How Is Relationship Counselling Diagnosed?,"index, follow",Complete,1 images; 0 missing alt; responsive Next images detected: false,30 internal links; appointment linked,3 external links,No exact duplicate detected in initial pass,No material content issue,197 KB HTML; 1 images; lazy/responsive image review applied,viewport configured; semantic H1; image alt complete,appointment:true; call:true; WhatsApp:true; directions:true; local signals:true,canonical clinic/doctor naming consistent; no unsupported superlative detected,NO CHANGE,200,,1100,None
/conditions/schizophrenia,Medical informational with consultation intent page for schizophrenia,Schizophrenia Treatment in Vijayawada | Krishna Neuro,Schizophrenia Treatment in Vijayawada | Krishna Neuro,"Schizophrenia can affect perception, beliefs, thinking and motivation. Learn about assessment and treatment options at Krishna Neuro, Vijayawada.","Schizophrenia can affect perception, beliefs, thinking and motivation. Learn about assessment and treatment options at Krishna Neuro, Vijayawada.",Schizophrenia Treatment in Vijayawada,Schizophrenia Treatment in Vijayawada,Medical informational with consultation intent,schizophrenia treatment in vijayawada | krishna neuro,Indexable — included in sitemap,http://localhost:3000/conditions/schizophrenia,MedicalClinic; PostalAddress; GeoCoordinates; OpeningHoursSpecification; ContactPoint; Physician; WebSite; MedicalWebPage; MedicalCondition; BreadcrumbList; ListItem; FAQPage; Question; Answer,11 H2 / 8 H3 — What Is Schizophrenia ? | Symptoms of Schizophrenia | Causes and Risk Factors | How Is Schizophrenia Diagnosed?,"index, follow",Complete,1 images; 0 missing alt; responsive Next images detected: false,26 internal links; appointment linked,3 external links,No exact duplicate detected in initial pass,No material content issue,196 KB HTML; 1 images; lazy/responsive image review applied,viewport configured; semantic H1; image alt complete,appointment:true; call:true; WhatsApp:true; directions:true; local signals:true,canonical clinic/doctor naming consistent; no unsupported superlative detected,NO CHANGE,200,,1126,None
/conditions/sexual-disorders,Medical informational with consultation intent page for sexual disorders,Sexual Disorders Treatment in Vijayawada | Krishna Neuro,Sexual Disorders Treatment in Vijayawada | Krishna Neuro,"Sexual concerns are common and deserve private, respectful, medically informed care wit…. Learn about assessment and treatment options at Krishna Neuro, Vijayawada.","Sexual concerns are common and deserve private, respectful, medically informed care wit…. Learn about assessment and treatment options at Krishna Neuro, Vijayawada.",Sexual Disorders Treatment in Vijayawada,Sexual Disorders Treatment in Vijayawada,Medical informational with consultation intent,sexual disorders treatment in vijayawada | krishna neuro,Indexable — included in sitemap,http://localhost:3000/conditions/sexual-disorders,MedicalClinic; PostalAddress; GeoCoordinates; OpeningHoursSpecification; ContactPoint; Physician; WebSite; MedicalWebPage; MedicalCondition; BreadcrumbList; ListItem; FAQPage; Question; Answer,11 H2 / 8 H3 — What Is Sexual Disorders ? | Symptoms of Sexual Disorders | Causes and Risk Factors | How Is Sexual Disorders Diagnosed?,"index, follow",Complete,1 images; 0 missing alt; responsive Next images detected: false,27 internal links; appointment linked,3 external links,No exact duplicate detected in initial pass,No material content issue,196 KB HTML; 1 images; lazy/responsive image review applied,viewport configured; semantic H1; image alt complete,appointment:true; call:true; WhatsApp:true; directions:true; local signals:true,canonical clinic/doctor naming consistent; no unsupported superlative detected,NO CHANGE,200,,1088,None
/conditions/sleep-disorders,Medical informational with consultation intent page for sleep disorders,Sleep Disorders Treatment in Vijayawada | Krishna Neuro,Sleep Disorders Treatment in Vijayawada | Krishna Neuro,"Persistent difficulty sleeping, excessive sleepiness or disrupted rhythms deserve asses…. Learn about assessment and treatment options at Krishna Neuro, Vijayawada.","Persistent difficulty sleeping, excessive sleepiness or disrupted rhythms deserve asses…. Learn about assessment and treatment options at Krishna Neuro, Vijayawada.",Sleep Disorders Treatment in Vijayawada,Sleep Disorders Treatment in Vijayawada,Medical informational with consultation intent,sleep disorders treatment in vijayawada | krishna neuro,Indexable — included in sitemap,http://localhost:3000/conditions/sleep-disorders,MedicalClinic; PostalAddress; GeoCoordinates; OpeningHoursSpecification; ContactPoint; Physician; WebSite; MedicalWebPage; MedicalCondition; BreadcrumbList; ListItem; FAQPage; Question; Answer,11 H2 / 8 H3 — What Is Sleep Disorders ? | Symptoms of Sleep Disorders | Causes and Risk Factors | How Is Sleep Disorders Diagnosed?,"index, follow",Complete,1 images; 0 missing alt; responsive Next images detected: false,26 internal links; appointment linked,3 external links,No exact duplicate detected in initial pass,No material content issue,193 KB HTML; 1 images; lazy/responsive image review applied,viewport configured; semantic H1; image alt complete,appointment:true; call:true; WhatsApp:true; directions:true; local signals:true,canonical clinic/doctor naming consistent; no unsupported superlative detected,NO CHANGE,200,,1076,None
/conditions/smoking-addiction,Medical informational with consultation intent page for smoking addiction,Smoking Addiction Treatment in Vijayawada | Krishna Neuro,Smoking Addiction Treatment in Vijayawada | Krishna Neuro,"Nicotine dependence is powerful, but a planned quit attempt with treatment can be more…. Learn about assessment and treatment options at Krishna Neuro, Vijayawada.","Nicotine dependence is powerful, but a planned quit attempt with treatment can be more…. Learn about assessment and treatment options at Krishna Neuro, Vijayawada.",Smoking Addiction Treatment in Vijayawada,Smoking Addiction Treatment in Vijayawada,Medical informational with consultation intent,smoking addiction treatment in vijayawada | krishna neuro,Indexable — included in sitemap,http://localhost:3000/conditions/smoking-addiction,MedicalClinic; PostalAddress; GeoCoordinates; OpeningHoursSpecification; ContactPoint; Physician; WebSite; MedicalWebPage; MedicalCondition; BreadcrumbList; ListItem; FAQPage; Question; Answer,11 H2 / 8 H3 — What Is Smoking Addiction ? | Symptoms of Smoking Addiction | Causes and Risk Factors | How Is Smoking Addiction Diagnosed?,"index, follow",Complete,1 images; 0 missing alt; responsive Next images detected: false,28 internal links; appointment linked,3 external links,No exact duplicate detected in initial pass,No material content issue,196 KB HTML; 1 images; lazy/responsive image review applied,viewport configured; semantic H1; image alt complete,appointment:true; call:true; WhatsApp:true; directions:true; local signals:true,canonical clinic/doctor naming consistent; no unsupported superlative detected,NO CHANGE,200,,1088,None
/conditions/stress,Medical informational with consultation intent page for stress,Stress Treatment in Vijayawada | Krishna Neuro,Stress Treatment in Vijayawada | Krishna Neuro,"Stress is understandable, but prolonged overload can affect body, mood and relationships. Learn about assessment and treatment options at Krishna Neuro, Vijayawada.","Stress is understandable, but prolonged overload can affect body, mood and relationships. Learn about assessment and treatment options at Krishna Neuro, Vijayawada.",Stress Treatment in Vijayawada,Stress Treatment in Vijayawada,Medical informational with consultation intent,stress treatment in vijayawada | krishna neuro,Indexable — included in sitemap,http://localhost:3000/conditions/stress,MedicalClinic; PostalAddress; GeoCoordinates; OpeningHoursSpecification; ContactPoint; Physician; WebSite; MedicalWebPage; MedicalCondition; BreadcrumbList; ListItem; FAQPage; Question; Answer,11 H2 / 8 H3 — What Is Stress ? | Symptoms of Stress | Causes and Risk Factors | How Is Stress Diagnosed?,"index, follow",Complete,1 images; 0 missing alt; responsive Next images detected: false,27 internal links; appointment linked,3 external links,No exact duplicate detected in initial pass,No material content issue,196 KB HTML; 1 images; lazy/responsive image review applied,viewport configured; semantic H1; image alt complete,appointment:true; call:true; WhatsApp:true; directions:true; local signals:true,canonical clinic/doctor naming consistent; no unsupported superlative detected,NO CHANGE,200,,1088,None
/conditions/suicidal-thoughts,Medical informational with consultation intent page for suicidal thoughts,Suicidal Thoughts Treatment in Vijayawada | Krishna Neuro,Suicidal Thoughts Treatment in Vijayawada | Krishna Neuro,"Thoughts of suicide are a signal for urgent support, not shame. Learn about assessment and treatment options at Krishna Neuro, Vijayawada.","Thoughts of suicide are a signal for urgent support, not shame. Learn about assessment and treatment options at Krishna Neuro, Vijayawada.",Suicidal Thoughts Treatment in Vijayawada,Suicidal Thoughts Treatment in Vijayawada,Medical informational with consultation intent,suicidal thoughts treatment in vijayawada | krishna neuro,Indexable — included in sitemap,http://localhost:3000/conditions/suicidal-thoughts,MedicalClinic; PostalAddress; GeoCoordinates; OpeningHoursSpecification; ContactPoint; Physician; WebSite; MedicalWebPage; MedicalCondition; BreadcrumbList; ListItem; FAQPage; Question; Answer,11 H2 / 8 H3 — What Is Suicidal Thoughts ? | Symptoms of Suicidal Thoughts | Causes and Risk Factors | How Is Suicidal Thoughts Diagnosed?,"index, follow",Complete,1 images; 0 missing alt; responsive Next images detected: false,25 internal links; appointment linked,3 external links,No exact duplicate detected in initial pass,No material content issue,195 KB HTML; 1 images; lazy/responsive image review applied,viewport configured; semantic H1; image alt complete,appointment:true; call:true; WhatsApp:true; directions:true; local signals:true,canonical clinic/doctor naming consistent; no unsupported superlative detected,NO CHANGE,200,,1136,None
/conditions/womens-mental-health,Medical informational with consultation intent page for womens mental health,Women's Mental Health Treatment in Vijayawada | Krishna Neuro,Women's Mental Health Treatment in Vijayawada | Krishna Neuro,"Mental health can be shaped by reproductive life stages, caregiving, relationships, saf…. Learn about assessment and treatment options at Krishna Neuro, Vijayawada.","Mental health can be shaped by reproductive life stages, caregiving, relationships, saf…. Learn about assessment and treatment options at Krishna Neuro, Vijayawada.",Women's Mental Health Treatment in Vijayawada,Women's Mental Health Treatment in Vijayawada,Medical informational with consultation intent,women's mental health treatment in vijayawada | krishna neuro,Indexable — included in sitemap,http://localhost:3000/conditions/womens-mental-health,MedicalClinic; PostalAddress; GeoCoordinates; OpeningHoursSpecification; ContactPoint; Physician; WebSite; MedicalWebPage; MedicalCondition; BreadcrumbList; ListItem; FAQPage; Question; Answer,11 H2 / 8 H3 — What Is Women's Mental Health ? | Symptoms of Women's Mental Health | Causes and Risk Factors | How Is Women's Mental Health Diagnosed?,"index, follow",Complete,1 images; 0 missing alt; responsive Next images detected: false,26 internal links; appointment linked,3 external links,No exact duplicate detected in initial pass,No material content issue,193 KB HTML; 1 images; lazy/responsive image review applied,viewport configured; semantic H1; image alt complete,appointment:true; call:true; WhatsApp:true; directions:true; local signals:true,canonical clinic/doctor naming consistent; no unsupported superlative detected,NO CHANGE,200,,1075,None
/contact,Local navigational / transactional page for contact,Contact Krishna Neuro Psychiatric Centre | Vijayawada,Contact Krishna Neuro Psychiatric Centre | Vijayawada,"Contact Krishna Neuro Psychiatric Centre in Suryaraopet, Vijayawada for voice calls, WhatsApp appointment requests and directions.","Contact Krishna Neuro Psychiatric Centre in Suryaraopet, Vijayawada for voice calls, WhatsApp appointment requests and directions.",Contact Krishna Neuro Psychiatric Centre,Contact Krishna Neuro Psychiatric Centre,Local navigational / transactional,Krishna Neuro Psychiatric Centre contact Vijayawada,Indexable — included in sitemap,http://localhost:3000/contact,MedicalClinic; PostalAddress; GeoCoordinates; OpeningHoursSpecification; ContactPoint; Physician; WebSite; BreadcrumbList; ListItem,1 H2 / 1 H3 — Send a simple WhatsApp enquiry,"index, follow",Complete,1 images; 0 missing alt; responsive Next images detected: false,22 internal links; appointment linked,3 external links,No exact duplicate detected in initial pass,No material content issue,145 KB HTML; 1 images; lazy/responsive image review applied,viewport configured; semantic H1; image alt complete,appointment:true; call:true; WhatsApp:true; directions:true; local signals:true,canonical clinic/doctor naming consistent; no unsupported superlative detected,NO CHANGE,200,,578,None
/doctor,Legacy URL preserving existing SEO equity,Permanent redirect to /doctor/pamarthi-krishna-das,Keep permanent redirect to /doctor/pamarthi-krishna-das,N/A — redirect,N/A — redirect,N/A — redirect,N/A — redirect,Legacy navigation,doctor,Redirect — not indexable,/doctor/pamarthi-krishna-das,Inherited from destination,N/A,Permanent 308,Inherited from destination,N/A,Internal links updated to destination,N/A,Consolidated by redirect,None — equity preserved,Redirect only; negligible,Destination audited,Destination audited,Destination audited,NO CHANGE,301,/doctor/pamarthi-krishna-das,,
/doctor/pamarthi-krishna-das,Branded navigational / local clinical page for pamarthi krishna das,Dr. Pamarthi Krishna Das | Psychiatrist in Vijayawada,Dr. Pamarthi Krishna Das | Psychiatrist in Vijayawada,"Professional profile, verified qualifications, clinical approach and consultation information for Dr. Pamarthi Krishna Das at Krishna Neuro Psychiatric Centre, Vijayawada.","Professional profile, verified qualifications, clinical approach and consultation information for Dr. Pamarthi Krishna Das at Krishna Neuro Psychiatric Centre, Vijayawada.",Dr. Pamarthi Krishna Das,Dr. Pamarthi Krishna Das,Branded navigational / local clinical,Dr Pamarthi Krishna Das psychiatrist,Indexable — included in sitemap,http://localhost:3000/doctor/pamarthi-krishna-das,MedicalClinic; PostalAddress; GeoCoordinates; OpeningHoursSpecification; ContactPoint; Physician; WebSite; BreadcrumbList; ListItem,4 H2 / 4 H3 — The first responsibility is to understand what is actually happening. | Medical ethics should be visible in every decision. | Care across life stages and levels of need. | Meet a psychiatrist who makes room for the whole story.,"index, follow",Complete,3 images; 0 missing alt; responsive Next images detected: false,22 internal links; appointment linked,3 external links,No exact duplicate detected in initial pass,No material content issue,164 KB HTML; 3 images; lazy/responsive image review applied,viewport configured; semantic H1; image alt complete,appointment:true; call:true; WhatsApp:true; directions:true; local signals:true,canonical clinic/doctor naming consistent; no unsupported superlative detected,NO CHANGE,200,,812,None
/emergency,Urgent safety information page for emergency,Mental Health Emergency Help in India,Mental Health Emergency Help in India,"Immediate mental-health crisis guidance: call 112 for danger, Tele-MANAS 14416 for free 24/7 support, and do not rely on routine appointment forms.","Immediate mental-health crisis guidance: call 112 for danger, Tele-MANAS 14416 for free 24/7 support, and do not rely on routine appointment forms.","If someone may not be safe, act now.","If someone may not be safe, act now.",Urgent safety information,mental health emergency help in india,Indexable — included in sitemap,http://localhost:3000/emergency,MedicalClinic; PostalAddress; GeoCoordinates; OpeningHoursSpecification; ContactPoint; Physician; WebSite; BreadcrumbList; ListItem,5 H2 / 0 H3 — Call 112 or go to an emergency department now if: | While help is being arranged | Tele-MANAS · 14416 | 1800-89-14416,"index, follow",Complete,1 images; 0 missing alt; responsive Next images detected: false,22 internal links; appointment linked,3 external links,No exact duplicate detected in initial pass,No material content issue,141 KB HTML; 1 images; lazy/responsive image review applied,viewport configured; semantic H1; image alt complete,appointment:true; call:true; WhatsApp:true; directions:true; local signals:true,canonical clinic/doctor naming consistent; no unsupported superlative detected,NO CHANGE,200,,620,None
/faq,Informational / appointment support page for faq,Psychiatric Consultation FAQ | Krishna Neuro Psychiatric Centre,Psychiatric Consultation FAQ | Krishna Neuro Psychiatric Centre,"Answers about booking, first psychiatric consultations, privacy, medication, clinic timings and emergency guidance in Vijayawada.","Answers about booking, first psychiatric consultations, privacy, medication, clinic timings and emergency guidance in Vijayawada.",Psychiatric Consultation Frequently Asked Questions,Psychiatric Consultation Frequently Asked Questions,Informational / appointment support,psychiatric consultation faq | krishna neuro psychiatric centre,Indexable — included in sitemap,http://localhost:3000/faq,MedicalClinic; PostalAddress; GeoCoordinates; OpeningHoursSpecification; ContactPoint; Physician; WebSite; FAQPage; Question; Answer; BreadcrumbList; ListItem,7 H2 / 0 H3 — First visit | Family | Treatment | Privacy,"index, follow",Complete,1 images; 0 missing alt; responsive Next images detected: false,22 internal links; appointment linked,3 external links,No exact duplicate detected in initial pass,No material content issue,175 KB HTML; 1 images; lazy/responsive image review applied,viewport configured; semantic H1; image alt complete,appointment:true; call:true; WhatsApp:true; directions:true; local signals:true,canonical clinic/doctor naming consistent; no unsupported superlative detected,NO CHANGE,200,,1095,None
/faqs,Legacy URL preserving existing SEO equity,Permanent redirect to /faq,Keep permanent redirect to /faq,N/A — redirect,N/A — redirect,N/A — redirect,N/A — redirect,Legacy navigation,faqs,Redirect — not indexable,/faq,Inherited from destination,N/A,Permanent 308,Inherited from destination,N/A,Internal links updated to destination,N/A,Consolidated by redirect,None — equity preserved,Redirect only; negligible,Destination audited,Destination audited,Destination audited,NO CHANGE,301,/faq,,
/gallery,Branded visual / trust page for gallery,"Clinic Gallery — Awareness, Education & Community Care","Clinic Gallery — Awareness, Education & Community Care","Browse an accessible slideshow of Krishna Neuro Psychiatric Centre's public awareness sessions, press education and community initiatives in Vijayawada.","Browse an accessible slideshow of Krishna Neuro Psychiatric Centre's public awareness sessions, press education and community initiatives in Vijayawada.","Gallery: awareness, education and community care.","Gallery: awareness, education and community care.",Branded visual / trust,"clinic gallery — awareness, education & community care",Indexable — included in sitemap,http://localhost:3000/gallery,MedicalClinic; PostalAddress; GeoCoordinates; OpeningHoursSpecification; ContactPoint; Physician; WebSite; BreadcrumbList; ListItem,1 H2 / 1 H3 — Original Facebook sources,"index, follow",Complete,32 images; 0 missing alt; responsive Next images detected: false,22 internal links; appointment linked,33 external links,No exact duplicate detected in initial pass,No material content issue,224 KB HTML; 32 images; lazy/responsive image review applied,viewport configured; semantic H1; image alt complete,appointment:true; call:true; WhatsApp:true; directions:true; local signals:true,canonical clinic/doctor naming consistent; no unsupported superlative detected,NO CHANGE,200,,681,None
/locations,Local access / directions page for locations,Psychiatrist Near Vijayawada Neighbourhoods,Psychiatrist Near Vijayawada Neighbourhoods,"Find appointment and travel guidance for Krishna Neuro Psychiatric Centre from Benz Circle, Patamata, Poranki, Kanuru, Mangalagiri and nearby areas.","Find appointment and travel guidance for Krishna Neuro Psychiatric Centre from Benz Circle, Patamata, Poranki, Kanuru, Mangalagiri and nearby areas.",Psychiatric care for Vijayawada and nearby communities.,Psychiatric care for Vijayawada and nearby communities.,Local access / directions,psychiatrist near vijayawada neighbourhoods,Noindex,http://localhost:3000/locations,MedicalClinic; PostalAddress; GeoCoordinates; OpeningHoursSpecification; ContactPoint; Physician; WebSite; BreadcrumbList; ListItem,"13 H2 / 0 H3 — Psychiatrist near Benz Circle, Vijayawada | Psychiatrist near Patamata, Vijayawada | Psychiatrist near Poranki | Psychiatrist near Kanuru","noindex, nofollow",Complete,1 images; 0 missing alt; responsive Next images detected: false,34 internal links; appointment linked,3 external links,No exact duplicate detected in initial pass,No material content issue,159 KB HTML; 1 images; lazy/responsive image review applied,viewport configured; semantic H1; image alt complete,appointment:true; call:true; WhatsApp:true; directions:true; local signals:true,canonical clinic/doctor naming consistent; no unsupported superlative detected,NO CHANGE,200,,823,None
/locations/psychiatrist-in-suryaraopet,Local access / directions page for psychiatrist in suryaraopet,"Psychiatrist in Suryaraopet, Vijayawada","Psychiatrist in Suryaraopet, Vijayawada","Visit Dr. Pamarthi Krishna Das at Krishna Neuro Psychiatric Centre in Suryaraopet, near Nakkala Road and Vijaya Talkies.","Visit Dr. Pamarthi Krishna Das at Krishna Neuro Psychiatric Centre in Suryaraopet, near Nakkala Road and Vijaya Talkies.","Psychiatrist in Suryaraopet, Vijayawada","Psychiatrist in Suryaraopet, Vijayawada",Local access / directions,"psychiatrist in suryaraopet, vijayawada",Noindex,http://localhost:3000/locations/psychiatrist-in-suryaraopet,MedicalClinic; PostalAddress; GeoCoordinates; OpeningHoursSpecification; ContactPoint; Physician; WebSite; Service; Place; FAQPage; Question; Answer; BreadcrumbList; ListItem,"5 H2 / 1 H3 — Plan before you travel | Care for symptoms, function and family understanding. | Choosing the right psychiatrist | Before travelling from Suryaraopet","noindex, nofollow",Complete,1 images; 0 missing alt; responsive Next images detected: false,24 internal links; appointment linked,3 external links,No exact duplicate detected in initial pass,No material content issue,165 KB HTML; 1 images; lazy/responsive image review applied,viewport configured; semantic H1; image alt complete,appointment:true; call:true; WhatsApp:true; directions:true; local signals:true,canonical clinic/doctor naming consistent; no unsupported superlative detected,NO CHANGE,200,,795,None
/locations/psychiatrist-near-auto-nagar,Local access / directions page for psychiatrist near auto nagar,"Psychiatrist near Auto Nagar, Vijayawada","Psychiatrist near Auto Nagar, Vijayawada","Psychiatric consultation for anxiety, depression, sleep, stress and addiction near Auto Nagar, Vijayawada.","Psychiatric consultation for anxiety, depression, sleep, stress and addiction near Auto Nagar, Vijayawada.","Psychiatrist near Auto Nagar, Vijayawada","Psychiatrist near Auto Nagar, Vijayawada",Local access / directions,"psychiatrist near auto nagar, vijayawada",Noindex,http://localhost:3000/locations/psychiatrist-near-auto-nagar,MedicalClinic; PostalAddress; GeoCoordinates; OpeningHoursSpecification; ContactPoint; Physician; WebSite; Service; Place; FAQPage; Question; Answer; BreadcrumbList; ListItem,"5 H2 / 1 H3 — Plan before you travel | Care for symptoms, function and family understanding. | Choosing the right psychiatrist | Before travelling from Auto Nagar","noindex, nofollow",Complete,1 images; 0 missing alt; responsive Next images detected: false,24 internal links; appointment linked,3 external links,No exact duplicate detected in initial pass,No material content issue,165 KB HTML; 1 images; lazy/responsive image review applied,viewport configured; semantic H1; image alt complete,appointment:true; call:true; WhatsApp:true; directions:true; local signals:true,canonical clinic/doctor naming consistent; no unsupported superlative detected,NO CHANGE,200,,810,None
/locations/psychiatrist-near-benz-circle,Local access / directions page for psychiatrist near benz circle,"Psychiatrist near Benz Circle, Vijayawada","Psychiatrist near Benz Circle, Vijayawada","Consult Dr. Pamarthi Krishna Das for compassionate psychiatric care near Benz Circle at Krishna Neuro Psychiatric Centre, Suryaraopet, Vijayawada.","Consult Dr. Pamarthi Krishna Das for compassionate psychiatric care near Benz Circle at Krishna Neuro Psychiatric Centre, Suryaraopet, Vijayawada.","Psychiatrist near Benz Circle, Vijayawada","Psychiatrist near Benz Circle, Vijayawada",Local access / directions,"psychiatrist near benz circle, vijayawada",Noindex,http://localhost:3000/locations/psychiatrist-near-benz-circle,MedicalClinic; PostalAddress; GeoCoordinates; OpeningHoursSpecification; ContactPoint; Physician; WebSite; Service; Place; FAQPage; Question; Answer; BreadcrumbList; ListItem,"5 H2 / 1 H3 — Plan before you travel | Care for symptoms, function and family understanding. | Choosing the right psychiatrist | Before travelling from Benz Circle","noindex, nofollow",Complete,1 images; 0 missing alt; responsive Next images detected: false,24 internal links; appointment linked,3 external links,No exact duplicate detected in initial pass,No material content issue,165 KB HTML; 1 images; lazy/responsive image review applied,viewport configured; semantic H1; image alt complete,appointment:true; call:true; WhatsApp:true; directions:true; local signals:true,canonical clinic/doctor naming consistent; no unsupported superlative detected,NO CHANGE,200,,810,None
/locations/psychiatrist-near-gannavaram,Local access / directions page for psychiatrist near gannavaram,Psychiatrist near Gannavaram,Psychiatrist near Gannavaram,Plan a psychiatric consultation in Vijayawada from Gannavaram with direct appointment support by phone and WhatsApp.,Plan a psychiatric consultation in Vijayawada from Gannavaram with direct appointment support by phone and WhatsApp.,Psychiatrist near Gannavaram,Psychiatrist near Gannavaram,Local access / directions,psychiatrist near gannavaram,Noindex,http://localhost:3000/locations/psychiatrist-near-gannavaram,MedicalClinic; PostalAddress; GeoCoordinates; OpeningHoursSpecification; ContactPoint; Physician; WebSite; Service; Place; FAQPage; Question; Answer; BreadcrumbList; ListItem,"5 H2 / 1 H3 — Plan before you travel | Care for symptoms, function and family understanding. | Choosing the right psychiatrist | Before travelling from Gannavaram","noindex, nofollow",Complete,1 images; 0 missing alt; responsive Next images detected: false,24 internal links; appointment linked,3 external links,No exact duplicate detected in initial pass,No material content issue,165 KB HTML; 1 images; lazy/responsive image review applied,viewport configured; semantic H1; image alt complete,appointment:true; call:true; WhatsApp:true; directions:true; local signals:true,canonical clinic/doctor naming consistent; no unsupported superlative detected,NO CHANGE,200,,794,None
/locations/psychiatrist-near-gollapudi,Local access / directions page for psychiatrist near gollapudi,Psychiatrist near Gollapudi,Psychiatrist near Gollapudi,Confidential psychiatric assessment and follow-up for people travelling from Gollapudi to Krishna Neuro Psychiatric Centre.,Confidential psychiatric assessment and follow-up for people travelling from Gollapudi to Krishna Neuro Psychiatric Centre.,Psychiatrist near Gollapudi,Psychiatrist near Gollapudi,Local access / directions,psychiatrist near gollapudi,Noindex,http://localhost:3000/locations/psychiatrist-near-gollapudi,MedicalClinic; PostalAddress; GeoCoordinates; OpeningHoursSpecification; ContactPoint; Physician; WebSite; Service; Place; FAQPage; Question; Answer; BreadcrumbList; ListItem,"5 H2 / 1 H3 — Plan before you travel | Care for symptoms, function and family understanding. | Choosing the right psychiatrist | Before travelling from Gollapudi","noindex, nofollow",Complete,1 images; 0 missing alt; responsive Next images detected: false,24 internal links; appointment linked,3 external links,No exact duplicate detected in initial pass,No material content issue,165 KB HTML; 1 images; lazy/responsive image review applied,viewport configured; semantic H1; image alt complete,appointment:true; call:true; WhatsApp:true; directions:true; local signals:true,canonical clinic/doctor naming consistent; no unsupported superlative detected,NO CHANGE,200,,796,None
/locations/psychiatrist-near-gunadala,Local access / directions page for psychiatrist near gunadala,Psychiatrist near Gunadala,Psychiatrist near Gunadala,"Compassionate psychiatric care for individuals and families travelling from Gunadala to Suryaraopet, Vijayawada.","Compassionate psychiatric care for individuals and families travelling from Gunadala to Suryaraopet, Vijayawada.",Psychiatrist near Gunadala,Psychiatrist near Gunadala,Local access / directions,psychiatrist near gunadala,Noindex,http://localhost:3000/locations/psychiatrist-near-gunadala,MedicalClinic; PostalAddress; GeoCoordinates; OpeningHoursSpecification; ContactPoint; Physician; WebSite; Service; Place; FAQPage; Question; Answer; BreadcrumbList; ListItem,"5 H2 / 1 H3 — Plan before you travel | Care for symptoms, function and family understanding. | Choosing the right psychiatrist | Before travelling from Gunadala","noindex, nofollow",Complete,1 images; 0 missing alt; responsive Next images detected: false,24 internal links; appointment linked,3 external links,No exact duplicate detected in initial pass,No material content issue,164 KB HTML; 1 images; lazy/responsive image review applied,viewport configured; semantic H1; image alt complete,appointment:true; call:true; WhatsApp:true; directions:true; local signals:true,canonical clinic/doctor naming consistent; no unsupported superlative detected,NO CHANGE,200,,792,None
/locations/psychiatrist-near-ibrahimpatnam,Local access / directions page for psychiatrist near ibrahimpatnam,"Psychiatrist near Ibrahimpatnam, Andhra Pradesh","Psychiatrist near Ibrahimpatnam, Andhra Pradesh","Psychiatric consultation and family guidance in Vijayawada for people travelling from Ibrahimpatnam, Andhra Pradesh.","Psychiatric consultation and family guidance in Vijayawada for people travelling from Ibrahimpatnam, Andhra Pradesh.","Psychiatrist near Ibrahimpatnam, Andhra Pradesh","Psychiatrist near Ibrahimpatnam, Andhra Pradesh",Local access / directions,"psychiatrist near ibrahimpatnam, andhra pradesh",Noindex,http://localhost:3000/locations/psychiatrist-near-ibrahimpatnam,MedicalClinic; PostalAddress; GeoCoordinates; OpeningHoursSpecification; ContactPoint; Physician; WebSite; Service; Place; FAQPage; Question; Answer; BreadcrumbList; ListItem,"5 H2 / 1 H3 — Plan before you travel | Care for symptoms, function and family understanding. | Choosing the right psychiatrist | Before travelling from Ibrahimpatnam","noindex, nofollow",Complete,1 images; 0 missing alt; responsive Next images detected: false,24 internal links; appointment linked,3 external links,No exact duplicate detected in initial pass,No material content issue,165 KB HTML; 1 images; lazy/responsive image review applied,viewport configured; semantic H1; image alt complete,appointment:true; call:true; WhatsApp:true; directions:true; local signals:true,canonical clinic/doctor naming consistent; no unsupported superlative detected,NO CHANGE,200,,805,None
/locations/psychiatrist-near-kanuru,Local access / directions page for psychiatrist near kanuru,Psychiatrist near Kanuru,Psychiatrist near Kanuru,"Warm, medically responsible psychiatric care with Dr. Pamarthi Krishna Das for patients travelling from Kanuru to central Vijayawada.","Warm, medically responsible psychiatric care with Dr. Pamarthi Krishna Das for patients travelling from Kanuru to central Vijayawada.",Psychiatrist near Kanuru,Psychiatrist near Kanuru,Local access / directions,psychiatrist near kanuru,Noindex,http://localhost:3000/locations/psychiatrist-near-kanuru,MedicalClinic; PostalAddress; GeoCoordinates; OpeningHoursSpecification; ContactPoint; Physician; WebSite; Service; Place; FAQPage; Question; Answer; BreadcrumbList; ListItem,"5 H2 / 1 H3 — Plan before you travel | Care for symptoms, function and family understanding. | Choosing the right psychiatrist | Before travelling from Kanuru","noindex, nofollow",Complete,1 images; 0 missing alt; responsive Next images detected: false,24 internal links; appointment linked,3 external links,No exact duplicate detected in initial pass,No material content issue,165 KB HTML; 1 images; lazy/responsive image review applied,viewport configured; semantic H1; image alt complete,appointment:true; call:true; WhatsApp:true; directions:true; local signals:true,canonical clinic/doctor naming consistent; no unsupported superlative detected,NO CHANGE,200,,791,None
/locations/psychiatrist-near-mangalagiri,Local access / directions page for psychiatrist near mangalagiri,Psychiatrist near Mangalagiri,Psychiatrist near Mangalagiri,Request in-person or clinically suitable teleconsultation guidance with a Consultant Psychiatrist in Vijayawada from Mangalagiri.,Request in-person or clinically suitable teleconsultation guidance with a Consultant Psychiatrist in Vijayawada from Mangalagiri.,Psychiatrist near Mangalagiri,Psychiatrist near Mangalagiri,Local access / directions,psychiatrist near mangalagiri,Noindex,http://localhost:3000/locations/psychiatrist-near-mangalagiri,MedicalClinic; PostalAddress; GeoCoordinates; OpeningHoursSpecification; ContactPoint; Physician; WebSite; Service; Place; FAQPage; Question; Answer; BreadcrumbList; ListItem,"5 H2 / 1 H3 — Plan before you travel | Care for symptoms, function and family understanding. | Choosing the right psychiatrist | Before travelling from Mangalagiri","noindex, nofollow",Complete,1 images; 0 missing alt; responsive Next images detected: false,24 internal links; appointment linked,3 external links,No exact duplicate detected in initial pass,No material content issue,165 KB HTML; 1 images; lazy/responsive image review applied,viewport configured; semantic H1; image alt complete,appointment:true; call:true; WhatsApp:true; directions:true; local signals:true,canonical clinic/doctor naming consistent; no unsupported superlative detected,NO CHANGE,200,,792,None
/locations/psychiatrist-near-patamata,Local access / directions page for psychiatrist near patamata,"Psychiatrist near Patamata, Vijayawada","Psychiatrist near Patamata, Vijayawada","Request an appointment with Dr. Pamarthi Krishna Das, Consultant Psychiatrist, for adults, children and families travelling from Patamata.","Request an appointment with Dr. Pamarthi Krishna Das, Consultant Psychiatrist, for adults, children and families travelling from Patamata.","Psychiatrist near Patamata, Vijayawada","Psychiatrist near Patamata, Vijayawada",Local access / directions,"psychiatrist near patamata, vijayawada",Noindex,http://localhost:3000/locations/psychiatrist-near-patamata,MedicalClinic; PostalAddress; GeoCoordinates; OpeningHoursSpecification; ContactPoint; Physician; WebSite; Service; Place; FAQPage; Question; Answer; BreadcrumbList; ListItem,"5 H2 / 1 H3 — Plan before you travel | Care for symptoms, function and family understanding. | Choosing the right psychiatrist | Before travelling from Patamata","noindex, nofollow",Complete,1 images; 0 missing alt; responsive Next images detected: false,24 internal links; appointment linked,3 external links,No exact duplicate detected in initial pass,No material content issue,165 KB HTML; 1 images; lazy/responsive image review applied,viewport configured; semantic H1; image alt complete,appointment:true; call:true; WhatsApp:true; directions:true; local signals:true,canonical clinic/doctor naming consistent; no unsupported superlative detected,NO CHANGE,200,,795,None
/locations/psychiatrist-near-penamaluru,Local access / directions page for psychiatrist near penamaluru,Psychiatrist near Penamaluru,Psychiatrist near Penamaluru,"Book a confidential psychiatric consultation in Vijayawada for adults, children, couples and older adults from Penamaluru.","Book a confidential psychiatric consultation in Vijayawada for adults, children, couples and older adults from Penamaluru.",Psychiatrist near Penamaluru,Psychiatrist near Penamaluru,Local access / directions,psychiatrist near penamaluru,Noindex,http://localhost:3000/locations/psychiatrist-near-penamaluru,MedicalClinic; PostalAddress; GeoCoordinates; OpeningHoursSpecification; ContactPoint; Physician; WebSite; Service; Place; FAQPage; Question; Answer; BreadcrumbList; ListItem,"5 H2 / 1 H3 — Plan before you travel | Care for symptoms, function and family understanding. | Choosing the right psychiatrist | Before travelling from Penamaluru","noindex, nofollow",Complete,1 images; 0 missing alt; responsive Next images detected: false,24 internal links; appointment linked,3 external links,No exact duplicate detected in initial pass,No material content issue,165 KB HTML; 1 images; lazy/responsive image review applied,viewport configured; semantic H1; image alt complete,appointment:true; call:true; WhatsApp:true; directions:true; local signals:true,canonical clinic/doctor naming consistent; no unsupported superlative detected,NO CHANGE,200,,794,None
/locations/psychiatrist-near-poranki,Local access / directions page for psychiatrist near poranki,Psychiatrist near Poranki,Psychiatrist near Poranki,"Evidence-based, confidential psychiatric consultation in Vijayawada for individuals and families travelling from Poranki.","Evidence-based, confidential psychiatric consultation in Vijayawada for individuals and families travelling from Poranki.",Psychiatrist near Poranki,Psychiatrist near Poranki,Local access / directions,psychiatrist near poranki,Noindex,http://localhost:3000/locations/psychiatrist-near-poranki,MedicalClinic; PostalAddress; GeoCoordinates; OpeningHoursSpecification; ContactPoint; Physician; WebSite; Service; Place; FAQPage; Question; Answer; BreadcrumbList; ListItem,"5 H2 / 1 H3 — Plan before you travel | Care for symptoms, function and family understanding. | Choosing the right psychiatrist | Before travelling from Poranki","noindex, nofollow",Complete,1 images; 0 missing alt; responsive Next images detected: false,24 internal links; appointment linked,3 external links,No exact duplicate detected in initial pass,No material content issue,165 KB HTML; 1 images; lazy/responsive image review applied,viewport configured; semantic H1; image alt complete,appointment:true; call:true; WhatsApp:true; directions:true; local signals:true,canonical clinic/doctor naming consistent; no unsupported superlative detected,NO CHANGE,200,,805,None
/patient-journey,Branded informational page for patient journey,Your Psychiatry Appointment Journey,Your Psychiatry Appointment Journey,"Know what to expect from booking, first consultation, assessment, diagnosis, personalised treatment, follow-up and long-term wellbeing.","Know what to expect from booking, first consultation, assessment, diagnosis, personalised treatment, follow-up and long-term wellbeing.",A clear journey makes the first step feel lighter.,A clear journey makes the first step feel lighter.,Branded informational,your psychiatry appointment journey,Indexable — included in sitemap,http://localhost:3000/patient-journey,MedicalClinic; PostalAddress; GeoCoordinates; OpeningHoursSpecification; ContactPoint; Physician; WebSite; BreadcrumbList; ListItem,12 H2 / 11 H3 — What each stage is designed to do | Book appointment | Initial consultation | Assessment,"index, follow",Complete,1 images; 0 missing alt; responsive Next images detected: false,22 internal links; appointment linked,3 external links,No exact duplicate detected in initial pass,No material content issue,180 KB HTML; 1 images; lazy/responsive image review applied,viewport configured; semantic H1; image alt complete,appointment:true; call:true; WhatsApp:true; directions:true; local signals:true,canonical clinic/doctor naming consistent; no unsupported superlative detected,NO CHANGE,200,,843,None
/privacy-policy,Legal / trust page for privacy policy,Privacy Policy | Krishna Neuro Psychiatric Centre,Privacy Policy | Krishna Neuro Psychiatric Centre,"How Krishna Neuro Psychiatric Centre website handles appointment details, analytics choices, WhatsApp links and medical privacy.","How Krishna Neuro Psychiatric Centre website handles appointment details, analytics choices, WhatsApp links and medical privacy.",Privacy policy,Privacy policy,Legal / trust,privacy policy | krishna neuro psychiatric centre,Indexable — included in sitemap,http://localhost:3000/privacy-policy,MedicalClinic; PostalAddress; GeoCoordinates; OpeningHoursSpecification; ContactPoint; Physician; WebSite; BreadcrumbList; ListItem,10 H2 / 0 H3 — 1. Information you choose to provide | 2. How appointment requests are delivered | 3. Purpose and lawful handling | 4. Analytics and cookies,"index, follow",Complete,1 images; 0 missing alt; responsive Next images detected: false,22 internal links; appointment linked,3 external links,No exact duplicate detected in initial pass,No material content issue,126 KB HTML; 1 images; lazy/responsive image review applied,viewport configured; semantic H1; image alt complete,appointment:true; call:true; WhatsApp:true; directions:true; local signals:true,canonical clinic/doctor naming consistent; no unsupported superlative detected,NO CHANGE,200,,863,None
/psychiatrist-in-vijayawada,Local transactional page for psychiatrist in vijayawada,Psychiatrist in Vijayawada — Dr. Pamarthi Krishna Das,Psychiatrist in Vijayawada — Dr. Pamarthi Krishna Das,"Consult Dr. Pamarthi Krishna Das, MBBS, MD (Psychiatry), for compassionate psychiatric care at Krishna Neuro Psychiatric Centre, Suryaraopet, Vijayawada.","Consult Dr. Pamarthi Krishna Das, MBBS, MD (Psychiatry), for compassionate psychiatric care at Krishna Neuro Psychiatric Centre, Suryaraopet, Vijayawada.","Psychiatric care in Vijayawada, grounded in dignity and evidence.","Psychiatric care in Vijayawada, grounded in dignity and evidence.",Local transactional,psychiatrist in vijayawada — dr. pamarthi krishna das,Indexable — included in sitemap,http://localhost:3000/psychiatrist-in-vijayawada,MedicalClinic; PostalAddress; GeoCoordinates; OpeningHoursSpecification; ContactPoint; Physician; WebSite; Service; Place; FAQPage; Question; Answer; BreadcrumbList; ListItem,3 H2 / 5 H3 — Medical assessment with a whole-person view. | Planning a visit in Vijayawada | A clearer next step can begin with one conversation.,"index, follow",Complete,2 images; 0 missing alt; responsive Next images detected: false,23 internal links; appointment linked,3 external links,No exact duplicate detected in initial pass,No material content issue,163 KB HTML; 2 images; lazy/responsive image review applied,viewport configured; semantic H1; image alt complete,appointment:true; call:true; WhatsApp:true; directions:true; local signals:true,canonical clinic/doctor naming consistent; no unsupported superlative detected,NO CHANGE,200,,744,None
/resources,Branded informational page for resources,Mental Health Resources for Patients & Families,Mental Health Resources for Patients & Families,"Practical mental-health resources for first appointments, sleep, family support, safety planning and crisis help in India.","Practical mental-health resources for first appointments, sleep, family support, safety planning and crisis help in India.",Good information should reduce fear—not create it.,Good information should reduce fear—not create it.,Branded informational,mental health resources for patients & families,Indexable — included in sitemap,http://localhost:3000/resources,MedicalClinic; PostalAddress; GeoCoordinates; OpeningHoursSpecification; ContactPoint; Physician; WebSite; BreadcrumbList; ListItem,8 H2 / 3 H3 — Start understanding symptoms | Prepare for an appointment | Support someone you love | Improve the sleep conversation,"index, follow",Complete,1 images; 0 missing alt; responsive Next images detected: false,25 internal links; appointment linked,4 external links,No exact duplicate detected in initial pass,No material content issue,159 KB HTML; 1 images; lazy/responsive image review applied,viewport configured; semantic H1; image alt complete,appointment:true; call:true; WhatsApp:true; directions:true; local signals:true,canonical clinic/doctor naming consistent; no unsupported superlative detected,NO CHANGE,200,,694,None
/services,Branded informational page for services,Psychiatric Services in Vijayawada | Krishna Neuro Psychiatric Centre,Psychiatric Services in Vijayawada | Krishna Neuro Psychiatric Centre,Explore psychiatric consultation and mental-health services available through Krishna Neuro Psychiatric Centre in Vijayawada.,Explore psychiatric consultation and mental-health services available through Krishna Neuro Psychiatric Centre in Vijayawada.,Psychiatric & Mental Health Services in Vijayawada,Psychiatric & Mental Health Services in Vijayawada,Branded informational,psychiatric services in vijayawada | krishna neuro psychiatric centre,Indexable — included in sitemap,http://localhost:3000/services,MedicalClinic; PostalAddress; GeoCoordinates; OpeningHoursSpecification; ContactPoint; Physician; WebSite; BreadcrumbList; ListItem,12 H2 / 0 H3 — Psychiatric Consultation | Medication Management | Counselling | Family Counselling,"index, follow",Complete,1 images; 0 missing alt; responsive Next images detected: false,34 internal links; appointment linked,3 external links,No exact duplicate detected in initial pass,No material content issue,166 KB HTML; 1 images; lazy/responsive image review applied,viewport configured; semantic H1; image alt complete,appointment:true; call:true; WhatsApp:true; directions:true; local signals:true,canonical clinic/doctor naming consistent; no unsupported superlative detected,NO CHANGE,200,,650,None
/services/child-psychiatry,Service / consultation intent page for child psychiatry,Child & Adolescent Psychiatry in Vijayawada,Child & Adolescent Psychiatry in Vijayawada,"Developmentally informed care for children, teenagers and caregivers. Learn what child & adolescent psychiatry includes at Krishna Neuro Psychiatric Centre in Vijayawada.","Developmentally informed care for children, teenagers and caregivers. Learn what child & adolescent psychiatry includes at Krishna Neuro Psychiatric Centre in Vijayawada.",Child & Adolescent Psychiatry,Child & Adolescent Psychiatry,Service / consultation intent,child & adolescent psychiatry in vijayawada,Indexable — included in sitemap,http://localhost:3000/services/child-psychiatry,MedicalClinic; PostalAddress; GeoCoordinates; OpeningHoursSpecification; ContactPoint; Physician; WebSite; Service; Place; BreadcrumbList; ListItem,5 H2 / 4 H3 — What this service can include | May be suitable for | Care begins with the right level of assessment. | Explore related services,"index, follow",Complete,1 images; 0 missing alt; responsive Next images detected: false,25 internal links; appointment linked,3 external links,No exact duplicate detected in initial pass,No material content issue,155 KB HTML; 1 images; lazy/responsive image review applied,viewport configured; semantic H1; image alt complete,appointment:true; call:true; WhatsApp:true; directions:true; local signals:true,canonical clinic/doctor naming consistent; no unsupported superlative detected,NO CHANGE,200,,619,None
/services/counselling,Service / consultation intent page for counselling,Counselling in Vijayawada,Counselling in Vijayawada,A structured conversation that builds understanding and practical skills. Learn what counselling includes at Krishna Neuro Psychiatric Centre in Vijayawada.,A structured conversation that builds understanding and practical skills. Learn what counselling includes at Krishna Neuro Psychiatric Centre in Vijayawada.,Counselling,Counselling,Service / consultation intent,counselling in vijayawada,Indexable — included in sitemap,http://localhost:3000/services/counselling,MedicalClinic; PostalAddress; GeoCoordinates; OpeningHoursSpecification; ContactPoint; Physician; WebSite; Service; Place; BreadcrumbList; ListItem,5 H2 / 4 H3 — What this service can include | May be suitable for | Care begins with the right level of assessment. | Explore related services,"index, follow",Complete,1 images; 0 missing alt; responsive Next images detected: false,25 internal links; appointment linked,3 external links,No exact duplicate detected in initial pass,No material content issue,155 KB HTML; 1 images; lazy/responsive image review applied,viewport configured; semantic H1; image alt complete,appointment:true; call:true; WhatsApp:true; directions:true; local signals:true,canonical clinic/doctor naming consistent; no unsupported superlative detected,NO CHANGE,200,,611,None
/services/de-addiction,Service / consultation intent page for de addiction,De-addiction Care in Vijayawada,De-addiction Care in Vijayawada,"Non-judgemental help for alcohol, tobacco and other substance use. Learn what de-addiction care includes at Krishna Neuro Psychiatric Centre in Vijayawada.","Non-judgemental help for alcohol, tobacco and other substance use. Learn what de-addiction care includes at Krishna Neuro Psychiatric Centre in Vijayawada.",De-addiction Care,De-addiction Care,Service / consultation intent,de-addiction care in vijayawada,Indexable — included in sitemap,http://localhost:3000/services/de-addiction,MedicalClinic; PostalAddress; GeoCoordinates; OpeningHoursSpecification; ContactPoint; Physician; WebSite; Service; Place; BreadcrumbList; ListItem,5 H2 / 4 H3 — What this service can include | May be suitable for | Care begins with the right level of assessment. | Explore related services,"index, follow",Complete,1 images; 0 missing alt; responsive Next images detected: false,25 internal links; appointment linked,3 external links,No exact duplicate detected in initial pass,No material content issue,155 KB HTML; 1 images; lazy/responsive image review applied,viewport configured; semantic H1; image alt complete,appointment:true; call:true; WhatsApp:true; directions:true; local signals:true,canonical clinic/doctor naming consistent; no unsupported superlative detected,NO CHANGE,200,,613,None
/services/emergency-consultation,Service / consultation intent page for emergency consultation,Urgent Consultation Guidance in Vijayawada,Urgent Consultation Guidance in Vijayawada,Call for same-day availability; immediate danger belongs in emergency care. Learn what urgent consultation guidance includes at Krishna Neuro Psychiatric Centre in Vijayawada.,Call for same-day availability; immediate danger belongs in emergency care. Learn what urgent consultation guidance includes at Krishna Neuro Psychiatric Centre in Vijayawada.,Urgent Consultation Guidance,Urgent Consultation Guidance,Service / consultation intent,urgent consultation guidance in vijayawada,Indexable — included in sitemap,http://localhost:3000/services/emergency-consultation,MedicalClinic; PostalAddress; GeoCoordinates; OpeningHoursSpecification; ContactPoint; Physician; WebSite; Service; Place; BreadcrumbList; ListItem,5 H2 / 4 H3 — What this service can include | May be suitable for | Care begins with the right level of assessment. | Explore related services,"index, follow",Complete,1 images; 0 missing alt; responsive Next images detected: false,25 internal links; appointment linked,3 external links,No exact duplicate detected in initial pass,No material content issue,156 KB HTML; 1 images; lazy/responsive image review applied,viewport configured; semantic H1; image alt complete,appointment:true; call:true; WhatsApp:true; directions:true; local signals:true,canonical clinic/doctor naming consistent; no unsupported superlative detected,NO CHANGE,200,,635,None
/services/family-counselling,Service / consultation intent page for family counselling,Family Counselling in Vijayawada,Family Counselling in Vijayawada,"Help families understand illness, communicate and support recovery. Learn what family counselling includes at Krishna Neuro Psychiatric Centre in Vijayawada.","Help families understand illness, communicate and support recovery. Learn what family counselling includes at Krishna Neuro Psychiatric Centre in Vijayawada.",Family Counselling,Family Counselling,Service / consultation intent,family counselling in vijayawada,Indexable — included in sitemap,http://localhost:3000/services/family-counselling,MedicalClinic; PostalAddress; GeoCoordinates; OpeningHoursSpecification; ContactPoint; Physician; WebSite; Service; Place; BreadcrumbList; ListItem,5 H2 / 4 H3 — What this service can include | May be suitable for | Care begins with the right level of assessment. | Explore related services,"index, follow",Complete,1 images; 0 missing alt; responsive Next images detected: false,25 internal links; appointment linked,3 external links,No exact duplicate detected in initial pass,No material content issue,155 KB HTML; 1 images; lazy/responsive image review applied,viewport configured; semantic H1; image alt complete,appointment:true; call:true; WhatsApp:true; directions:true; local signals:true,canonical clinic/doctor naming consistent; no unsupported superlative detected,NO CHANGE,200,,603,None
/services/medication-management,Service / consultation intent page for medication management,Medication Management in Vijayawada,Medication Management in Vijayawada,Thoughtful prescribing with clear goals and regular review. Learn what medication management includes at Krishna Neuro Psychiatric Centre in Vijayawada.,Thoughtful prescribing with clear goals and regular review. Learn what medication management includes at Krishna Neuro Psychiatric Centre in Vijayawada.,Medication Management,Medication Management,Service / consultation intent,medication management in vijayawada,Indexable — included in sitemap,http://localhost:3000/services/medication-management,MedicalClinic; PostalAddress; GeoCoordinates; OpeningHoursSpecification; ContactPoint; Physician; WebSite; Service; Place; BreadcrumbList; ListItem,5 H2 / 4 H3 — What this service can include | May be suitable for | Care begins with the right level of assessment. | Explore related services,"index, follow",Complete,1 images; 0 missing alt; responsive Next images detected: false,25 internal links; appointment linked,3 external links,No exact duplicate detected in initial pass,No material content issue,155 KB HTML; 1 images; lazy/responsive image review applied,viewport configured; semantic H1; image alt complete,appointment:true; call:true; WhatsApp:true; directions:true; local signals:true,canonical clinic/doctor naming consistent; no unsupported superlative detected,NO CHANGE,200,,620,None
/services/psychiatric-consultation,Service / consultation intent page for psychiatric consultation,Psychiatric Consultation in Vijayawada,Psychiatric Consultation in Vijayawada,"A careful, confidential assessment—not a rushed label. Learn what psychiatric consultation includes at Krishna Neuro Psychiatric Centre in Vijayawada.","A careful, confidential assessment—not a rushed label. Learn what psychiatric consultation includes at Krishna Neuro Psychiatric Centre in Vijayawada.",Psychiatric Consultation,Psychiatric Consultation,Service / consultation intent,psychiatric consultation in vijayawada,Indexable — included in sitemap,http://localhost:3000/services/psychiatric-consultation,MedicalClinic; PostalAddress; GeoCoordinates; OpeningHoursSpecification; ContactPoint; Physician; WebSite; Service; Place; BreadcrumbList; ListItem,5 H2 / 4 H3 — What this service can include | May be suitable for | Care begins with the right level of assessment. | Explore related services,"index, follow",Complete,1 images; 0 missing alt; responsive Next images detected: false,25 internal links; appointment linked,3 external links,No exact duplicate detected in initial pass,No material content issue,156 KB HTML; 1 images; lazy/responsive image review applied,viewport configured; semantic H1; image alt complete,appointment:true; call:true; WhatsApp:true; directions:true; local signals:true,canonical clinic/doctor naming consistent; no unsupported superlative detected,NO CHANGE,200,,616,None
/services/sleep-clinic,Service / consultation intent page for sleep clinic,Sleep Clinic in Vijayawada,Sleep Clinic in Vijayawada,Understand the pattern before reaching for a sleeping tablet. Learn what sleep clinic includes at Krishna Neuro Psychiatric Centre in Vijayawada.,Understand the pattern before reaching for a sleeping tablet. Learn what sleep clinic includes at Krishna Neuro Psychiatric Centre in Vijayawada.,Sleep Clinic,Sleep Clinic,Service / consultation intent,sleep clinic in vijayawada,Indexable — included in sitemap,http://localhost:3000/services/sleep-clinic,MedicalClinic; PostalAddress; GeoCoordinates; OpeningHoursSpecification; ContactPoint; Physician; WebSite; Service; Place; BreadcrumbList; ListItem,5 H2 / 4 H3 — What this service can include | May be suitable for | Care begins with the right level of assessment. | Explore related services,"index, follow",Complete,1 images; 0 missing alt; responsive Next images detected: false,25 internal links; appointment linked,3 external links,No exact duplicate detected in initial pass,No material content issue,155 KB HTML; 1 images; lazy/responsive image review applied,viewport configured; semantic H1; image alt complete,appointment:true; call:true; WhatsApp:true; directions:true; local signals:true,canonical clinic/doctor naming consistent; no unsupported superlative detected,NO CHANGE,200,,613,None
/services/stress-management,Service / consultation intent page for stress management,Stress Management in Vijayawada,Stress Management in Vijayawada,"Turn an overwhelming problem into clear, workable next steps. Learn what stress management includes at Krishna Neuro Psychiatric Centre in Vijayawada.","Turn an overwhelming problem into clear, workable next steps. Learn what stress management includes at Krishna Neuro Psychiatric Centre in Vijayawada.",Stress Management,Stress Management,Service / consultation intent,stress management in vijayawada,Indexable — included in sitemap,http://localhost:3000/services/stress-management,MedicalClinic; PostalAddress; GeoCoordinates; OpeningHoursSpecification; ContactPoint; Physician; WebSite; Service; Place; BreadcrumbList; ListItem,5 H2 / 4 H3 — What this service can include | May be suitable for | Care begins with the right level of assessment. | Explore related services,"index, follow",Complete,1 images; 0 missing alt; responsive Next images detected: false,25 internal links; appointment linked,3 external links,No exact duplicate detected in initial pass,No material content issue,155 KB HTML; 1 images; lazy/responsive image review applied,viewport configured; semantic H1; image alt complete,appointment:true; call:true; WhatsApp:true; directions:true; local signals:true,canonical clinic/doctor naming consistent; no unsupported superlative detected,NO CHANGE,200,,612,None
/services/tele-consultation,Service / consultation intent page for tele consultation,Tele Consultation in Vijayawada,Tele Consultation in Vijayawada,"Remote follow-up and selected consultations, subject to clinical suitability. Learn what tele consultation includes at Krishna Neuro Psychiatric Centre in Vijayawada.","Remote follow-up and selected consultations, subject to clinical suitability. Learn what tele consultation includes at Krishna Neuro Psychiatric Centre in Vijayawada.",Tele Consultation,Tele Consultation,Service / consultation intent,tele consultation in vijayawada,Indexable — included in sitemap,http://localhost:3000/services/tele-consultation,MedicalClinic; PostalAddress; GeoCoordinates; OpeningHoursSpecification; ContactPoint; Physician; WebSite; Service; Place; BreadcrumbList; ListItem,5 H2 / 4 H3 — What this service can include | May be suitable for | Care begins with the right level of assessment. | Explore related services,"index, follow",Complete,1 images; 0 missing alt; responsive Next images detected: false,25 internal links; appointment linked,3 external links,No exact duplicate detected in initial pass,No material content issue,155 KB HTML; 1 images; lazy/responsive image review applied,viewport configured; semantic H1; image alt complete,appointment:true; call:true; WhatsApp:true; directions:true; local signals:true,canonical clinic/doctor naming consistent; no unsupported superlative detected,NO CHANGE,200,,617,None
/te,Branded informational page for te,విజయవాడలో సైకియాట్రిస్ట్ — డా. పామర్తి కృష్ణ దాస్,విజయవాడలో సైకియాట్రిస్ట్ — డా. పామర్తి కృష్ణ దాస్,విజయవాడలో సైకియాట్రిస్ట్ — డా. పామర్తి కృష్ణ దాస్ గురించి బాధ్యతాయుత తెలుగు సమాచారం మరియు విజయవాడలో కన్సల్టేషన్ వివరాలు.,విజయవాడలో సైకియాట్రిస్ట్ — డా. పామర్తి కృష్ణ దాస్ గురించి బాధ్యతాయుత తెలుగు సమాచారం మరియు విజయవాడలో కన్సల్టేషన్ వివరాలు.,లక్షణాలను మాత్రమే కాదు— మనిషిని చూసే మానసిక ఆరోగ్య సేవలు.,లక్షణాలను మాత్రమే కాదు— మనిషిని చూసే మానసిక ఆరోగ్య సేవలు.,Branded informational,విజయవాడలో సైకియాట్రిస్ట్ — డా. పామర్తి కృష్ణ దాస్,Indexable — included in sitemap,http://localhost:3000/te,MedicalClinic; PostalAddress; GeoCoordinates; OpeningHoursSpecification; ContactPoint; Physician; WebSite; FAQPage; Question; Answer,8 H2 / 16 H3 — ఊహల ముందు వినే సంరక్షణ. | సమస్యను అర్థం చేసుకోండి. సరైన తదుపరి అడుగు ఎంచుకోండి. | విజ్ఞానం మరియు మానవత్వం కలిసిన సంరక్షణ. | అర్థం కాని దశలు లేవు. ఒక్కో స్పష్టమైన అడుగు.,"index, follow",Complete,12 images; 0 missing alt; responsive Next images detected: false,37 internal links; appointment linked,4 external links,No exact duplicate detected in initial pass,No material content issue,264 KB HTML; 12 images; lazy/responsive image review applied,viewport configured; semantic H1; image alt complete,appointment:true; call:true; WhatsApp:true; directions:true; local signals:true,canonical clinic/doctor naming consistent; no unsupported superlative detected,NO CHANGE,200,,1176,None
/te/about,Branded informational page for about,కృష్ణ న్యూరో సైకియాట్రిక్ సెంటర్ గురించి,కృష్ణ న్యూరో సైకియాట్రిక్ సెంటర్ గురించి,కృష్ణ న్యూరో సైకియాట్రిక్ సెంటర్ గురించి గురించి బాధ్యతాయుత తెలుగు సమాచారం మరియు విజయవాడలో కన్సల్టేషన్ వివరాలు.,కృష్ణ న్యూరో సైకియాట్రిక్ సెంటర్ గురించి గురించి బాధ్యతాయుత తెలుగు సమాచారం మరియు విజయవాడలో కన్సల్టేషన్ వివరాలు.,డా. పామర్తి కృష్ణ దాస్,డా. పామర్తి కృష్ణ దాస్,Branded informational,కృష్ణ న్యూరో సైకియాట్రిక్ సెంటర్ గురించి,Indexable — included in sitemap,http://localhost:3000/te/about,MedicalClinic; PostalAddress; GeoCoordinates; OpeningHoursSpecification; ContactPoint; Physician; WebSite; BreadcrumbList; ListItem,4 H2 / 0 H3 — ముందుగా అర్థం చేసుకోవటం | ఆలోచించి మందులు | నిజ జీవితంలో కోలుకోవటం | ఒక స్పష్టమైన సంభాషణతో మొదటి అడుగు వేయండి.,"index, follow",Complete,1 images; 0 missing alt; responsive Next images detected: false,23 internal links; appointment linked,3 external links,No exact duplicate detected in initial pass,No material content issue,133 KB HTML; 1 images; lazy/responsive image review applied,viewport configured; semantic H1; image alt complete,appointment:true; call:true; WhatsApp:true; directions:true; local signals:true,canonical clinic/doctor naming consistent; no unsupported superlative detected,NO CHANGE,200,,506,None
/te/about-doctor,Legacy URL preserving existing SEO equity,Permanent redirect to /te/doctor/pamarthi-krishna-das,Keep permanent redirect to /te/doctor/pamarthi-krishna-das,N/A — redirect,N/A — redirect,N/A — redirect,N/A — redirect,Legacy navigation,about doctor,Redirect — not indexable,/te/doctor/pamarthi-krishna-das,Inherited from destination,N/A,Permanent 308,Inherited from destination,N/A,Internal links updated to destination,N/A,Consolidated by redirect,None — equity preserved,Redirect only; negligible,Destination audited,Destination audited,Destination audited,NO CHANGE,301,/te/doctor/pamarthi-krishna-das,,
/te/appointment,Transactional appointment page for appointment,సైకియాట్రిస్ట్ అపాయింట్‌మెంట్,సైకియాట్రిస్ట్ అపాయింట్‌మెంట్,సైకియాట్రిస్ట్ అపాయింట్‌మెంట్ గురించి బాధ్యతాయుత తెలుగు సమాచారం మరియు విజయవాడలో కన్సల్టేషన్ వివరాలు.,సైకియాట్రిస్ట్ అపాయింట్‌మెంట్ గురించి బాధ్యతాయుత తెలుగు సమాచారం మరియు విజయవాడలో కన్సల్టేషన్ వివరాలు.,ప్రారంభించేందుకు సరైన పదాలు అవసరం లేదు.,ప్రారంభించేందుకు సరైన పదాలు అవసరం లేదు.,Transactional appointment,సైకియాట్రిస్ట్ అపాయింట్‌మెంట్,Indexable — included in sitemap,http://localhost:3000/te/appointment,MedicalClinic; PostalAddress; GeoCoordinates; OpeningHoursSpecification; ContactPoint; Physician; WebSite; BreadcrumbList; ListItem,2 H2 / 0 H3 — అపాయింట్‌మెంట్ అభ్యర్థన | నేరుగా సంప్రదించాలా?,"index, follow",Complete,1 images; 0 missing alt; responsive Next images detected: false,22 internal links; appointment linked,3 external links,No exact duplicate detected in initial pass,No material content issue,132 KB HTML; 1 images; lazy/responsive image review applied,viewport configured; semantic H1; image alt complete,appointment:true; call:true; WhatsApp:true; directions:true; local signals:true,canonical clinic/doctor naming consistent; no unsupported superlative detected,NO CHANGE,200,,518,None
/te/appointment/success,Branded informational page for success,సైకియాట్రిస్ట్ అపాయింట్‌మెంట్,సైకియాట్రిస్ట్ అపాయింట్‌మెంట్,సైకియాట్రిస్ట్ అపాయింట్‌మెంట్ గురించి బాధ్యతాయుత తెలుగు సమాచారం మరియు విజయవాడలో కన్సల్టేషన్ వివరాలు.,సైకియాట్రిస్ట్ అపాయింట్‌మెంట్ గురించి బాధ్యతాయుత తెలుగు సమాచారం మరియు విజయవాడలో కన్సల్టేషన్ వివరాలు.,సంప్రదించినందుకు ధన్యవాదాలు.,సంప్రదించినందుకు ధన్యవాదాలు.,Branded informational,సైకియాట్రిస్ట్ అపాయింట్‌మెంట్,Public but excluded from sitemap,http://localhost:3000/te/appointment/success,MedicalClinic; PostalAddress; GeoCoordinates; OpeningHoursSpecification; ContactPoint; Physician; WebSite; BreadcrumbList; ListItem,0 H2 / 0 H3,"index, follow",Complete,1 images; 0 missing alt; responsive Next images detected: false,22 internal links; appointment linked,3 external links,No exact duplicate detected in initial pass,No material content issue,119 KB HTML; 1 images; lazy/responsive image review applied,viewport configured; semantic H1; image alt complete,appointment:true; call:true; WhatsApp:true; directions:true; local signals:true,canonical clinic/doctor naming consistent; no unsupported superlative detected,NO CHANGE,200,,385,None
/te/articles,Legacy URL preserving existing SEO equity,Permanent redirect to /te/blog,Keep permanent redirect to /te/blog,N/A — redirect,N/A — redirect,N/A — redirect,N/A — redirect,Legacy navigation,articles,Redirect — not indexable,/te/blog,Inherited from destination,N/A,Permanent 308,Inherited from destination,N/A,Internal links updated to destination,N/A,Consolidated by redirect,None — equity preserved,Redirect only; negligible,Destination audited,Destination audited,Destination audited,NO CHANGE,301,/te/blog,,
/te/best-psychiatrist-in-vijayawada,Legacy URL preserving existing SEO equity,Permanent redirect to /te/psychiatrist-in-vijayawada,Keep permanent redirect to /te/psychiatrist-in-vijayawada,N/A — redirect,N/A — redirect,N/A — redirect,N/A — redirect,Legacy navigation,best psychiatrist in vijayawada,Redirect — not indexable,/te/psychiatrist-in-vijayawada,Inherited from destination,N/A,Permanent 308,Inherited from destination,N/A,Internal links updated to destination,N/A,Consolidated by redirect,None — equity preserved,Redirect only; negligible,Destination audited,Destination audited,Destination audited,NO CHANGE,301,/te/psychiatrist-in-vijayawada,,
/te/blog,Branded informational page for blog,తెలుగు మానసిక ఆరోగ్య వ్యాసాలు,తెలుగు మానసిక ఆరోగ్య వ్యాసాలు,తెలుగు మానసిక ఆరోగ్య వ్యాసాలు గురించి బాధ్యతాయుత తెలుగు సమాచారం మరియు విజయవాడలో కన్సల్టేషన్ వివరాలు.,తెలుగు మానసిక ఆరోగ్య వ్యాసాలు గురించి బాధ్యతాయుత తెలుగు సమాచారం మరియు విజయవాడలో కన్సల్టేషన్ వివరాలు.,రోగులు మరియు కుటుంబాల కోసం తెలుగు మానసిక ఆరోగ్య గ్రంథాలయం.,రోగులు మరియు కుటుంబాల కోసం తెలుగు మానసిక ఆరోగ్య గ్రంథాలయం.,Branded informational,తెలుగు మానసిక ఆరోగ్య వ్యాసాలు,Indexable — included in sitemap,http://localhost:3000/te/blog,MedicalClinic; PostalAddress; GeoCoordinates; OpeningHoursSpecification; ContactPoint; Physician; WebSite; BreadcrumbList; ListItem,13 H2 / 0 H3 — సైకియాట్రిస్ట్‌ను ఎప్పుడు సంప్రదించాలి? | డిప్రెషన్ లేదా సాధారణ దిగులు? తేడా ఎలా తెలుసుకోవాలి | పానిక్ అటాక్ సమయంలో శరీరంలో ఏమి జరుగుతుంది? | OCD శుభ్రత మాత్రమే కాదు,"index, follow",Complete,13 images; 0 missing alt; responsive Next images detected: false,35 internal links; appointment linked,3 external links,No exact duplicate detected in initial pass,No material content issue,181 KB HTML; 13 images; lazy/responsive image review applied,viewport configured; semantic H1; image alt complete,appointment:true; call:true; WhatsApp:true; directions:true; local signals:true,canonical clinic/doctor naming consistent; no unsupported superlative detected,NO CHANGE,200,,673,None
/te/blog/adhd-assessment-what-to-expect,Medical informational page for adhd assessment what to expect,ADHD అంచనాలో ఏమి జరుగుతుంది?,ADHD అంచనాలో ఏమి జరుగుతుంది?,ADHD అంచనాలో ఏమి జరుగుతుంది? గురించి బాధ్యతాయుత తెలుగు సమాచారం మరియు విజయవాడలో కన్సల్టేషన్ వివరాలు.,ADHD అంచనాలో ఏమి జరుగుతుంది? గురించి బాధ్యతాయుత తెలుగు సమాచారం మరియు విజయవాడలో కన్సల్టేషన్ వివరాలు.,ADHD అంచనాలో ఏమి జరుగుతుంది?,ADHD అంచనాలో ఏమి జరుగుతుంది?,Medical informational,adhd అంచనాలో ఏమి జరుగుతుంది?,Indexable — included in sitemap,http://localhost:3000/te/blog/adhd-assessment-what-to-expect,MedicalClinic; PostalAddress; GeoCoordinates; OpeningHoursSpecification; ContactPoint; Physician; WebSite; BreadcrumbList; ListItem,7 H2 / 0 H3 — ముఖ్యాంశాలు | రోజువారీ జీవితంలో దీని అర్థం | గమనించాల్సిన ప్యాటర్న్ | అంచనా మరియు చికిత్స,"index, follow",Complete,1 images; 0 missing alt; responsive Next images detected: false,23 internal links; appointment linked,3 external links,No exact duplicate detected in initial pass,No material content issue,141 KB HTML; 1 images; lazy/responsive image review applied,viewport configured; semantic H1; image alt complete,appointment:true; call:true; WhatsApp:true; directions:true; local signals:true,canonical clinic/doctor naming consistent; no unsupported superlative detected,NO CHANGE,200,,621,None
/te/blog/alcohol-withdrawal-safety,Medical informational page for alcohol withdrawal safety,ఆల్కహాల్‌ను అకస్మాత్తుగా ఆపటం ఎందుకు ప్రమాదకరం?,ఆల్కహాల్‌ను అకస్మాత్తుగా ఆపటం ఎందుకు ప్రమాదకరం?,ఆల్కహాల్‌ను అకస్మాత్తుగా ఆపటం ఎందుకు ప్రమాదకరం? గురించి బాధ్యతాయుత తెలుగు సమాచారం మరియు విజయవాడలో కన్సల్టేషన్ వివరాలు.,ఆల్కహాల్‌ను అకస్మాత్తుగా ఆపటం ఎందుకు ప్రమాదకరం? గురించి బాధ్యతాయుత తెలుగు సమాచారం మరియు విజయవాడలో కన్సల్టేషన్ వివరాలు.,ఆల్కహాల్‌ను అకస్మాత్తుగా ఆపటం ఎందుకు ప్రమాదకరం?,ఆల్కహాల్‌ను అకస్మాత్తుగా ఆపటం ఎందుకు ప్రమాదకరం?,Medical informational,ఆల్కహాల్‌ను అకస్మాత్తుగా ఆపటం ఎందుకు ప్రమాదకరం?,Indexable — included in sitemap,http://localhost:3000/te/blog/alcohol-withdrawal-safety,MedicalClinic; PostalAddress; GeoCoordinates; OpeningHoursSpecification; ContactPoint; Physician; WebSite; BreadcrumbList; ListItem,7 H2 / 0 H3 — ముఖ్యాంశాలు | రోజువారీ జీవితంలో దీని అర్థం | గమనించాల్సిన ప్యాటర్న్ | అంచనా మరియు చికిత్స,"index, follow",Complete,1 images; 0 missing alt; responsive Next images detected: false,23 internal links; appointment linked,3 external links,No exact duplicate detected in initial pass,No material content issue,142 KB HTML; 1 images; lazy/responsive image review applied,viewport configured; semantic H1; image alt complete,appointment:true; call:true; WhatsApp:true; directions:true; local signals:true,canonical clinic/doctor naming consistent; no unsupported superlative detected,NO CHANGE,200,,621,None
/te/blog/baby-blues-postpartum-depression-psychosis,Medical informational page for baby blues postpartum depression psychosis,"బేబీ బ్లూస్, ప్రసవానంతర డిప్రెషన్ లేదా సైకోసిస్?","బేబీ బ్లూస్, ప్రసవానంతర డిప్రెషన్ లేదా సైకోసిస్?","బేబీ బ్లూస్, ప్రసవానంతర డిప్రెషన్ లేదా సైకోసిస్? గురించి బాధ్యతాయుత తెలుగు సమాచారం మరియు విజయవాడలో కన్సల్టేషన్ వివరాలు.","బేబీ బ్లూస్, ప్రసవానంతర డిప్రెషన్ లేదా సైకోసిస్? గురించి బాధ్యతాయుత తెలుగు సమాచారం మరియు విజయవాడలో కన్సల్టేషన్ వివరాలు.","బేబీ బ్లూస్, ప్రసవానంతర డిప్రెషన్ లేదా సైకోసిస్?","బేబీ బ్లూస్, ప్రసవానంతర డిప్రెషన్ లేదా సైకోసిస్?",Medical informational,"బేబీ బ్లూస్, ప్రసవానంతర డిప్రెషన్ లేదా సైకోసిస్?",Indexable — included in sitemap,http://localhost:3000/te/blog/baby-blues-postpartum-depression-psychosis,MedicalClinic; PostalAddress; GeoCoordinates; OpeningHoursSpecification; ContactPoint; Physician; WebSite; BreadcrumbList; ListItem,7 H2 / 0 H3 — ముఖ్యాంశాలు | రోజువారీ జీవితంలో దీని అర్థం | గమనించాల్సిన ప్యాటర్న్ | అంచనా మరియు చికిత్స,"index, follow",Complete,1 images; 0 missing alt; responsive Next images detected: false,23 internal links; appointment linked,3 external links,No exact duplicate detected in initial pass,No material content issue,143 KB HTML; 1 images; lazy/responsive image review applied,viewport configured; semantic H1; image alt complete,appointment:true; call:true; WhatsApp:true; directions:true; local signals:true,canonical clinic/doctor naming consistent; no unsupported superlative detected,NO CHANGE,200,,625,None
/te/blog/chronic-insomnia-guide,Medical informational page for chronic insomnia guide,దీర్ఘకాల ఇన్సోమ్నియాను మెరుగ్గా అర్థం చేసుకోవటం,దీర్ఘకాల ఇన్సోమ్నియాను మెరుగ్గా అర్థం చేసుకోవటం,దీర్ఘకాల ఇన్సోమ్నియాను మెరుగ్గా అర్థం చేసుకోవటం గురించి బాధ్యతాయుత తెలుగు సమాచారం మరియు విజయవాడలో కన్సల్టేషన్ వివరాలు.,దీర్ఘకాల ఇన్సోమ్నియాను మెరుగ్గా అర్థం చేసుకోవటం గురించి బాధ్యతాయుత తెలుగు సమాచారం మరియు విజయవాడలో కన్సల్టేషన్ వివరాలు.,దీర్ఘకాల ఇన్సోమ్నియాను మెరుగ్గా అర్థం చేసుకోవటం,దీర్ఘకాల ఇన్సోమ్నియాను మెరుగ్గా అర్థం చేసుకోవటం,Medical informational,దీర్ఘకాల ఇన్సోమ్నియాను మెరుగ్గా అర్థం చేసుకోవటం,Indexable — included in sitemap,http://localhost:3000/te/blog/chronic-insomnia-guide,MedicalClinic; PostalAddress; GeoCoordinates; OpeningHoursSpecification; ContactPoint; Physician; WebSite; BreadcrumbList; ListItem,7 H2 / 0 H3 — ముఖ్యాంశాలు | రోజువారీ జీవితంలో దీని అర్థం | గమనించాల్సిన ప్యాటర్న్ | అంచనా మరియు చికిత్స,"index, follow",Complete,1 images; 0 missing alt; responsive Next images detected: false,23 internal links; appointment linked,3 external links,No exact duplicate detected in initial pass,No material content issue,142 KB HTML; 1 images; lazy/responsive image review applied,viewport configured; semantic H1; image alt complete,appointment:true; call:true; WhatsApp:true; directions:true; local signals:true,canonical clinic/doctor naming consistent; no unsupported superlative detected,NO CHANGE,200,,621,None
/te/blog/depression-vs-sadness,Medical informational page for depression vs sadness,డిప్రెషన్ లేదా సాధారణ దిగులు? తేడా ఎలా తెలుసుకోవాలి,డిప్రెషన్ లేదా సాధారణ దిగులు? తేడా ఎలా తెలుసుకోవాలి,డిప్రెషన్ లేదా సాధారణ దిగులు? తేడా ఎలా తెలుసుకోవాలి గురించి బాధ్యతాయుత తెలుగు సమాచారం మరియు విజయవాడలో కన్సల్టేషన్ వివరాలు.,డిప్రెషన్ లేదా సాధారణ దిగులు? తేడా ఎలా తెలుసుకోవాలి గురించి బాధ్యతాయుత తెలుగు సమాచారం మరియు విజయవాడలో కన్సల్టేషన్ వివరాలు.,డిప్రెషన్ లేదా సాధారణ దిగులు? తేడా ఎలా తెలుసుకోవాలి,డిప్రెషన్ లేదా సాధారణ దిగులు? తేడా ఎలా తెలుసుకోవాలి,Medical informational,డిప్రెషన్ లేదా సాధారణ దిగులు? తేడా ఎలా తెలుసుకోవాలి,Indexable — included in sitemap,http://localhost:3000/te/blog/depression-vs-sadness,MedicalClinic; PostalAddress; GeoCoordinates; OpeningHoursSpecification; ContactPoint; Physician; WebSite; BreadcrumbList; ListItem,7 H2 / 0 H3 — ముఖ్యాంశాలు | రోజువారీ జీవితంలో దీని అర్థం | గమనించాల్సిన ప్యాటర్న్ | అంచనా మరియు చికిత్స,"index, follow",Complete,1 images; 0 missing alt; responsive Next images detected: false,23 internal links; appointment linked,3 external links,No exact duplicate detected in initial pass,No material content issue,142 KB HTML; 1 images; lazy/responsive image review applied,viewport configured; semantic H1; image alt complete,appointment:true; call:true; WhatsApp:true; directions:true; local signals:true,canonical clinic/doctor naming consistent; no unsupported superlative detected,NO CHANGE,200,,626,None
/te/blog/how-to-talk-to-someone-experiencing-psychosis,Medical informational page for how to talk to someone experiencing psychosis,సైకోసిస్ అనుభవిస్తున్న వ్యక్తితో ఎలా మాట్లాడాలి,సైకోసిస్ అనుభవిస్తున్న వ్యక్తితో ఎలా మాట్లాడాలి,సైకోసిస్ అనుభవిస్తున్న వ్యక్తితో ఎలా మాట్లాడాలి గురించి బాధ్యతాయుత తెలుగు సమాచారం మరియు విజయవాడలో కన్సల్టేషన్ వివరాలు.,సైకోసిస్ అనుభవిస్తున్న వ్యక్తితో ఎలా మాట్లాడాలి గురించి బాధ్యతాయుత తెలుగు సమాచారం మరియు విజయవాడలో కన్సల్టేషన్ వివరాలు.,సైకోసిస్ అనుభవిస్తున్న వ్యక్తితో ఎలా మాట్లాడాలి,సైకోసిస్ అనుభవిస్తున్న వ్యక్తితో ఎలా మాట్లాడాలి,Medical informational,సైకోసిస్ అనుభవిస్తున్న వ్యక్తితో ఎలా మాట్లాడాలి,Indexable — included in sitemap,http://localhost:3000/te/blog/how-to-talk-to-someone-experiencing-psychosis,MedicalClinic; PostalAddress; GeoCoordinates; OpeningHoursSpecification; ContactPoint; Physician; WebSite; BreadcrumbList; ListItem,7 H2 / 0 H3 — ముఖ్యాంశాలు | రోజువారీ జీవితంలో దీని అర్థం | గమనించాల్సిన ప్యాటర్న్ | అంచనా మరియు చికిత్స,"index, follow",Complete,1 images; 0 missing alt; responsive Next images detected: false,23 internal links; appointment linked,3 external links,No exact duplicate detected in initial pass,No material content issue,143 KB HTML; 1 images; lazy/responsive image review applied,viewport configured; semantic H1; image alt complete,appointment:true; call:true; WhatsApp:true; directions:true; local signals:true,canonical clinic/doctor naming consistent; no unsupported superlative detected,NO CHANGE,200,,618,None
/te/blog/normal-ageing-or-memory-problem,Medical informational page for normal ageing or memory problem,సాధారణ వృద్ధాప్యం లేదా జ్ఞాపక సమస్య?,సాధారణ వృద్ధాప్యం లేదా జ్ఞాపక సమస్య?,సాధారణ వృద్ధాప్యం లేదా జ్ఞాపక సమస్య? గురించి బాధ్యతాయుత తెలుగు సమాచారం మరియు విజయవాడలో కన్సల్టేషన్ వివరాలు.,సాధారణ వృద్ధాప్యం లేదా జ్ఞాపక సమస్య? గురించి బాధ్యతాయుత తెలుగు సమాచారం మరియు విజయవాడలో కన్సల్టేషన్ వివరాలు.,సాధారణ వృద్ధాప్యం లేదా జ్ఞాపక సమస్య?,సాధారణ వృద్ధాప్యం లేదా జ్ఞాపక సమస్య?,Medical informational,సాధారణ వృద్ధాప్యం లేదా జ్ఞాపక సమస్య?,Indexable — included in sitemap,http://localhost:3000/te/blog/normal-ageing-or-memory-problem,MedicalClinic; PostalAddress; GeoCoordinates; OpeningHoursSpecification; ContactPoint; Physician; WebSite; BreadcrumbList; ListItem,7 H2 / 0 H3 — ముఖ్యాంశాలు | రోజువారీ జీవితంలో దీని అర్థం | గమనించాల్సిన ప్యాటర్న్ | అంచనా మరియు చికిత్స,"index, follow",Complete,1 images; 0 missing alt; responsive Next images detected: false,23 internal links; appointment linked,3 external links,No exact duplicate detected in initial pass,No material content issue,142 KB HTML; 1 images; lazy/responsive image review applied,viewport configured; semantic H1; image alt complete,appointment:true; call:true; WhatsApp:true; directions:true; local signals:true,canonical clinic/doctor naming consistent; no unsupported superlative detected,NO CHANGE,200,,622,None
/te/blog/ocd-more-than-cleanliness,Medical informational page for ocd more than cleanliness,OCD శుభ్రత మాత్రమే కాదు,OCD శుభ్రత మాత్రమే కాదు,OCD శుభ్రత మాత్రమే కాదు గురించి బాధ్యతాయుత తెలుగు సమాచారం మరియు విజయవాడలో కన్సల్టేషన్ వివరాలు.,OCD శుభ్రత మాత్రమే కాదు గురించి బాధ్యతాయుత తెలుగు సమాచారం మరియు విజయవాడలో కన్సల్టేషన్ వివరాలు.,OCD శుభ్రత మాత్రమే కాదు,OCD శుభ్రత మాత్రమే కాదు,Medical informational,ocd శుభ్రత మాత్రమే కాదు,Indexable — included in sitemap,http://localhost:3000/te/blog/ocd-more-than-cleanliness,MedicalClinic; PostalAddress; GeoCoordinates; OpeningHoursSpecification; ContactPoint; Physician; WebSite; BreadcrumbList; ListItem,7 H2 / 0 H3 — ముఖ్యాంశాలు | రోజువారీ జీవితంలో దీని అర్థం | గమనించాల్సిన ప్యాటర్న్ | అంచనా మరియు చికిత్స,"index, follow",Complete,1 images; 0 missing alt; responsive Next images detected: false,23 internal links; appointment linked,3 external links,No exact duplicate detected in initial pass,No material content issue,140 KB HTML; 1 images; lazy/responsive image review applied,viewport configured; semantic H1; image alt complete,appointment:true; call:true; WhatsApp:true; directions:true; local signals:true,canonical clinic/doctor naming consistent; no unsupported superlative detected,NO CHANGE,200,,616,None
/te/blog/panic-attack-what-happens-and-what-helps,Medical informational page for panic attack what happens and what helps,పానిక్ అటాక్ సమయంలో శరీరంలో ఏమి జరుగుతుంది?,పానిక్ అటాక్ సమయంలో శరీరంలో ఏమి జరుగుతుంది?,పానిక్ అటాక్ సమయంలో శరీరంలో ఏమి జరుగుతుంది? గురించి బాధ్యతాయుత తెలుగు సమాచారం మరియు విజయవాడలో కన్సల్టేషన్ వివరాలు.,పానిక్ అటాక్ సమయంలో శరీరంలో ఏమి జరుగుతుంది? గురించి బాధ్యతాయుత తెలుగు సమాచారం మరియు విజయవాడలో కన్సల్టేషన్ వివరాలు.,పానిక్ అటాక్ సమయంలో శరీరంలో ఏమి జరుగుతుంది?,పానిక్ అటాక్ సమయంలో శరీరంలో ఏమి జరుగుతుంది?,Medical informational,పానిక్ అటాక్ సమయంలో శరీరంలో ఏమి జరుగుతుంది?,Indexable — included in sitemap,http://localhost:3000/te/blog/panic-attack-what-happens-and-what-helps,MedicalClinic; PostalAddress; GeoCoordinates; OpeningHoursSpecification; ContactPoint; Physician; WebSite; BreadcrumbList; ListItem,7 H2 / 0 H3 — ముఖ్యాంశాలు | రోజువారీ జీవితంలో దీని అర్థం | గమనించాల్సిన ప్యాటర్న్ | అంచనా మరియు చికిత్స,"index, follow",Complete,1 images; 0 missing alt; responsive Next images detected: false,23 internal links; appointment linked,3 external links,No exact duplicate detected in initial pass,No material content issue,142 KB HTML; 1 images; lazy/responsive image review applied,viewport configured; semantic H1; image alt complete,appointment:true; call:true; WhatsApp:true; directions:true; local signals:true,canonical clinic/doctor naming consistent; no unsupported superlative detected,NO CHANGE,200,,626,None
/te/blog/questions-before-psychiatric-medication,Medical informational page for questions before psychiatric medication,మానసిక మందులు ప్రారంభించే ముందు అడగాల్సిన ఏడు ప్రశ్నలు,మానసిక మందులు ప్రారంభించే ముందు అడగాల్సిన ఏడు ప్రశ్నలు,మానసిక మందులు ప్రారంభించే ముందు అడగాల్సిన ఏడు ప్రశ్నలు గురించి బాధ్యతాయుత తెలుగు సమాచారం మరియు విజయవాడలో కన్సల్టేషన్ వివరాలు.,మానసిక మందులు ప్రారంభించే ముందు అడగాల్సిన ఏడు ప్రశ్నలు గురించి బాధ్యతాయుత తెలుగు సమాచారం మరియు విజయవాడలో కన్సల్టేషన్ వివరాలు.,మానసిక మందులు ప్రారంభించే ముందు అడగాల్సిన ఏడు ప్రశ్నలు,మానసిక మందులు ప్రారంభించే ముందు అడగాల్సిన ఏడు ప్రశ్నలు,Medical informational,మానసిక మందులు ప్రారంభించే ముందు అడగాల్సిన ఏడు ప్రశ్నలు,Indexable — included in sitemap,http://localhost:3000/te/blog/questions-before-psychiatric-medication,MedicalClinic; PostalAddress; GeoCoordinates; OpeningHoursSpecification; ContactPoint; Physician; WebSite; BreadcrumbList; ListItem,7 H2 / 0 H3 — ముఖ్యాంశాలు | రోజువారీ జీవితంలో దీని అర్థం | గమనించాల్సిన ప్యాటర్న్ | అంచనా మరియు చికిత్స,"index, follow",Complete,1 images; 0 missing alt; responsive Next images detected: false,23 internal links; appointment linked,3 external links,No exact duplicate detected in initial pass,No material content issue,143 KB HTML; 1 images; lazy/responsive image review applied,viewport configured; semantic H1; image alt complete,appointment:true; call:true; WhatsApp:true; directions:true; local signals:true,canonical clinic/doctor naming consistent; no unsupported superlative detected,NO CHANGE,200,,631,None
/te/blog/when-should-a-child-see-a-psychiatrist,Medical informational page for when should a child see a psychiatrist,పిల్లవాడు సైకియాట్రిస్ట్‌ను ఎప్పుడు చూడాలి?,పిల్లవాడు సైకియాట్రిస్ట్‌ను ఎప్పుడు చూడాలి?,పిల్లవాడు సైకియాట్రిస్ట్‌ను ఎప్పుడు చూడాలి? గురించి బాధ్యతాయుత తెలుగు సమాచారం మరియు విజయవాడలో కన్సల్టేషన్ వివరాలు.,పిల్లవాడు సైకియాట్రిస్ట్‌ను ఎప్పుడు చూడాలి? గురించి బాధ్యతాయుత తెలుగు సమాచారం మరియు విజయవాడలో కన్సల్టేషన్ వివరాలు.,పిల్లవాడు సైకియాట్రిస్ట్‌ను ఎప్పుడు చూడాలి?,పిల్లవాడు సైకియాట్రిస్ట్‌ను ఎప్పుడు చూడాలి?,Medical informational,పిల్లవాడు సైకియాట్రిస్ట్‌ను ఎప్పుడు చూడాలి?,Indexable — included in sitemap,http://localhost:3000/te/blog/when-should-a-child-see-a-psychiatrist,MedicalClinic; PostalAddress; GeoCoordinates; OpeningHoursSpecification; ContactPoint; Physician; WebSite; BreadcrumbList; ListItem,7 H2 / 0 H3 — ముఖ్యాంశాలు | రోజువారీ జీవితంలో దీని అర్థం | గమనించాల్సిన ప్యాటర్న్ | అంచనా మరియు చికిత్స,"index, follow",Complete,1 images; 0 missing alt; responsive Next images detected: false,23 internal links; appointment linked,3 external links,No exact duplicate detected in initial pass,No material content issue,142 KB HTML; 1 images; lazy/responsive image review applied,viewport configured; semantic H1; image alt complete,appointment:true; call:true; WhatsApp:true; directions:true; local signals:true,canonical clinic/doctor naming consistent; no unsupported superlative detected,NO CHANGE,200,,618,None
/te/blog/when-to-see-a-psychiatrist,Medical informational page for when to see a psychiatrist,సైకియాట్రిస్ట్‌ను ఎప్పుడు సంప్రదించాలి?,సైకియాట్రిస్ట్‌ను ఎప్పుడు సంప్రదించాలి?,సైకియాట్రిస్ట్‌ను ఎప్పుడు సంప్రదించాలి? గురించి బాధ్యతాయుత తెలుగు సమాచారం మరియు విజయవాడలో కన్సల్టేషన్ వివరాలు.,సైకియాట్రిస్ట్‌ను ఎప్పుడు సంప్రదించాలి? గురించి బాధ్యతాయుత తెలుగు సమాచారం మరియు విజయవాడలో కన్సల్టేషన్ వివరాలు.,సైకియాట్రిస్ట్‌ను ఎప్పుడు సంప్రదించాలి?,సైకియాట్రిస్ట్‌ను ఎప్పుడు సంప్రదించాలి?,Medical informational,సైకియాట్రిస్ట్‌ను ఎప్పుడు సంప్రదించాలి?,Indexable — included in sitemap,http://localhost:3000/te/blog/when-to-see-a-psychiatrist,MedicalClinic; PostalAddress; GeoCoordinates; OpeningHoursSpecification; ContactPoint; Physician; WebSite; BreadcrumbList; ListItem,7 H2 / 0 H3 — ముఖ్యాంశాలు | రోజువారీ జీవితంలో దీని అర్థం | గమనించాల్సిన ప్యాటర్న్ | అంచనా మరియు చికిత్స,"index, follow",Complete,1 images; 0 missing alt; responsive Next images detected: false,23 internal links; appointment linked,3 external links,No exact duplicate detected in initial pass,No material content issue,142 KB HTML; 1 images; lazy/responsive image review applied,viewport configured; semantic H1; image alt complete,appointment:true; call:true; WhatsApp:true; directions:true; local signals:true,canonical clinic/doctor naming consistent; no unsupported superlative detected,NO CHANGE,200,,622,None
/te/conditions,Branded informational page for conditions,మానసిక ఆరోగ్య పరిస్థితులు,మానసిక ఆరోగ్య పరిస్థితులు,మానసిక ఆరోగ్య పరిస్థితులు గురించి బాధ్యతాయుత తెలుగు సమాచారం మరియు విజయవాడలో కన్సల్టేషన్ వివరాలు.,మానసిక ఆరోగ్య పరిస్థితులు గురించి బాధ్యతాయుత తెలుగు సమాచారం మరియు విజయవాడలో కన్సల్టేషన్ వివరాలు.,మానసిక ఆరోగ్య పరిస్థితులను సులభమైన తెలుగులో అర్థం చేసుకోండి.,మానసిక ఆరోగ్య పరిస్థితులను సులభమైన తెలుగులో అర్థం చేసుకోండి.,Branded informational,మానసిక ఆరోగ్య పరిస్థితులు,Indexable — included in sitemap,http://localhost:3000/te/conditions,MedicalClinic; PostalAddress; GeoCoordinates; OpeningHoursSpecification; ContactPoint; Physician; WebSite; BreadcrumbList; ListItem,31 H2 / 0 H3 — డిప్రెషన్ (నిరాశ) | యాంగ్జైటీ (ఆందోళన) | పానిక్ డిసార్డర్ | OCD (అబ్సెసివ్ కంపల్సివ్ డిసార్డర్),"index, follow",Complete,31 images; 0 missing alt; responsive Next images detected: false,53 internal links; appointment linked,3 external links,No exact duplicate detected in initial pass,No material content issue,287 KB HTML; 31 images; lazy/responsive image review applied,viewport configured; semantic H1; image alt complete,appointment:true; call:true; WhatsApp:true; directions:true; local signals:true,canonical clinic/doctor naming consistent; no unsupported superlative detected,NO CHANGE,200,,1020,None
/te/conditions/adhd,Medical informational with consultation intent page for adhd,ADHD చికిత్స విజయవాడ,ADHD చికిత్స విజయవాడ,"ADHD లక్షణాలు, నిర్ధారణ, చికిత్స ఎంపికలు మరియు విజయవాడలో సైకియాట్రిక్ కన్సల్టేషన్ సమాచారం.","ADHD లక్షణాలు, నిర్ధారణ, చికిత్స ఎంపికలు మరియు విజయవాడలో సైకియాట్రిక్ కన్సల్టేషన్ సమాచారం.",ADHD చికిత్స విజయవాడ,ADHD చికిత్స విజయవాడ,Medical informational with consultation intent,adhd చికిత్స విజయవాడ,Indexable — included in sitemap,http://localhost:3000/te/conditions/adhd,MedicalClinic; PostalAddress; GeoCoordinates; OpeningHoursSpecification; ContactPoint; Physician; WebSite; BreadcrumbList; ListItem; FAQPage; Question; Answer,10 H2 / 0 H3 — మీరు లేదా కుటుంబం గమనించవచ్చేవి | సాధారణ కారణాలు మరియు ప్రభావాలు | ప్రమాద కారకాలు | నిర్ధారణ ఎలా చేస్తారు?,"index, follow",Complete,1 images; 0 missing alt; responsive Next images detected: false,27 internal links; appointment linked,3 external links,No exact duplicate detected in initial pass,No material content issue,164 KB HTML; 1 images; lazy/responsive image review applied,viewport configured; semantic H1; image alt complete,appointment:true; call:true; WhatsApp:true; directions:true; local signals:true,canonical clinic/doctor naming consistent; no unsupported superlative detected,NO CHANGE,200,,737,None
/te/conditions/adolescent-psychiatry,Medical informational with consultation intent page for adolescent psychiatry,కిశోరుల మానసిక ఆరోగ్యం చికిత్స విజయవాడ,కిశోరుల మానసిక ఆరోగ్యం చికిత్స విజయవాడ,"కిశోరుల మానసిక ఆరోగ్యం లక్షణాలు, నిర్ధారణ, చికిత్స ఎంపికలు మరియు విజయవాడలో సైకియాట్రిక్ కన్సల్టేషన్ సమాచారం.","కిశోరుల మానసిక ఆరోగ్యం లక్షణాలు, నిర్ధారణ, చికిత్స ఎంపికలు మరియు విజయవాడలో సైకియాట్రిక్ కన్సల్టేషన్ సమాచారం.",కిశోరుల మానసిక ఆరోగ్యం చికిత్స విజయవాడ,కిశోరుల మానసిక ఆరోగ్యం చికిత్స విజయవాడ,Medical informational with consultation intent,కిశోరుల మానసిక ఆరోగ్యం చికిత్స విజయవాడ,Indexable — included in sitemap,http://localhost:3000/te/conditions/adolescent-psychiatry,MedicalClinic; PostalAddress; GeoCoordinates; OpeningHoursSpecification; ContactPoint; Physician; WebSite; BreadcrumbList; ListItem; FAQPage; Question; Answer,10 H2 / 0 H3 — మీరు లేదా కుటుంబం గమనించవచ్చేవి | సాధారణ కారణాలు మరియు ప్రభావాలు | ప్రమాద కారకాలు | నిర్ధారణ ఎలా చేస్తారు?,"index, follow",Complete,1 images; 0 missing alt; responsive Next images detected: false,27 internal links; appointment linked,3 external links,No exact duplicate detected in initial pass,No material content issue,169 KB HTML; 1 images; lazy/responsive image review applied,viewport configured; semantic H1; image alt complete,appointment:true; call:true; WhatsApp:true; directions:true; local signals:true,canonical clinic/doctor naming consistent; no unsupported superlative detected,NO CHANGE,200,,777,None
/te/conditions/alcohol-addiction,Medical informational with consultation intent page for alcohol addiction,ఆల్కహాల్ వ్యసనం చికిత్స విజయవాడ,ఆల్కహాల్ వ్యసనం చికిత్స విజయవాడ,"ఆల్కహాల్ వ్యసనం లక్షణాలు, నిర్ధారణ, చికిత్స ఎంపికలు మరియు విజయవాడలో సైకియాట్రిక్ కన్సల్టేషన్ సమాచారం.","ఆల్కహాల్ వ్యసనం లక్షణాలు, నిర్ధారణ, చికిత్స ఎంపికలు మరియు విజయవాడలో సైకియాట్రిక్ కన్సల్టేషన్ సమాచారం.",ఆల్కహాల్ వ్యసనం చికిత్స విజయవాడ,ఆల్కహాల్ వ్యసనం చికిత్స విజయవాడ,Medical informational with consultation intent,ఆల్కహాల్ వ్యసనం చికిత్స విజయవాడ,Indexable — included in sitemap,http://localhost:3000/te/conditions/alcohol-addiction,MedicalClinic; PostalAddress; GeoCoordinates; OpeningHoursSpecification; ContactPoint; Physician; WebSite; BreadcrumbList; ListItem; FAQPage; Question; Answer,10 H2 / 0 H3 — మీరు లేదా కుటుంబం గమనించవచ్చేవి | సాధారణ కారణాలు మరియు ప్రభావాలు | ప్రమాద కారకాలు | నిర్ధారణ ఎలా చేస్తారు?,"index, follow",Complete,1 images; 0 missing alt; responsive Next images detected: false,27 internal links; appointment linked,3 external links,No exact duplicate detected in initial pass,No material content issue,169 KB HTML; 1 images; lazy/responsive image review applied,viewport configured; semantic H1; image alt complete,appointment:true; call:true; WhatsApp:true; directions:true; local signals:true,canonical clinic/doctor naming consistent; no unsupported superlative detected,NO CHANGE,200,,767,None
/te/conditions/alzheimers-disease,Medical informational with consultation intent page for alzheimers disease,అల్జీమర్స్ వ్యాధి చికిత్స విజయవాడ,అల్జీమర్స్ వ్యాధి చికిత్స విజయవాడ,"అల్జీమర్స్ వ్యాధి లక్షణాలు, నిర్ధారణ, చికిత్స ఎంపికలు మరియు విజయవాడలో సైకియాట్రిక్ కన్సల్టేషన్ సమాచారం.","అల్జీమర్స్ వ్యాధి లక్షణాలు, నిర్ధారణ, చికిత్స ఎంపికలు మరియు విజయవాడలో సైకియాట్రిక్ కన్సల్టేషన్ సమాచారం.",అల్జీమర్స్ వ్యాధి చికిత్స విజయవాడ,అల్జీమర్స్ వ్యాధి చికిత్స విజయవాడ,Medical informational with consultation intent,అల్జీమర్స్ వ్యాధి చికిత్స విజయవాడ,Indexable — included in sitemap,http://localhost:3000/te/conditions/alzheimers-disease,MedicalClinic; PostalAddress; GeoCoordinates; OpeningHoursSpecification; ContactPoint; Physician; WebSite; BreadcrumbList; ListItem; FAQPage; Question; Answer,10 H2 / 0 H3 — మీరు లేదా కుటుంబం గమనించవచ్చేవి | సాధారణ కారణాలు మరియు ప్రభావాలు | ప్రమాద కారకాలు | నిర్ధారణ ఎలా చేస్తారు?,"index, follow",Complete,1 images; 0 missing alt; responsive Next images detected: false,27 internal links; appointment linked,3 external links,No exact duplicate detected in initial pass,No material content issue,166 KB HTML; 1 images; lazy/responsive image review applied,viewport configured; semantic H1; image alt complete,appointment:true; call:true; WhatsApp:true; directions:true; local signals:true,canonical clinic/doctor naming consistent; no unsupported superlative detected,NO CHANGE,200,,740,None
/te/conditions/anxiety,Medical informational with consultation intent page for anxiety,ఆందోళన చికిత్స విజయవాడ | కృష్ణ న్యూరో,ఆందోళన చికిత్స విజయవాడ | కృష్ణ న్యూరో,"నిరంతర ఆందోళన, శారీరక టెన్షన్ మరియు నిద్ర సమస్యలకు అంచనా, చికిత్స ఎంపికలు మరియు విజయవాడ సైకియాట్రిక్ కన్సల్టేషన్ సమాచారం.","నిరంతర ఆందోళన, శారీరక టెన్షన్ మరియు నిద్ర సమస్యలకు అంచనా, చికిత్స ఎంపికలు మరియు విజయవాడ సైకియాట్రిక్ కన్సల్టేషన్ సమాచారం.",ఆందోళన చికిత్స విజయవాడ,ఆందోళన చికిత్స విజయవాడ,Medical informational with consultation intent,ఆందోళన చికిత్స విజయవాడ | కృష్ణ న్యూరో,Indexable — included in sitemap,http://localhost:3000/te/conditions/anxiety,MedicalClinic; PostalAddress; GeoCoordinates; OpeningHoursSpecification; ContactPoint; Physician; WebSite; BreadcrumbList; ListItem; FAQPage; Question; Answer,10 H2 / 0 H3 — మీరు లేదా కుటుంబం గమనించవచ్చేవి | సాధారణ కారణాలు మరియు ప్రభావాలు | ప్రమాద కారకాలు | నిర్ధారణ ఎలా చేస్తారు?,"index, follow",Complete,1 images; 0 missing alt; responsive Next images detected: false,27 internal links; appointment linked,3 external links,No exact duplicate detected in initial pass,No material content issue,166 KB HTML; 1 images; lazy/responsive image review applied,viewport configured; semantic H1; image alt complete,appointment:true; call:true; WhatsApp:true; directions:true; local signals:true,canonical clinic/doctor naming consistent; no unsupported superlative detected,NO CHANGE,200,,753,None
/te/conditions/autism,Medical informational with consultation intent page for autism,ఆటిజం చికిత్స విజయవాడ,ఆటిజం చికిత్స విజయవాడ,"ఆటిజం లక్షణాలు, నిర్ధారణ, చికిత్స ఎంపికలు మరియు విజయవాడలో సైకియాట్రిక్ కన్సల్టేషన్ సమాచారం.","ఆటిజం లక్షణాలు, నిర్ధారణ, చికిత్స ఎంపికలు మరియు విజయవాడలో సైకియాట్రిక్ కన్సల్టేషన్ సమాచారం.",ఆటిజం చికిత్స విజయవాడ,ఆటిజం చికిత్స విజయవాడ,Medical informational with consultation intent,ఆటిజం చికిత్స విజయవాడ,Indexable — included in sitemap,http://localhost:3000/te/conditions/autism,MedicalClinic; PostalAddress; GeoCoordinates; OpeningHoursSpecification; ContactPoint; Physician; WebSite; BreadcrumbList; ListItem; FAQPage; Question; Answer,10 H2 / 0 H3 — మీరు లేదా కుటుంబం గమనించవచ్చేవి | సాధారణ కారణాలు మరియు ప్రభావాలు | ప్రమాద కారకాలు | నిర్ధారణ ఎలా చేస్తారు?,"index, follow",Complete,1 images; 0 missing alt; responsive Next images detected: false,27 internal links; appointment linked,3 external links,No exact duplicate detected in initial pass,No material content issue,165 KB HTML; 1 images; lazy/responsive image review applied,viewport configured; semantic H1; image alt complete,appointment:true; call:true; WhatsApp:true; directions:true; local signals:true,canonical clinic/doctor naming consistent; no unsupported superlative detected,NO CHANGE,200,,735,None
/te/conditions/behavior-problems,Medical informational with consultation intent page for behavior problems,ప్రవర్తనా సమస్యలు చికిత్స విజయవాడ,ప్రవర్తనా సమస్యలు చికిత్స విజయవాడ,"ప్రవర్తనా సమస్యలు లక్షణాలు, నిర్ధారణ, చికిత్స ఎంపికలు మరియు విజయవాడలో సైకియాట్రిక్ కన్సల్టేషన్ సమాచారం.","ప్రవర్తనా సమస్యలు లక్షణాలు, నిర్ధారణ, చికిత్స ఎంపికలు మరియు విజయవాడలో సైకియాట్రిక్ కన్సల్టేషన్ సమాచారం.",ప్రవర్తనా సమస్యలు చికిత్స విజయవాడ,ప్రవర్తనా సమస్యలు చికిత్స విజయవాడ,Medical informational with consultation intent,ప్రవర్తనా సమస్యలు చికిత్స విజయవాడ,Indexable — included in sitemap,http://localhost:3000/te/conditions/behavior-problems,MedicalClinic; PostalAddress; GeoCoordinates; OpeningHoursSpecification; ContactPoint; Physician; WebSite; BreadcrumbList; ListItem; FAQPage; Question; Answer,10 H2 / 0 H3 — మీరు లేదా కుటుంబం గమనించవచ్చేవి | సాధారణ కారణాలు మరియు ప్రభావాలు | ప్రమాద కారకాలు | నిర్ధారణ ఎలా చేస్తారు?,"index, follow",Complete,1 images; 0 missing alt; responsive Next images detected: false,27 internal links; appointment linked,3 external links,No exact duplicate detected in initial pass,No material content issue,166 KB HTML; 1 images; lazy/responsive image review applied,viewport configured; semantic H1; image alt complete,appointment:true; call:true; WhatsApp:true; directions:true; local signals:true,canonical clinic/doctor naming consistent; no unsupported superlative detected,NO CHANGE,200,,741,None
/te/conditions/bipolar-disorder,Medical informational with consultation intent page for bipolar disorder,బైపోలార్ డిసార్డర్ చికిత్స విజయవాడ | కృష్ణ న్యూరో,బైపోలార్ డిసార్డర్ చికిత్స విజయవాడ | కృష్ణ న్యూరో,"మానియా, డిప్రెషన్ దశలు, నిద్ర మార్పులు మరియు బైపోలార్ చికిత్స గురించి తెలుగు సమాచారం; విజయవాడలో సైకియాట్రిక్ అంచనా వివరాలు.","మానియా, డిప్రెషన్ దశలు, నిద్ర మార్పులు మరియు బైపోలార్ చికిత్స గురించి తెలుగు సమాచారం; విజయవాడలో సైకియాట్రిక్ అంచనా వివరాలు.",బైపోలార్ డిసార్డర్ చికిత్స విజయవాడ,బైపోలార్ డిసార్డర్ చికిత్స విజయవాడ,Medical informational with consultation intent,బైపోలార్ డిసార్డర్ చికిత్స విజయవాడ | కృష్ణ న్యూరో,Indexable — included in sitemap,http://localhost:3000/te/conditions/bipolar-disorder,MedicalClinic; PostalAddress; GeoCoordinates; OpeningHoursSpecification; ContactPoint; Physician; WebSite; BreadcrumbList; ListItem; FAQPage; Question; Answer,10 H2 / 0 H3 — మీరు లేదా కుటుంబం గమనించవచ్చేవి | సాధారణ కారణాలు మరియు ప్రభావాలు | ప్రమాద కారకాలు | నిర్ధారణ ఎలా చేస్తారు?,"index, follow",Complete,1 images; 0 missing alt; responsive Next images detected: false,27 internal links; appointment linked,3 external links,No exact duplicate detected in initial pass,No material content issue,170 KB HTML; 1 images; lazy/responsive image review applied,viewport configured; semantic H1; image alt complete,appointment:true; call:true; WhatsApp:true; directions:true; local signals:true,canonical clinic/doctor naming consistent; no unsupported superlative detected,NO CHANGE,200,,775,None
/te/conditions/child-psychiatry,Medical informational with consultation intent page for child psychiatry,పిల్లల మానసిక ఆరోగ్యం చికిత్స విజయవాడ,పిల్లల మానసిక ఆరోగ్యం చికిత్స విజయవాడ,"పిల్లల మానసిక ఆరోగ్యం లక్షణాలు, నిర్ధారణ, చికిత్స ఎంపికలు మరియు విజయవాడలో సైకియాట్రిక్ కన్సల్టేషన్ సమాచారం.","పిల్లల మానసిక ఆరోగ్యం లక్షణాలు, నిర్ధారణ, చికిత్స ఎంపికలు మరియు విజయవాడలో సైకియాట్రిక్ కన్సల్టేషన్ సమాచారం.",పిల్లల మానసిక ఆరోగ్యం చికిత్స విజయవాడ,పిల్లల మానసిక ఆరోగ్యం చికిత్స విజయవాడ,Medical informational with consultation intent,పిల్లల మానసిక ఆరోగ్యం చికిత్స విజయవాడ,Indexable — included in sitemap,http://localhost:3000/te/conditions/child-psychiatry,MedicalClinic; PostalAddress; GeoCoordinates; OpeningHoursSpecification; ContactPoint; Physician; WebSite; BreadcrumbList; ListItem; FAQPage; Question; Answer,10 H2 / 0 H3 — మీరు లేదా కుటుంబం గమనించవచ్చేవి | సాధారణ కారణాలు మరియు ప్రభావాలు | ప్రమాద కారకాలు | నిర్ధారణ ఎలా చేస్తారు?,"index, follow",Complete,1 images; 0 missing alt; responsive Next images detected: false,27 internal links; appointment linked,3 external links,No exact duplicate detected in initial pass,No material content issue,166 KB HTML; 1 images; lazy/responsive image review applied,viewport configured; semantic H1; image alt complete,appointment:true; call:true; WhatsApp:true; directions:true; local signals:true,canonical clinic/doctor naming consistent; no unsupported superlative detected,NO CHANGE,200,,752,None
/te/conditions/dementia,Medical informational with consultation intent page for dementia,డిమెన్షియా చికిత్స విజయవాడ,డిమెన్షియా చికిత్స విజయవాడ,"డిమెన్షియా లక్షణాలు, నిర్ధారణ, చికిత్స ఎంపికలు మరియు విజయవాడలో సైకియాట్రిక్ కన్సల్టేషన్ సమాచారం.","డిమెన్షియా లక్షణాలు, నిర్ధారణ, చికిత్స ఎంపికలు మరియు విజయవాడలో సైకియాట్రిక్ కన్సల్టేషన్ సమాచారం.",డిమెన్షియా చికిత్స విజయవాడ,డిమెన్షియా చికిత్స విజయవాడ,Medical informational with consultation intent,డిమెన్షియా చికిత్స విజయవాడ,Indexable — included in sitemap,http://localhost:3000/te/conditions/dementia,MedicalClinic; PostalAddress; GeoCoordinates; OpeningHoursSpecification; ContactPoint; Physician; WebSite; BreadcrumbList; ListItem; FAQPage; Question; Answer,10 H2 / 0 H3 — మీరు లేదా కుటుంబం గమనించవచ్చేవి | సాధారణ కారణాలు మరియు ప్రభావాలు | ప్రమాద కారకాలు | నిర్ధారణ ఎలా చేస్తారు?,"index, follow",Complete,1 images; 0 missing alt; responsive Next images detected: false,27 internal links; appointment linked,3 external links,No exact duplicate detected in initial pass,No material content issue,165 KB HTML; 1 images; lazy/responsive image review applied,viewport configured; semantic H1; image alt complete,appointment:true; call:true; WhatsApp:true; directions:true; local signals:true,canonical clinic/doctor naming consistent; no unsupported superlative detected,NO CHANGE,200,,735,None
/te/conditions/depression,Medical informational with consultation intent page for depression,డిప్రెషన్ చికిత్స విజయవాడ | కృష్ణ న్యూరో,డిప్రెషన్ చికిత్స విజయవాడ | కృష్ణ న్యూరో,"డిప్రెషన్ లక్షణాలు, నిర్ధారణ మరియు చికిత్స ఎంపికల గురించి తెలుసుకోండి. విజయవాడలో డా. పామర్తి కృష్ణ దాస్‌తో సైకియాట్రిక్ కన్సల్టేషన్ వివరాలు.","డిప్రెషన్ లక్షణాలు, నిర్ధారణ మరియు చికిత్స ఎంపికల గురించి తెలుసుకోండి. విజయవాడలో డా. పామర్తి కృష్ణ దాస్‌తో సైకియాట్రిక్ కన్సల్టేషన్ వివరాలు.",డిప్రెషన్ చికిత్స విజయవాడ,డిప్రెషన్ చికిత్స విజయవాడ,Medical informational with consultation intent,డిప్రెషన్ చికిత్స విజయవాడ | కృష్ణ న్యూరో,Indexable — included in sitemap,http://localhost:3000/te/conditions/depression,MedicalClinic; PostalAddress; GeoCoordinates; OpeningHoursSpecification; ContactPoint; Physician; WebSite; BreadcrumbList; ListItem; FAQPage; Question; Answer,10 H2 / 0 H3 — మీరు లేదా కుటుంబం గమనించవచ్చేవి | సాధారణ కారణాలు మరియు ప్రభావాలు | ప్రమాద కారకాలు | నిర్ధారణ ఎలా చేస్తారు?,"index, follow",Complete,1 images; 0 missing alt; responsive Next images detected: false,27 internal links; appointment linked,3 external links,No exact duplicate detected in initial pass,No material content issue,170 KB HTML; 1 images; lazy/responsive image review applied,viewport configured; semantic H1; image alt complete,appointment:true; call:true; WhatsApp:true; directions:true; local signals:true,canonical clinic/doctor naming consistent; no unsupported superlative detected,NO CHANGE,200,,779,None
/te/conditions/drug-addiction,Medical informational with consultation intent page for drug addiction,డ్రగ్ వ్యసనం చికిత్స విజయవాడ,డ్రగ్ వ్యసనం చికిత్స విజయవాడ,"డ్రగ్ వ్యసనం లక్షణాలు, నిర్ధారణ, చికిత్స ఎంపికలు మరియు విజయవాడలో సైకియాట్రిక్ కన్సల్టేషన్ సమాచారం.","డ్రగ్ వ్యసనం లక్షణాలు, నిర్ధారణ, చికిత్స ఎంపికలు మరియు విజయవాడలో సైకియాట్రిక్ కన్సల్టేషన్ సమాచారం.",డ్రగ్ వ్యసనం చికిత్స విజయవాడ,డ్రగ్ వ్యసనం చికిత్స విజయవాడ,Medical informational with consultation intent,డ్రగ్ వ్యసనం చికిత్స విజయవాడ,Indexable — included in sitemap,http://localhost:3000/te/conditions/drug-addiction,MedicalClinic; PostalAddress; GeoCoordinates; OpeningHoursSpecification; ContactPoint; Physician; WebSite; BreadcrumbList; ListItem; FAQPage; Question; Answer,10 H2 / 0 H3 — మీరు లేదా కుటుంబం గమనించవచ్చేవి | సాధారణ కారణాలు మరియు ప్రభావాలు | ప్రమాద కారకాలు | నిర్ధారణ ఎలా చేస్తారు?,"index, follow",Complete,1 images; 0 missing alt; responsive Next images detected: false,27 internal links; appointment linked,3 external links,No exact duplicate detected in initial pass,No material content issue,168 KB HTML; 1 images; lazy/responsive image review applied,viewport configured; semantic H1; image alt complete,appointment:true; call:true; WhatsApp:true; directions:true; local signals:true,canonical clinic/doctor naming consistent; no unsupported superlative detected,NO CHANGE,200,,769,None
/te/conditions/family-counselling,Medical informational with consultation intent page for family counselling,కుటుంబ కౌన్సెలింగ్ చికిత్స విజయవాడ,కుటుంబ కౌన్సెలింగ్ చికిత్స విజయవాడ,"కుటుంబ కౌన్సెలింగ్ లక్షణాలు, నిర్ధారణ, చికిత్స ఎంపికలు మరియు విజయవాడలో సైకియాట్రిక్ కన్సల్టేషన్ సమాచారం.","కుటుంబ కౌన్సెలింగ్ లక్షణాలు, నిర్ధారణ, చికిత్స ఎంపికలు మరియు విజయవాడలో సైకియాట్రిక్ కన్సల్టేషన్ సమాచారం.",కుటుంబ కౌన్సెలింగ్ చికిత్స విజయవాడ,కుటుంబ కౌన్సెలింగ్ చికిత్స విజయవాడ,Medical informational with consultation intent,కుటుంబ కౌన్సెలింగ్ చికిత్స విజయవాడ,Indexable — included in sitemap,http://localhost:3000/te/conditions/family-counselling,MedicalClinic; PostalAddress; GeoCoordinates; OpeningHoursSpecification; ContactPoint; Physician; WebSite; BreadcrumbList; ListItem; FAQPage; Question; Answer,10 H2 / 0 H3 — మీరు లేదా కుటుంబం గమనించవచ్చేవి | సాధారణ కారణాలు మరియు ప్రభావాలు | ప్రమాద కారకాలు | నిర్ధారణ ఎలా చేస్తారు?,"index, follow",Complete,1 images; 0 missing alt; responsive Next images detected: false,27 internal links; appointment linked,3 external links,No exact duplicate detected in initial pass,No material content issue,166 KB HTML; 1 images; lazy/responsive image review applied,viewport configured; semantic H1; image alt complete,appointment:true; call:true; WhatsApp:true; directions:true; local signals:true,canonical clinic/doctor naming consistent; no unsupported superlative detected,NO CHANGE,200,,740,None
/te/conditions/grief-counselling,Medical informational with consultation intent page for grief counselling,దుఃఖం / నష్టం కౌన్సెలింగ్ చికిత్స విజయవాడ,దుఃఖం / నష్టం కౌన్సెలింగ్ చికిత్స విజయవాడ,"దుఃఖం / నష్టం కౌన్సెలింగ్ లక్షణాలు, నిర్ధారణ, చికిత్స ఎంపికలు మరియు విజయవాడలో సైకియాట్రిక్ కన్సల్టేషన్ సమాచారం.","దుఃఖం / నష్టం కౌన్సెలింగ్ లక్షణాలు, నిర్ధారణ, చికిత్స ఎంపికలు మరియు విజయవాడలో సైకియాట్రిక్ కన్సల్టేషన్ సమాచారం.",దుఃఖం / నష్టం కౌన్సెలింగ్ చికిత్స విజయవాడ,దుఃఖం / నష్టం కౌన్సెలింగ్ చికిత్స విజయవాడ,Medical informational with consultation intent,దుఃఖం / నష్టం కౌన్సెలింగ్ చికిత్స విజయవాడ,Indexable — included in sitemap,http://localhost:3000/te/conditions/grief-counselling,MedicalClinic; PostalAddress; GeoCoordinates; OpeningHoursSpecification; ContactPoint; Physician; WebSite; BreadcrumbList; ListItem; FAQPage; Question; Answer,10 H2 / 0 H3 — మీరు లేదా కుటుంబం గమనించవచ్చేవి | సాధారణ కారణాలు మరియు ప్రభావాలు | ప్రమాద కారకాలు | నిర్ధారణ ఎలా చేస్తారు?,"index, follow",Complete,1 images; 0 missing alt; responsive Next images detected: false,27 internal links; appointment linked,3 external links,No exact duplicate detected in initial pass,No material content issue,167 KB HTML; 1 images; lazy/responsive image review applied,viewport configured; semantic H1; image alt complete,appointment:true; call:true; WhatsApp:true; directions:true; local signals:true,canonical clinic/doctor naming consistent; no unsupported superlative detected,NO CHANGE,200,,770,None
/te/conditions/learning-disorders,Medical informational with consultation intent page for learning disorders,లెర్నింగ్ డిసార్డర్స్ చికిత్స విజయవాడ,లెర్నింగ్ డిసార్డర్స్ చికిత్స విజయవాడ,"లెర్నింగ్ డిసార్డర్స్ లక్షణాలు, నిర్ధారణ, చికిత్స ఎంపికలు మరియు విజయవాడలో సైకియాట్రిక్ కన్సల్టేషన్ సమాచారం.","లెర్నింగ్ డిసార్డర్స్ లక్షణాలు, నిర్ధారణ, చికిత్స ఎంపికలు మరియు విజయవాడలో సైకియాట్రిక్ కన్సల్టేషన్ సమాచారం.",లెర్నింగ్ డిసార్డర్స్ చికిత్స విజయవాడ,లెర్నింగ్ డిసార్డర్స్ చికిత్స విజయవాడ,Medical informational with consultation intent,లెర్నింగ్ డిసార్డర్స్ చికిత్స విజయవాడ,Indexable — included in sitemap,http://localhost:3000/te/conditions/learning-disorders,MedicalClinic; PostalAddress; GeoCoordinates; OpeningHoursSpecification; ContactPoint; Physician; WebSite; BreadcrumbList; ListItem; FAQPage; Question; Answer,10 H2 / 0 H3 — మీరు లేదా కుటుంబం గమనించవచ్చేవి | సాధారణ కారణాలు మరియు ప్రభావాలు | ప్రమాద కారకాలు | నిర్ధారణ ఎలా చేస్తారు?,"index, follow",Complete,1 images; 0 missing alt; responsive Next images detected: false,27 internal links; appointment linked,3 external links,No exact duplicate detected in initial pass,No material content issue,166 KB HTML; 1 images; lazy/responsive image review applied,viewport configured; semantic H1; image alt complete,appointment:true; call:true; WhatsApp:true; directions:true; local signals:true,canonical clinic/doctor naming consistent; no unsupported superlative detected,NO CHANGE,200,,746,None
/te/conditions/memory-problems,Medical informational with consultation intent page for memory problems,జ్ఞాపకశక్తి సమస్యలు చికిత్స విజయవాడ,జ్ఞాపకశక్తి సమస్యలు చికిత్స విజయవాడ,"జ్ఞాపకశక్తి సమస్యలు లక్షణాలు, నిర్ధారణ, చికిత్స ఎంపికలు మరియు విజయవాడలో సైకియాట్రిక్ కన్సల్టేషన్ సమాచారం.","జ్ఞాపకశక్తి సమస్యలు లక్షణాలు, నిర్ధారణ, చికిత్స ఎంపికలు మరియు విజయవాడలో సైకియాట్రిక్ కన్సల్టేషన్ సమాచారం.",జ్ఞాపకశక్తి సమస్యలు చికిత్స విజయవాడ,జ్ఞాపకశక్తి సమస్యలు చికిత్స విజయవాడ,Medical informational with consultation intent,జ్ఞాపకశక్తి సమస్యలు చికిత్స విజయవాడ,Indexable — included in sitemap,http://localhost:3000/te/conditions/memory-problems,MedicalClinic; PostalAddress; GeoCoordinates; OpeningHoursSpecification; ContactPoint; Physician; WebSite; BreadcrumbList; ListItem; FAQPage; Question; Answer,10 H2 / 0 H3 — మీరు లేదా కుటుంబం గమనించవచ్చేవి | సాధారణ కారణాలు మరియు ప్రభావాలు | ప్రమాద కారకాలు | నిర్ధారణ ఎలా చేస్తారు?,"index, follow",Complete,1 images; 0 missing alt; responsive Next images detected: false,27 internal links; appointment linked,3 external links,No exact duplicate detected in initial pass,No material content issue,166 KB HTML; 1 images; lazy/responsive image review applied,viewport configured; semantic H1; image alt complete,appointment:true; call:true; WhatsApp:true; directions:true; local signals:true,canonical clinic/doctor naming consistent; no unsupported superlative detected,NO CHANGE,200,,743,None
/te/conditions/ocd,Medical informational with consultation intent page for ocd,OCD చికిత్స విజయవాడ | కృష్ణ న్యూరో,OCD చికిత్స విజయవాడ | కృష్ణ న్యూరో,"ఇష్టం లేని ఆలోచనలు, పదేపదే చేసే రిచువల్స్ మరియు OCD చికిత్స ఎంపికలపై బాధ్యతాయుత తెలుగు సమాచారం; విజయవాడ కన్సల్టేషన్ వివరాలు.","ఇష్టం లేని ఆలోచనలు, పదేపదే చేసే రిచువల్స్ మరియు OCD చికిత్స ఎంపికలపై బాధ్యతాయుత తెలుగు సమాచారం; విజయవాడ కన్సల్టేషన్ వివరాలు.",OCD చికిత్స విజయవాడ,OCD చికిత్స విజయవాడ,Medical informational with consultation intent,ocd చికిత్స విజయవాడ | కృష్ణ న్యూరో,Indexable — included in sitemap,http://localhost:3000/te/conditions/ocd,MedicalClinic; PostalAddress; GeoCoordinates; OpeningHoursSpecification; ContactPoint; Physician; WebSite; BreadcrumbList; ListItem; FAQPage; Question; Answer,10 H2 / 0 H3 — మీరు లేదా కుటుంబం గమనించవచ్చేవి | సాధారణ కారణాలు మరియు ప్రభావాలు | ప్రమాద కారకాలు | నిర్ధారణ ఎలా చేస్తారు?,"index, follow",Complete,1 images; 0 missing alt; responsive Next images detected: false,27 internal links; appointment linked,3 external links,No exact duplicate detected in initial pass,No material content issue,167 KB HTML; 1 images; lazy/responsive image review applied,viewport configured; semantic H1; image alt complete,appointment:true; call:true; WhatsApp:true; directions:true; local signals:true,canonical clinic/doctor naming consistent; no unsupported superlative detected,NO CHANGE,200,,768,None
/te/conditions/old-age-psychiatry,Medical informational with consultation intent page for old age psychiatry,వృద్ధాప్య మానసిక ఆరోగ్యం చికిత్స విజయవాడ,వృద్ధాప్య మానసిక ఆరోగ్యం చికిత్స విజయవాడ,"వృద్ధాప్య మానసిక ఆరోగ్యం లక్షణాలు, నిర్ధారణ, చికిత్స ఎంపికలు మరియు విజయవాడలో సైకియాట్రిక్ కన్సల్టేషన్ సమాచారం.","వృద్ధాప్య మానసిక ఆరోగ్యం లక్షణాలు, నిర్ధారణ, చికిత్స ఎంపికలు మరియు విజయవాడలో సైకియాట్రిక్ కన్సల్టేషన్ సమాచారం.",వృద్ధాప్య మానసిక ఆరోగ్యం చికిత్స విజయవాడ,వృద్ధాప్య మానసిక ఆరోగ్యం చికిత్స విజయవాడ,Medical informational with consultation intent,వృద్ధాప్య మానసిక ఆరోగ్యం చికిత్స విజయవాడ,Indexable — included in sitemap,http://localhost:3000/te/conditions/old-age-psychiatry,MedicalClinic; PostalAddress; GeoCoordinates; OpeningHoursSpecification; ContactPoint; Physician; WebSite; BreadcrumbList; ListItem; FAQPage; Question; Answer,10 H2 / 0 H3 — మీరు లేదా కుటుంబం గమనించవచ్చేవి | సాధారణ కారణాలు మరియు ప్రభావాలు | ప్రమాద కారకాలు | నిర్ధారణ ఎలా చేస్తారు?,"index, follow",Complete,1 images; 0 missing alt; responsive Next images detected: false,27 internal links; appointment linked,3 external links,No exact duplicate detected in initial pass,No material content issue,166 KB HTML; 1 images; lazy/responsive image review applied,viewport configured; semantic H1; image alt complete,appointment:true; call:true; WhatsApp:true; directions:true; local signals:true,canonical clinic/doctor naming consistent; no unsupported superlative detected,NO CHANGE,200,,749,None
/te/conditions/panic-disorder,Medical informational with consultation intent page for panic disorder,పానిక్ డిసార్డర్ చికిత్స విజయవాడ | కృష్ణ న్యూరో,పానిక్ డిసార్డర్ చికిత్స విజయవాడ | కృష్ణ న్యూరో,"పానిక్ అటాక్స్ లక్షణాలు, వైద్య అంచనా ఎప్పుడు అవసరం, మరియు విజయవాడలో పానిక్ డిసార్డర్ చికిత్స ఎంపికల గురించి తెలుసుకోండి.","పానిక్ అటాక్స్ లక్షణాలు, వైద్య అంచనా ఎప్పుడు అవసరం, మరియు విజయవాడలో పానిక్ డిసార్డర్ చికిత్స ఎంపికల గురించి తెలుసుకోండి.",పానిక్ డిసార్డర్ చికిత్స విజయవాడ,పానిక్ డిసార్డర్ చికిత్స విజయవాడ,Medical informational with consultation intent,పానిక్ డిసార్డర్ చికిత్స విజయవాడ | కృష్ణ న్యూరో,Indexable — included in sitemap,http://localhost:3000/te/conditions/panic-disorder,MedicalClinic; PostalAddress; GeoCoordinates; OpeningHoursSpecification; ContactPoint; Physician; WebSite; BreadcrumbList; ListItem; FAQPage; Question; Answer,10 H2 / 0 H3 — మీరు లేదా కుటుంబం గమనించవచ్చేవి | సాధారణ కారణాలు మరియు ప్రభావాలు | ప్రమాద కారకాలు | నిర్ధారణ ఎలా చేస్తారు?,"index, follow",Complete,1 images; 0 missing alt; responsive Next images detected: false,27 internal links; appointment linked,3 external links,No exact duplicate detected in initial pass,No material content issue,167 KB HTML; 1 images; lazy/responsive image review applied,viewport configured; semantic H1; image alt complete,appointment:true; call:true; WhatsApp:true; directions:true; local signals:true,canonical clinic/doctor naming consistent; no unsupported superlative detected,NO CHANGE,200,,752,None
/te/conditions/personality-disorders,Medical informational with consultation intent page for personality disorders,పర్సనాలిటీ డిసార్డర్స్ చికిత్స విజయవాడ,పర్సనాలిటీ డిసార్డర్స్ చికిత్స విజయవాడ,"పర్సనాలిటీ డిసార్డర్స్ లక్షణాలు, నిర్ధారణ, చికిత్స ఎంపికలు మరియు విజయవాడలో సైకియాట్రిక్ కన్సల్టేషన్ సమాచారం.","పర్సనాలిటీ డిసార్డర్స్ లక్షణాలు, నిర్ధారణ, చికిత్స ఎంపికలు మరియు విజయవాడలో సైకియాట్రిక్ కన్సల్టేషన్ సమాచారం.",పర్సనాలిటీ డిసార్డర్స్ చికిత్స విజయవాడ,పర్సనాలిటీ డిసార్డర్స్ చికిత్స విజయవాడ,Medical informational with consultation intent,పర్సనాలిటీ డిసార్డర్స్ చికిత్స విజయవాడ,Indexable — included in sitemap,http://localhost:3000/te/conditions/personality-disorders,MedicalClinic; PostalAddress; GeoCoordinates; OpeningHoursSpecification; ContactPoint; Physician; WebSite; BreadcrumbList; ListItem; FAQPage; Question; Answer,10 H2 / 0 H3 — మీరు లేదా కుటుంబం గమనించవచ్చేవి | సాధారణ కారణాలు మరియు ప్రభావాలు | ప్రమాద కారకాలు | నిర్ధారణ ఎలా చేస్తారు?,"index, follow",Complete,1 images; 0 missing alt; responsive Next images detected: false,27 internal links; appointment linked,3 external links,No exact duplicate detected in initial pass,No material content issue,167 KB HTML; 1 images; lazy/responsive image review applied,viewport configured; semantic H1; image alt complete,appointment:true; call:true; WhatsApp:true; directions:true; local signals:true,canonical clinic/doctor naming consistent; no unsupported superlative detected,NO CHANGE,200,,745,None
/te/conditions/postpartum-depression,Medical informational with consultation intent page for postpartum depression,ప్రసవానంతర డిప్రెషన్ చికిత్స విజయవాడ,ప్రసవానంతర డిప్రెషన్ చికిత్స విజయవాడ,"ప్రసవానంతర డిప్రెషన్ లక్షణాలు, నిర్ధారణ, చికిత్స ఎంపికలు మరియు విజయవాడలో సైకియాట్రిక్ కన్సల్టేషన్ సమాచారం.","ప్రసవానంతర డిప్రెషన్ లక్షణాలు, నిర్ధారణ, చికిత్స ఎంపికలు మరియు విజయవాడలో సైకియాట్రిక్ కన్సల్టేషన్ సమాచారం.",ప్రసవానంతర డిప్రెషన్ చికిత్స విజయవాడ,ప్రసవానంతర డిప్రెషన్ చికిత్స విజయవాడ,Medical informational with consultation intent,ప్రసవానంతర డిప్రెషన్ చికిత్స విజయవాడ,Indexable — included in sitemap,http://localhost:3000/te/conditions/postpartum-depression,MedicalClinic; PostalAddress; GeoCoordinates; OpeningHoursSpecification; ContactPoint; Physician; WebSite; BreadcrumbList; ListItem; FAQPage; Question; Answer,10 H2 / 0 H3 — మీరు లేదా కుటుంబం గమనించవచ్చేవి | సాధారణ కారణాలు మరియు ప్రభావాలు | ప్రమాద కారకాలు | నిర్ధారణ ఎలా చేస్తారు?,"index, follow",Complete,1 images; 0 missing alt; responsive Next images detected: false,27 internal links; appointment linked,3 external links,No exact duplicate detected in initial pass,No material content issue,169 KB HTML; 1 images; lazy/responsive image review applied,viewport configured; semantic H1; image alt complete,appointment:true; call:true; WhatsApp:true; directions:true; local signals:true,canonical clinic/doctor naming consistent; no unsupported superlative detected,NO CHANGE,200,,776,None
/te/conditions/psychosis,Medical informational with consultation intent page for psychosis,సైకోసిస్ చికిత్స విజయవాడ,సైకోసిస్ చికిత్స విజయవాడ,"సైకోసిస్ లక్షణాలు, నిర్ధారణ, చికిత్స ఎంపికలు మరియు విజయవాడలో సైకియాట్రిక్ కన్సల్టేషన్ సమాచారం.","సైకోసిస్ లక్షణాలు, నిర్ధారణ, చికిత్స ఎంపికలు మరియు విజయవాడలో సైకియాట్రిక్ కన్సల్టేషన్ సమాచారం.",సైకోసిస్ చికిత్స విజయవాడ,సైకోసిస్ చికిత్స విజయవాడ,Medical informational with consultation intent,సైకోసిస్ చికిత్స విజయవాడ,Indexable — included in sitemap,http://localhost:3000/te/conditions/psychosis,MedicalClinic; PostalAddress; GeoCoordinates; OpeningHoursSpecification; ContactPoint; Physician; WebSite; BreadcrumbList; ListItem; FAQPage; Question; Answer,10 H2 / 0 H3 — మీరు లేదా కుటుంబం గమనించవచ్చేవి | సాధారణ కారణాలు మరియు ప్రభావాలు | ప్రమాద కారకాలు | నిర్ధారణ ఎలా చేస్తారు?,"index, follow",Complete,1 images; 0 missing alt; responsive Next images detected: false,27 internal links; appointment linked,3 external links,No exact duplicate detected in initial pass,No material content issue,168 KB HTML; 1 images; lazy/responsive image review applied,viewport configured; semantic H1; image alt complete,appointment:true; call:true; WhatsApp:true; directions:true; local signals:true,canonical clinic/doctor naming consistent; no unsupported superlative detected,NO CHANGE,200,,767,None
/te/conditions/relationship-counselling,Medical informational with consultation intent page for relationship counselling,దాంపత్య / సంబంధ కౌన్సెలింగ్ చికిత్స విజయవాడ,దాంపత్య / సంబంధ కౌన్సెలింగ్ చికిత్స విజయవాడ,"దాంపత్య / సంబంధ కౌన్సెలింగ్ లక్షణాలు, నిర్ధారణ, చికిత్స ఎంపికలు మరియు విజయవాడలో సైకియాట్రిక్ కన్సల్టేషన్ సమాచారం.","దాంపత్య / సంబంధ కౌన్సెలింగ్ లక్షణాలు, నిర్ధారణ, చికిత్స ఎంపికలు మరియు విజయవాడలో సైకియాట్రిక్ కన్సల్టేషన్ సమాచారం.",దాంపత్య / సంబంధ కౌన్సెలింగ్ చికిత్స విజయవాడ,దాంపత్య / సంబంధ కౌన్సెలింగ్ చికిత్స విజయవాడ,Medical informational with consultation intent,దాంపత్య / సంబంధ కౌన్సెలింగ్ చికిత్స విజయవాడ,Indexable — included in sitemap,http://localhost:3000/te/conditions/relationship-counselling,MedicalClinic; PostalAddress; GeoCoordinates; OpeningHoursSpecification; ContactPoint; Physician; WebSite; BreadcrumbList; ListItem; FAQPage; Question; Answer,10 H2 / 0 H3 — మీరు లేదా కుటుంబం గమనించవచ్చేవి | సాధారణ కారణాలు మరియు ప్రభావాలు | ప్రమాద కారకాలు | నిర్ధారణ ఎలా చేస్తారు?,"index, follow",Complete,1 images; 0 missing alt; responsive Next images detected: false,27 internal links; appointment linked,3 external links,No exact duplicate detected in initial pass,No material content issue,167 KB HTML; 1 images; lazy/responsive image review applied,viewport configured; semantic H1; image alt complete,appointment:true; call:true; WhatsApp:true; directions:true; local signals:true,canonical clinic/doctor naming consistent; no unsupported superlative detected,NO CHANGE,200,,762,None
/te/conditions/schizophrenia,Medical informational with consultation intent page for schizophrenia,స్కిజోఫ్రీనియా చికిత్స విజయవాడ | కృష్ణ న్యూరో,స్కిజోఫ్రీనియా చికిత్స విజయవాడ | కృష్ణ న్యూరో,"స్కిజోఫ్రీనియా లక్షణాలు, ప్రారంభ సంకేతాలు, నిర్ధారణ మరియు చికిత్స ఎంపికల గురించి తెలుసుకోండి. విజయవాడలో డా. పామర్తి కృష్ణ దాస్‌తో కన్సల్టేషన్ సమాచారం.","స్కిజోఫ్రీనియా లక్షణాలు, ప్రారంభ సంకేతాలు, నిర్ధారణ మరియు చికిత్స ఎంపికల గురించి తెలుసుకోండి. విజయవాడలో డా. పామర్తి కృష్ణ దాస్‌తో కన్సల్టేషన్ సమాచారం.",స్కిజోఫ్రీనియా చికిత్స విజయవాడ,స్కిజోఫ్రీనియా చికిత్స విజయవాడ,Medical informational with consultation intent,స్కిజోఫ్రీనియా చికిత్స విజయవాడ | కృష్ణ న్యూరో,Indexable — included in sitemap,http://localhost:3000/te/conditions/schizophrenia,MedicalClinic; PostalAddress; GeoCoordinates; OpeningHoursSpecification; ContactPoint; Physician; WebSite; BreadcrumbList; ListItem; FAQPage; Question; Answer,10 H2 / 0 H3 — మీరు లేదా కుటుంబం గమనించవచ్చేవి | సాధారణ కారణాలు మరియు ప్రభావాలు | ప్రమాద కారకాలు | నిర్ధారణ ఎలా చేస్తారు?,"index, follow",Complete,1 images; 0 missing alt; responsive Next images detected: false,27 internal links; appointment linked,3 external links,No exact duplicate detected in initial pass,No material content issue,170 KB HTML; 1 images; lazy/responsive image review applied,viewport configured; semantic H1; image alt complete,appointment:true; call:true; WhatsApp:true; directions:true; local signals:true,canonical clinic/doctor naming consistent; no unsupported superlative detected,NO CHANGE,200,,769,None
/te/conditions/sexual-disorders,Medical informational with consultation intent page for sexual disorders,లైంగిక ఆరోగ్య సమస్యలు చికిత్స విజయవాడ,లైంగిక ఆరోగ్య సమస్యలు చికిత్స విజయవాడ,"లైంగిక ఆరోగ్య సమస్యలు లక్షణాలు, నిర్ధారణ, చికిత్స ఎంపికలు మరియు విజయవాడలో సైకియాట్రిక్ కన్సల్టేషన్ సమాచారం.","లైంగిక ఆరోగ్య సమస్యలు లక్షణాలు, నిర్ధారణ, చికిత్స ఎంపికలు మరియు విజయవాడలో సైకియాట్రిక్ కన్సల్టేషన్ సమాచారం.",లైంగిక ఆరోగ్య సమస్యలు చికిత్స విజయవాడ,లైంగిక ఆరోగ్య సమస్యలు చికిత్స విజయవాడ,Medical informational with consultation intent,లైంగిక ఆరోగ్య సమస్యలు చికిత్స విజయవాడ,Indexable — included in sitemap,http://localhost:3000/te/conditions/sexual-disorders,MedicalClinic; PostalAddress; GeoCoordinates; OpeningHoursSpecification; ContactPoint; Physician; WebSite; BreadcrumbList; ListItem; FAQPage; Question; Answer,10 H2 / 0 H3 — మీరు లేదా కుటుంబం గమనించవచ్చేవి | సాధారణ కారణాలు మరియు ప్రభావాలు | ప్రమాద కారకాలు | నిర్ధారణ ఎలా చేస్తారు?,"index, follow",Complete,1 images; 0 missing alt; responsive Next images detected: false,27 internal links; appointment linked,3 external links,No exact duplicate detected in initial pass,No material content issue,167 KB HTML; 1 images; lazy/responsive image review applied,viewport configured; semantic H1; image alt complete,appointment:true; call:true; WhatsApp:true; directions:true; local signals:true,canonical clinic/doctor naming consistent; no unsupported superlative detected,NO CHANGE,200,,759,None
/te/conditions/sleep-disorders,Medical informational with consultation intent page for sleep disorders,నిద్ర సమస్యలు చికిత్స విజయవాడ,నిద్ర సమస్యలు చికిత్స విజయవాడ,"నిద్ర సమస్యలు లక్షణాలు, నిర్ధారణ, చికిత్స ఎంపికలు మరియు విజయవాడలో సైకియాట్రిక్ కన్సల్టేషన్ సమాచారం.","నిద్ర సమస్యలు లక్షణాలు, నిర్ధారణ, చికిత్స ఎంపికలు మరియు విజయవాడలో సైకియాట్రిక్ కన్సల్టేషన్ సమాచారం.",నిద్ర సమస్యలు చికిత్స విజయవాడ,నిద్ర సమస్యలు చికిత్స విజయవాడ,Medical informational with consultation intent,నిద్ర సమస్యలు చికిత్స విజయవాడ,Indexable — included in sitemap,http://localhost:3000/te/conditions/sleep-disorders,MedicalClinic; PostalAddress; GeoCoordinates; OpeningHoursSpecification; ContactPoint; Physician; WebSite; BreadcrumbList; ListItem; FAQPage; Question; Answer,10 H2 / 0 H3 — మీరు లేదా కుటుంబం గమనించవచ్చేవి | సాధారణ కారణాలు మరియు ప్రభావాలు | ప్రమాద కారకాలు | నిర్ధారణ ఎలా చేస్తారు?,"index, follow",Complete,1 images; 0 missing alt; responsive Next images detected: false,27 internal links; appointment linked,3 external links,No exact duplicate detected in initial pass,No material content issue,165 KB HTML; 1 images; lazy/responsive image review applied,viewport configured; semantic H1; image alt complete,appointment:true; call:true; WhatsApp:true; directions:true; local signals:true,canonical clinic/doctor naming consistent; no unsupported superlative detected,NO CHANGE,200,,747,None
/te/conditions/smoking-addiction,Medical informational with consultation intent page for smoking addiction,పొగాకు / నికోటిన్ వ్యసనం చికిత్స విజయవాడ,పొగాకు / నికోటిన్ వ్యసనం చికిత్స విజయవాడ,"పొగాకు / నికోటిన్ వ్యసనం లక్షణాలు, నిర్ధారణ, చికిత్స ఎంపికలు మరియు విజయవాడలో సైకియాట్రిక్ కన్సల్టేషన్ సమాచారం.","పొగాకు / నికోటిన్ వ్యసనం లక్షణాలు, నిర్ధారణ, చికిత్స ఎంపికలు మరియు విజయవాడలో సైకియాట్రిక్ కన్సల్టేషన్ సమాచారం.",పొగాకు / నికోటిన్ వ్యసనం చికిత్స విజయవాడ,పొగాకు / నికోటిన్ వ్యసనం చికిత్స విజయవాడ,Medical informational with consultation intent,పొగాకు / నికోటిన్ వ్యసనం చికిత్స విజయవాడ,Indexable — included in sitemap,http://localhost:3000/te/conditions/smoking-addiction,MedicalClinic; PostalAddress; GeoCoordinates; OpeningHoursSpecification; ContactPoint; Physician; WebSite; BreadcrumbList; ListItem; FAQPage; Question; Answer,10 H2 / 0 H3 — మీరు లేదా కుటుంబం గమనించవచ్చేవి | సాధారణ కారణాలు మరియు ప్రభావాలు | ప్రమాద కారకాలు | నిర్ధారణ ఎలా చేస్తారు?,"index, follow",Complete,1 images; 0 missing alt; responsive Next images detected: false,27 internal links; appointment linked,3 external links,No exact duplicate detected in initial pass,No material content issue,166 KB HTML; 1 images; lazy/responsive image review applied,viewport configured; semantic H1; image alt complete,appointment:true; call:true; WhatsApp:true; directions:true; local signals:true,canonical clinic/doctor naming consistent; no unsupported superlative detected,NO CHANGE,200,,755,None
/te/conditions/stress,Medical informational with consultation intent page for stress,ఒత్తిడి (స్ట్రెస్) చికిత్స విజయవాడ,ఒత్తిడి (స్ట్రెస్) చికిత్స విజయవాడ,"ఒత్తిడి (స్ట్రెస్) లక్షణాలు, నిర్ధారణ, చికిత్స ఎంపికలు మరియు విజయవాడలో సైకియాట్రిక్ కన్సల్టేషన్ సమాచారం.","ఒత్తిడి (స్ట్రెస్) లక్షణాలు, నిర్ధారణ, చికిత్స ఎంపికలు మరియు విజయవాడలో సైకియాట్రిక్ కన్సల్టేషన్ సమాచారం.",ఒత్తిడి (స్ట్రెస్) చికిత్స విజయవాడ,ఒత్తిడి (స్ట్రెస్) చికిత్స విజయవాడ,Medical informational with consultation intent,ఒత్తిడి (స్ట్రెస్) చికిత్స విజయవాడ,Indexable — included in sitemap,http://localhost:3000/te/conditions/stress,MedicalClinic; PostalAddress; GeoCoordinates; OpeningHoursSpecification; ContactPoint; Physician; WebSite; BreadcrumbList; ListItem; FAQPage; Question; Answer,10 H2 / 0 H3 — మీరు లేదా కుటుంబం గమనించవచ్చేవి | సాధారణ కారణాలు మరియు ప్రభావాలు | ప్రమాద కారకాలు | నిర్ధారణ ఎలా చేస్తారు?,"index, follow",Complete,1 images; 0 missing alt; responsive Next images detected: false,27 internal links; appointment linked,3 external links,No exact duplicate detected in initial pass,No material content issue,166 KB HTML; 1 images; lazy/responsive image review applied,viewport configured; semantic H1; image alt complete,appointment:true; call:true; WhatsApp:true; directions:true; local signals:true,canonical clinic/doctor naming consistent; no unsupported superlative detected,NO CHANGE,200,,749,None
/te/conditions/suicidal-thoughts,Medical informational with consultation intent page for suicidal thoughts,ఆత్మహత్య ఆలోచనలు చికిత్స విజయవాడ,ఆత్మహత్య ఆలోచనలు చికిత్స విజయవాడ,"ఆత్మహత్య ఆలోచనలు లక్షణాలు, నిర్ధారణ, చికిత్స ఎంపికలు మరియు విజయవాడలో సైకియాట్రిక్ కన్సల్టేషన్ సమాచారం.","ఆత్మహత్య ఆలోచనలు లక్షణాలు, నిర్ధారణ, చికిత్స ఎంపికలు మరియు విజయవాడలో సైకియాట్రిక్ కన్సల్టేషన్ సమాచారం.",ఆత్మహత్య ఆలోచనలు చికిత్స విజయవాడ,ఆత్మహత్య ఆలోచనలు చికిత్స విజయవాడ,Medical informational with consultation intent,ఆత్మహత్య ఆలోచనలు చికిత్స విజయవాడ,Indexable — included in sitemap,http://localhost:3000/te/conditions/suicidal-thoughts,MedicalClinic; PostalAddress; GeoCoordinates; OpeningHoursSpecification; ContactPoint; Physician; WebSite; BreadcrumbList; ListItem; FAQPage; Question; Answer,10 H2 / 0 H3 — మీరు లేదా కుటుంబం గమనించవచ్చేవి | సాధారణ కారణాలు మరియు ప్రభావాలు | ప్రమాద కారకాలు | నిర్ధారణ ఎలా చేస్తారు?,"index, follow",Complete,1 images; 0 missing alt; responsive Next images detected: false,27 internal links; appointment linked,3 external links,No exact duplicate detected in initial pass,No material content issue,169 KB HTML; 1 images; lazy/responsive image review applied,viewport configured; semantic H1; image alt complete,appointment:true; call:true; WhatsApp:true; directions:true; local signals:true,canonical clinic/doctor naming consistent; no unsupported superlative detected,NO CHANGE,200,,774,None
/te/conditions/womens-mental-health,Medical informational with consultation intent page for womens mental health,మహిళల మానసిక ఆరోగ్యం చికిత్స విజయవాడ,మహిళల మానసిక ఆరోగ్యం చికిత్స విజయవాడ,"మహిళల మానసిక ఆరోగ్యం లక్షణాలు, నిర్ధారణ, చికిత్స ఎంపికలు మరియు విజయవాడలో సైకియాట్రిక్ కన్సల్టేషన్ సమాచారం.","మహిళల మానసిక ఆరోగ్యం లక్షణాలు, నిర్ధారణ, చికిత్స ఎంపికలు మరియు విజయవాడలో సైకియాట్రిక్ కన్సల్టేషన్ సమాచారం.",మహిళల మానసిక ఆరోగ్యం చికిత్స విజయవాడ,మహిళల మానసిక ఆరోగ్యం చికిత్స విజయవాడ,Medical informational with consultation intent,మహిళల మానసిక ఆరోగ్యం చికిత్స విజయవాడ,Indexable — included in sitemap,http://localhost:3000/te/conditions/womens-mental-health,MedicalClinic; PostalAddress; GeoCoordinates; OpeningHoursSpecification; ContactPoint; Physician; WebSite; BreadcrumbList; ListItem; FAQPage; Question; Answer,10 H2 / 0 H3 — మీరు లేదా కుటుంబం గమనించవచ్చేవి | సాధారణ కారణాలు మరియు ప్రభావాలు | ప్రమాద కారకాలు | నిర్ధారణ ఎలా చేస్తారు?,"index, follow",Complete,1 images; 0 missing alt; responsive Next images detected: false,27 internal links; appointment linked,3 external links,No exact duplicate detected in initial pass,No material content issue,167 KB HTML; 1 images; lazy/responsive image review applied,viewport configured; semantic H1; image alt complete,appointment:true; call:true; WhatsApp:true; directions:true; local signals:true,canonical clinic/doctor naming consistent; no unsupported superlative detected,NO CHANGE,200,,757,None
/te/contact,Local navigational / transactional page for contact,క్లినిక్ సంప్రదింపు,క్లినిక్ సంప్రదింపు,క్లినిక్ సంప్రదింపు గురించి బాధ్యతాయుత తెలుగు సమాచారం మరియు విజయవాడలో కన్సల్టేషన్ వివరాలు.,క్లినిక్ సంప్రదింపు గురించి బాధ్యతాయుత తెలుగు సమాచారం మరియు విజయవాడలో కన్సల్టేషన్ వివరాలు.,మీకు సులభమైన విధంగా క్లినిక్‌ను సంప్రదించండి.,మీకు సులభమైన విధంగా క్లినిక్‌ను సంప్రదించండి.,Local navigational / transactional,కృష్ణ న్యూరో సైకియాట్రిక్ సెంటర్ సంప్రదింపు,Indexable — included in sitemap,http://localhost:3000/te/contact,MedicalClinic; PostalAddress; GeoCoordinates; OpeningHoursSpecification; ContactPoint; Physician; WebSite; BreadcrumbList; ListItem,5 H2 / 0 H3 — వాయిస్ కాల్స్ | WhatsApp మరియు అపాయింట్‌మెంట్లు | చిరునామా | సమయాలు,"index, follow",Complete,1 images; 0 missing alt; responsive Next images detected: false,23 internal links; appointment linked,3 external links,No exact duplicate detected in initial pass,No material content issue,133 KB HTML; 1 images; lazy/responsive image review applied,viewport configured; semantic H1; image alt complete,appointment:true; call:true; WhatsApp:true; directions:true; local signals:true,canonical clinic/doctor naming consistent; no unsupported superlative detected,NO CHANGE,200,,483,None
/te/doctor,Legacy URL preserving existing SEO equity,Permanent redirect to /te/doctor/pamarthi-krishna-das,Keep permanent redirect to /te/doctor/pamarthi-krishna-das,N/A — redirect,N/A — redirect,N/A — redirect,N/A — redirect,Legacy navigation,doctor,Redirect — not indexable,/te/doctor/pamarthi-krishna-das,Inherited from destination,N/A,Permanent 308,Inherited from destination,N/A,Internal links updated to destination,N/A,Consolidated by redirect,None — equity preserved,Redirect only; negligible,Destination audited,Destination audited,Destination audited,NO CHANGE,301,/te/doctor/pamarthi-krishna-das,,
/te/doctor/pamarthi-krishna-das,Branded navigational / local clinical page for pamarthi krishna das,డా. పామర్తి కృష్ణ దాస్ | విజయవాడ సైకియాట్రిస్ట్,డా. పామర్తి కృష్ణ దాస్ | విజయవాడ సైకియాట్రిస్ట్,డా. పామర్తి కృష్ణ దాస్ | విజయవాడ సైకియాట్రిస్ట్ గురించి బాధ్యతాయుత తెలుగు సమాచారం మరియు విజయవాడలో కన్సల్టేషన్ వివరాలు.,డా. పామర్తి కృష్ణ దాస్ | విజయవాడ సైకియాట్రిస్ట్ గురించి బాధ్యతాయుత తెలుగు సమాచారం మరియు విజయవాడలో కన్సల్టేషన్ వివరాలు.,డా. పామర్తి కృష్ణ దాస్,డా. పామర్తి కృష్ణ దాస్,Branded navigational / local clinical,డా. పామర్తి కృష్ణ దాస్,Indexable — included in sitemap,http://localhost:3000/te/doctor/pamarthi-krishna-das,MedicalClinic; PostalAddress; GeoCoordinates; OpeningHoursSpecification; ContactPoint; Physician; WebSite; BreadcrumbList; ListItem,4 H2 / 0 H3 — ముందుగా అర్థం చేసుకోవటం | ఆలోచించి మందులు | నిజ జీవితంలో కోలుకోవటం | ఒక స్పష్టమైన సంభాషణతో మొదటి అడుగు వేయండి.,"index, follow",Complete,1 images; 0 missing alt; responsive Next images detected: false,23 internal links; appointment linked,3 external links,No exact duplicate detected in initial pass,No material content issue,134 KB HTML; 1 images; lazy/responsive image review applied,viewport configured; semantic H1; image alt complete,appointment:true; call:true; WhatsApp:true; directions:true; local signals:true,canonical clinic/doctor naming consistent; no unsupported superlative detected,NO CHANGE,200,,508,None
/te/emergency,Urgent safety information page for emergency,మానసిక ఆరోగ్య అత్యవసర సహాయం,మానసిక ఆరోగ్య అత్యవసర సహాయం,మానసిక ఆరోగ్య అత్యవసర సహాయం గురించి బాధ్యతాయుత తెలుగు సమాచారం మరియు విజయవాడలో కన్సల్టేషన్ వివరాలు.,మానసిక ఆరోగ్య అత్యవసర సహాయం గురించి బాధ్యతాయుత తెలుగు సమాచారం మరియు విజయవాడలో కన్సల్టేషన్ వివరాలు.,ఎవరైనా భద్రంగా ఉండకపోతే ఇప్పుడే చర్య తీసుకోండి.,ఎవరైనా భద్రంగా ఉండకపోతే ఇప్పుడే చర్య తీసుకోండి.,Urgent safety information,మానసిక ఆరోగ్య అత్యవసర సహాయం,Indexable — included in sitemap,http://localhost:3000/te/emergency,MedicalClinic; PostalAddress; GeoCoordinates; OpeningHoursSpecification; ContactPoint; Physician; WebSite; BreadcrumbList; ListItem,3 H2 / 0 H3 — 112కు కాల్ చేయాల్సిన పరిస్థితులు | సహాయం వచ్చే వరకు | Tele-MANAS,"index, follow",Complete,1 images; 0 missing alt; responsive Next images detected: false,22 internal links; appointment linked,3 external links,No exact duplicate detected in initial pass,No material content issue,127 KB HTML; 1 images; lazy/responsive image review applied,viewport configured; semantic H1; image alt complete,appointment:true; call:true; WhatsApp:true; directions:true; local signals:true,canonical clinic/doctor naming consistent; no unsupported superlative detected,NO CHANGE,200,,482,None
/te/faq,Informational / appointment support page for faq,తరచుగా అడిగే ప్రశ్నలు,తరచుగా అడిగే ప్రశ్నలు,తరచుగా అడిగే ప్రశ్నలు గురించి బాధ్యతాయుత తెలుగు సమాచారం మరియు విజయవాడలో కన్సల్టేషన్ వివరాలు.,తరచుగా అడిగే ప్రశ్నలు గురించి బాధ్యతాయుత తెలుగు సమాచారం మరియు విజయవాడలో కన్సల్టేషన్ వివరాలు.,సైకియాట్రిక్ కన్సల్టేషన్ గురించి తరచుగా అడిగే ప్రశ్నలు,సైకియాట్రిక్ కన్సల్టేషన్ గురించి తరచుగా అడిగే ప్రశ్నలు,Informational / appointment support,తరచుగా అడిగే ప్రశ్నలు,Indexable — included in sitemap,http://localhost:3000/te/faq,MedicalClinic; PostalAddress; GeoCoordinates; OpeningHoursSpecification; ContactPoint; Physician; WebSite; BreadcrumbList; ListItem; FAQPage; Question; Answer,1 H2 / 0 H3 — ఒక స్పష్టమైన సంభాషణతో మొదటి అడుగు వేయండి.,"index, follow",Complete,1 images; 0 missing alt; responsive Next images detected: false,23 internal links; appointment linked,3 external links,No exact duplicate detected in initial pass,No material content issue,158 KB HTML; 1 images; lazy/responsive image review applied,viewport configured; semantic H1; image alt complete,appointment:true; call:true; WhatsApp:true; directions:true; local signals:true,canonical clinic/doctor naming consistent; no unsupported superlative detected,NO CHANGE,200,,652,None
/te/faqs,Legacy URL preserving existing SEO equity,Permanent redirect to /te/faq,Keep permanent redirect to /te/faq,N/A — redirect,N/A — redirect,N/A — redirect,N/A — redirect,Legacy navigation,faqs,Redirect — not indexable,/te/faq,Inherited from destination,N/A,Permanent 308,Inherited from destination,N/A,Internal links updated to destination,N/A,Consolidated by redirect,None — equity preserved,Redirect only; negligible,Destination audited,Destination audited,Destination audited,NO CHANGE,301,/te/faq,,
/te/gallery,Branded visual / trust page for gallery,క్లినిక్ గ్యాలరీ,క్లినిక్ గ్యాలరీ,క్లినిక్ గ్యాలరీ గురించి బాధ్యతాయుత తెలుగు సమాచారం మరియు విజయవాడలో కన్సల్టేషన్ వివరాలు.,క్లినిక్ గ్యాలరీ గురించి బాధ్యతాయుత తెలుగు సమాచారం మరియు విజయవాడలో కన్సల్టేషన్ వివరాలు.,"గ్యాలరీ: అవగాహన, విద్య మరియు సమాజ సంరక్షణ.","గ్యాలరీ: అవగాహన, విద్య మరియు సమాజ సంరక్షణ.",Branded visual / trust,క్లినిక్ గ్యాలరీ,Indexable — included in sitemap,http://localhost:3000/te/gallery,MedicalClinic; PostalAddress; GeoCoordinates; OpeningHoursSpecification; ContactPoint; Physician; WebSite; BreadcrumbList; ListItem,1 H2 / 1 H3 — అసలు Facebook సోర్స్‌లు,"index, follow",Complete,32 images; 0 missing alt; responsive Next images detected: false,22 internal links; appointment linked,33 external links,No exact duplicate detected in initial pass,No material content issue,227 KB HTML; 32 images; lazy/responsive image review applied,viewport configured; semantic H1; image alt complete,appointment:true; call:true; WhatsApp:true; directions:true; local signals:true,canonical clinic/doctor naming consistent; no unsupported superlative detected,NO CHANGE,200,,677,None
/te/locations,Local access / directions page for locations,విజయవాడ సమీప ప్రాంతాల కోసం సైకియాట్రిస్ట్,విజయవాడ సమీప ప్రాంతాల కోసం సైకియాట్రిస్ట్,విజయవాడ సమీప ప్రాంతాల కోసం సైకియాట్రిస్ట్ గురించి బాధ్యతాయుత తెలుగు సమాచారం మరియు విజయవాడలో కన్సల్టేషన్ వివరాలు.,విజయవాడ సమీప ప్రాంతాల కోసం సైకియాట్రిస్ట్ గురించి బాధ్యతాయుత తెలుగు సమాచారం మరియు విజయవాడలో కన్సల్టేషన్ వివరాలు.,విజయవాడ మరియు సమీప ప్రాంతాల కోసం సైకియాట్రిక్ సంరక్షణ.,విజయవాడ మరియు సమీప ప్రాంతాల కోసం సైకియాట్రిక్ సంరక్షణ.,Local access / directions,విజయవాడ సమీప ప్రాంతాల కోసం సైకియాట్రిస్ట్,Noindex,http://localhost:3000/te/locations,MedicalClinic; PostalAddress; GeoCoordinates; OpeningHoursSpecification; ContactPoint; Physician; WebSite; BreadcrumbList; ListItem,13 H2 / 0 H3 — బెంజ్ సర్కిల్ సమీపంలో సైకియాట్రిస్ట్ | పటమట సమీపంలో సైకియాట్రిస్ట్ | పోరంకి సమీపంలో సైకియాట్రిస్ట్ | కానూరు సమీపంలో సైకియాట్రిస్ట్,"noindex, follow",Complete,1 images; 0 missing alt; responsive Next images detected: false,35 internal links; appointment linked,3 external links,No exact duplicate detected in initial pass,No material content issue,149 KB HTML; 1 images; lazy/responsive image review applied,viewport configured; semantic H1; image alt complete,appointment:true; call:true; WhatsApp:true; directions:true; local signals:true,canonical clinic/doctor naming consistent; no unsupported superlative detected,NO CHANGE,200,,580,None
/te/locations/psychiatrist-in-suryaraopet,Local access / directions page for psychiatrist in suryaraopet,విజయవాడ సమీప ప్రాంతాల కోసం సైకియాట్రిస్ట్,విజయవాడ సమీప ప్రాంతాల కోసం సైకియాట్రిస్ట్,విజయవాడ సమీప ప్రాంతాల కోసం సైకియాట్రిస్ట్ గురించి బాధ్యతాయుత తెలుగు సమాచారం మరియు విజయవాడలో కన్సల్టేషన్ వివరాలు.,విజయవాడ సమీప ప్రాంతాల కోసం సైకియాట్రిస్ట్ గురించి బాధ్యతాయుత తెలుగు సమాచారం మరియు విజయవాడలో కన్సల్టేషన్ వివరాలు.,సూర్యారావుపేట సమీపంలో సైకియాట్రిస్ట్,సూర్యారావుపేట సమీపంలో సైకియాట్రిస్ట్,Local access / directions,విజయవాడ సమీప ప్రాంతాల కోసం సైకియాట్రిస్ట్,Noindex,http://localhost:3000/te/locations/psychiatrist-in-suryaraopet,MedicalClinic; PostalAddress; GeoCoordinates; OpeningHoursSpecification; ContactPoint; Physician; WebSite; BreadcrumbList; ListItem,2 H2 / 0 H3 — సమయం నిర్ధారించి బయలుదేరండి. | సూర్యారావుపేట నుంచి అపాయింట్‌మెంట్‌ను ఒక కాల్‌తో ప్లాన్ చేయండి.,"noindex, follow",Complete,1 images; 0 missing alt; responsive Next images detected: false,23 internal links; appointment linked,3 external links,No exact duplicate detected in initial pass,No material content issue,134 KB HTML; 1 images; lazy/responsive image review applied,viewport configured; semantic H1; image alt complete,appointment:true; call:true; WhatsApp:true; directions:true; local signals:true,canonical clinic/doctor naming consistent; no unsupported superlative detected,NO CHANGE,200,,498,None
/te/locations/psychiatrist-near-auto-nagar,Local access / directions page for psychiatrist near auto nagar,విజయవాడ సమీప ప్రాంతాల కోసం సైకియాట్రిస్ట్,విజయవాడ సమీప ప్రాంతాల కోసం సైకియాట్రిస్ట్,విజయవాడ సమీప ప్రాంతాల కోసం సైకియాట్రిస్ట్ గురించి బాధ్యతాయుత తెలుగు సమాచారం మరియు విజయవాడలో కన్సల్టేషన్ వివరాలు.,విజయవాడ సమీప ప్రాంతాల కోసం సైకియాట్రిస్ట్ గురించి బాధ్యతాయుత తెలుగు సమాచారం మరియు విజయవాడలో కన్సల్టేషన్ వివరాలు.,ఆటో నగర్ సమీపంలో సైకియాట్రిస్ట్,ఆటో నగర్ సమీపంలో సైకియాట్రిస్ట్,Local access / directions,విజయవాడ సమీప ప్రాంతాల కోసం సైకియాట్రిస్ట్,Noindex,http://localhost:3000/te/locations/psychiatrist-near-auto-nagar,MedicalClinic; PostalAddress; GeoCoordinates; OpeningHoursSpecification; ContactPoint; Physician; WebSite; BreadcrumbList; ListItem,2 H2 / 0 H3 — సమయం నిర్ధారించి బయలుదేరండి. | ఆటో నగర్ నుంచి అపాయింట్‌మెంట్‌ను ఒక కాల్‌తో ప్లాన్ చేయండి.,"noindex, follow",Complete,1 images; 0 missing alt; responsive Next images detected: false,23 internal links; appointment linked,3 external links,No exact duplicate detected in initial pass,No material content issue,134 KB HTML; 1 images; lazy/responsive image review applied,viewport configured; semantic H1; image alt complete,appointment:true; call:true; WhatsApp:true; directions:true; local signals:true,canonical clinic/doctor naming consistent; no unsupported superlative detected,NO CHANGE,200,,503,None
/te/locations/psychiatrist-near-benz-circle,Local access / directions page for psychiatrist near benz circle,విజయవాడ సమీప ప్రాంతాల కోసం సైకియాట్రిస్ట్,విజయవాడ సమీప ప్రాంతాల కోసం సైకియాట్రిస్ట్,విజయవాడ సమీప ప్రాంతాల కోసం సైకియాట్రిస్ట్ గురించి బాధ్యతాయుత తెలుగు సమాచారం మరియు విజయవాడలో కన్సల్టేషన్ వివరాలు.,విజయవాడ సమీప ప్రాంతాల కోసం సైకియాట్రిస్ట్ గురించి బాధ్యతాయుత తెలుగు సమాచారం మరియు విజయవాడలో కన్సల్టేషన్ వివరాలు.,బెంజ్ సర్కిల్ సమీపంలో సైకియాట్రిస్ట్,బెంజ్ సర్కిల్ సమీపంలో సైకియాట్రిస్ట్,Local access / directions,విజయవాడ సమీప ప్రాంతాల కోసం సైకియాట్రిస్ట్,Noindex,http://localhost:3000/te/locations/psychiatrist-near-benz-circle,MedicalClinic; PostalAddress; GeoCoordinates; OpeningHoursSpecification; ContactPoint; Physician; WebSite; BreadcrumbList; ListItem,2 H2 / 0 H3 — సమయం నిర్ధారించి బయలుదేరండి. | బెంజ్ సర్కిల్ నుంచి అపాయింట్‌మెంట్‌ను ఒక కాల్‌తో ప్లాన్ చేయండి.,"noindex, follow",Complete,1 images; 0 missing alt; responsive Next images detected: false,23 internal links; appointment linked,3 external links,No exact duplicate detected in initial pass,No material content issue,134 KB HTML; 1 images; lazy/responsive image review applied,viewport configured; semantic H1; image alt complete,appointment:true; call:true; WhatsApp:true; directions:true; local signals:true,canonical clinic/doctor naming consistent; no unsupported superlative detected,NO CHANGE,200,,503,None
/te/locations/psychiatrist-near-gannavaram,Local access / directions page for psychiatrist near gannavaram,విజయవాడ సమీప ప్రాంతాల కోసం సైకియాట్రిస్ట్,విజయవాడ సమీప ప్రాంతాల కోసం సైకియాట్రిస్ట్,విజయవాడ సమీప ప్రాంతాల కోసం సైకియాట్రిస్ట్ గురించి బాధ్యతాయుత తెలుగు సమాచారం మరియు విజయవాడలో కన్సల్టేషన్ వివరాలు.,విజయవాడ సమీప ప్రాంతాల కోసం సైకియాట్రిస్ట్ గురించి బాధ్యతాయుత తెలుగు సమాచారం మరియు విజయవాడలో కన్సల్టేషన్ వివరాలు.,గన్నవరం సమీపంలో సైకియాట్రిస్ట్,గన్నవరం సమీపంలో సైకియాట్రిస్ట్,Local access / directions,విజయవాడ సమీప ప్రాంతాల కోసం సైకియాట్రిస్ట్,Noindex,http://localhost:3000/te/locations/psychiatrist-near-gannavaram,MedicalClinic; PostalAddress; GeoCoordinates; OpeningHoursSpecification; ContactPoint; Physician; WebSite; BreadcrumbList; ListItem,2 H2 / 0 H3 — సమయం నిర్ధారించి బయలుదేరండి. | గన్నవరం నుంచి అపాయింట్‌మెంట్‌ను ఒక కాల్‌తో ప్లాన్ చేయండి.,"noindex, follow",Complete,1 images; 0 missing alt; responsive Next images detected: false,23 internal links; appointment linked,3 external links,No exact duplicate detected in initial pass,No material content issue,134 KB HTML; 1 images; lazy/responsive image review applied,viewport configured; semantic H1; image alt complete,appointment:true; call:true; WhatsApp:true; directions:true; local signals:true,canonical clinic/doctor naming consistent; no unsupported superlative detected,NO CHANGE,200,,498,None
/te/locations/psychiatrist-near-gollapudi,Local access / directions page for psychiatrist near gollapudi,విజయవాడ సమీప ప్రాంతాల కోసం సైకియాట్రిస్ట్,విజయవాడ సమీప ప్రాంతాల కోసం సైకియాట్రిస్ట్,విజయవాడ సమీప ప్రాంతాల కోసం సైకియాట్రిస్ట్ గురించి బాధ్యతాయుత తెలుగు సమాచారం మరియు విజయవాడలో కన్సల్టేషన్ వివరాలు.,విజయవాడ సమీప ప్రాంతాల కోసం సైకియాట్రిస్ట్ గురించి బాధ్యతాయుత తెలుగు సమాచారం మరియు విజయవాడలో కన్సల్టేషన్ వివరాలు.,గొల్లపూడి సమీపంలో సైకియాట్రిస్ట్,గొల్లపూడి సమీపంలో సైకియాట్రిస్ట్,Local access / directions,విజయవాడ సమీప ప్రాంతాల కోసం సైకియాట్రిస్ట్,Noindex,http://localhost:3000/te/locations/psychiatrist-near-gollapudi,MedicalClinic; PostalAddress; GeoCoordinates; OpeningHoursSpecification; ContactPoint; Physician; WebSite; BreadcrumbList; ListItem,2 H2 / 0 H3 — సమయం నిర్ధారించి బయలుదేరండి. | గొల్లపూడి నుంచి అపాయింట్‌మెంట్‌ను ఒక కాల్‌తో ప్లాన్ చేయండి.,"noindex, follow",Complete,1 images; 0 missing alt; responsive Next images detected: false,23 internal links; appointment linked,3 external links,No exact duplicate detected in initial pass,No material content issue,134 KB HTML; 1 images; lazy/responsive image review applied,viewport configured; semantic H1; image alt complete,appointment:true; call:true; WhatsApp:true; directions:true; local signals:true,canonical clinic/doctor naming consistent; no unsupported superlative detected,NO CHANGE,200,,498,None
/te/locations/psychiatrist-near-gunadala,Local access / directions page for psychiatrist near gunadala,విజయవాడ సమీప ప్రాంతాల కోసం సైకియాట్రిస్ట్,విజయవాడ సమీప ప్రాంతాల కోసం సైకియాట్రిస్ట్,విజయవాడ సమీప ప్రాంతాల కోసం సైకియాట్రిస్ట్ గురించి బాధ్యతాయుత తెలుగు సమాచారం మరియు విజయవాడలో కన్సల్టేషన్ వివరాలు.,విజయవాడ సమీప ప్రాంతాల కోసం సైకియాట్రిస్ట్ గురించి బాధ్యతాయుత తెలుగు సమాచారం మరియు విజయవాడలో కన్సల్టేషన్ వివరాలు.,గుణదల సమీపంలో సైకియాట్రిస్ట్,గుణదల సమీపంలో సైకియాట్రిస్ట్,Local access / directions,విజయవాడ సమీప ప్రాంతాల కోసం సైకియాట్రిస్ట్,Noindex,http://localhost:3000/te/locations/psychiatrist-near-gunadala,MedicalClinic; PostalAddress; GeoCoordinates; OpeningHoursSpecification; ContactPoint; Physician; WebSite; BreadcrumbList; ListItem,2 H2 / 0 H3 — సమయం నిర్ధారించి బయలుదేరండి. | గుణదల నుంచి అపాయింట్‌మెంట్‌ను ఒక కాల్‌తో ప్లాన్ చేయండి.,"noindex, follow",Complete,1 images; 0 missing alt; responsive Next images detected: false,23 internal links; appointment linked,3 external links,No exact duplicate detected in initial pass,No material content issue,134 KB HTML; 1 images; lazy/responsive image review applied,viewport configured; semantic H1; image alt complete,appointment:true; call:true; WhatsApp:true; directions:true; local signals:true,canonical clinic/doctor naming consistent; no unsupported superlative detected,NO CHANGE,200,,498,None
/te/locations/psychiatrist-near-ibrahimpatnam,Local access / directions page for psychiatrist near ibrahimpatnam,విజయవాడ సమీప ప్రాంతాల కోసం సైకియాట్రిస్ట్,విజయవాడ సమీప ప్రాంతాల కోసం సైకియాట్రిస్ట్,విజయవాడ సమీప ప్రాంతాల కోసం సైకియాట్రిస్ట్ గురించి బాధ్యతాయుత తెలుగు సమాచారం మరియు విజయవాడలో కన్సల్టేషన్ వివరాలు.,విజయవాడ సమీప ప్రాంతాల కోసం సైకియాట్రిస్ట్ గురించి బాధ్యతాయుత తెలుగు సమాచారం మరియు విజయవాడలో కన్సల్టేషన్ వివరాలు.,ఇబ్రహీంపట్నం సమీపంలో సైకియాట్రిస్ట్,ఇబ్రహీంపట్నం సమీపంలో సైకియాట్రిస్ట్,Local access / directions,విజయవాడ సమీప ప్రాంతాల కోసం సైకియాట్రిస్ట్,Noindex,http://localhost:3000/te/locations/psychiatrist-near-ibrahimpatnam,MedicalClinic; PostalAddress; GeoCoordinates; OpeningHoursSpecification; ContactPoint; Physician; WebSite; BreadcrumbList; ListItem,2 H2 / 0 H3 — సమయం నిర్ధారించి బయలుదేరండి. | ఇబ్రహీంపట్నం నుంచి అపాయింట్‌మెంట్‌ను ఒక కాల్‌తో ప్లాన్ చేయండి.,"noindex, follow",Complete,1 images; 0 missing alt; responsive Next images detected: false,23 internal links; appointment linked,3 external links,No exact duplicate detected in initial pass,No material content issue,134 KB HTML; 1 images; lazy/responsive image review applied,viewport configured; semantic H1; image alt complete,appointment:true; call:true; WhatsApp:true; directions:true; local signals:true,canonical clinic/doctor naming consistent; no unsupported superlative detected,NO CHANGE,200,,498,None
/te/locations/psychiatrist-near-kanuru,Local access / directions page for psychiatrist near kanuru,విజయవాడ సమీప ప్రాంతాల కోసం సైకియాట్రిస్ట్,విజయవాడ సమీప ప్రాంతాల కోసం సైకియాట్రిస్ట్,విజయవాడ సమీప ప్రాంతాల కోసం సైకియాట్రిస్ట్ గురించి బాధ్యతాయుత తెలుగు సమాచారం మరియు విజయవాడలో కన్సల్టేషన్ వివరాలు.,విజయవాడ సమీప ప్రాంతాల కోసం సైకియాట్రిస్ట్ గురించి బాధ్యతాయుత తెలుగు సమాచారం మరియు విజయవాడలో కన్సల్టేషన్ వివరాలు.,కానూరు సమీపంలో సైకియాట్రిస్ట్,కానూరు సమీపంలో సైకియాట్రిస్ట్,Local access / directions,విజయవాడ సమీప ప్రాంతాల కోసం సైకియాట్రిస్ట్,Noindex,http://localhost:3000/te/locations/psychiatrist-near-kanuru,MedicalClinic; PostalAddress; GeoCoordinates; OpeningHoursSpecification; ContactPoint; Physician; WebSite; BreadcrumbList; ListItem,2 H2 / 0 H3 — సమయం నిర్ధారించి బయలుదేరండి. | కానూరు నుంచి అపాయింట్‌మెంట్‌ను ఒక కాల్‌తో ప్లాన్ చేయండి.,"noindex, follow",Complete,1 images; 0 missing alt; responsive Next images detected: false,23 internal links; appointment linked,3 external links,No exact duplicate detected in initial pass,No material content issue,134 KB HTML; 1 images; lazy/responsive image review applied,viewport configured; semantic H1; image alt complete,appointment:true; call:true; WhatsApp:true; directions:true; local signals:true,canonical clinic/doctor naming consistent; no unsupported superlative detected,NO CHANGE,200,,498,None
/te/locations/psychiatrist-near-mangalagiri,Local access / directions page for psychiatrist near mangalagiri,విజయవాడ సమీప ప్రాంతాల కోసం సైకియాట్రిస్ట్,విజయవాడ సమీప ప్రాంతాల కోసం సైకియాట్రిస్ట్,విజయవాడ సమీప ప్రాంతాల కోసం సైకియాట్రిస్ట్ గురించి బాధ్యతాయుత తెలుగు సమాచారం మరియు విజయవాడలో కన్సల్టేషన్ వివరాలు.,విజయవాడ సమీప ప్రాంతాల కోసం సైకియాట్రిస్ట్ గురించి బాధ్యతాయుత తెలుగు సమాచారం మరియు విజయవాడలో కన్సల్టేషన్ వివరాలు.,మంగళగిరి సమీపంలో సైకియాట్రిస్ట్,మంగళగిరి సమీపంలో సైకియాట్రిస్ట్,Local access / directions,విజయవాడ సమీప ప్రాంతాల కోసం సైకియాట్రిస్ట్,Noindex,http://localhost:3000/te/locations/psychiatrist-near-mangalagiri,MedicalClinic; PostalAddress; GeoCoordinates; OpeningHoursSpecification; ContactPoint; Physician; WebSite; BreadcrumbList; ListItem,2 H2 / 0 H3 — సమయం నిర్ధారించి బయలుదేరండి. | మంగళగిరి నుంచి అపాయింట్‌మెంట్‌ను ఒక కాల్‌తో ప్లాన్ చేయండి.,"noindex, follow",Complete,1 images; 0 missing alt; responsive Next images detected: false,23 internal links; appointment linked,3 external links,No exact duplicate detected in initial pass,No material content issue,134 KB HTML; 1 images; lazy/responsive image review applied,viewport configured; semantic H1; image alt complete,appointment:true; call:true; WhatsApp:true; directions:true; local signals:true,canonical clinic/doctor naming consistent; no unsupported superlative detected,NO CHANGE,200,,498,None
/te/locations/psychiatrist-near-patamata,Local access / directions page for psychiatrist near patamata,విజయవాడ సమీప ప్రాంతాల కోసం సైకియాట్రిస్ట్,విజయవాడ సమీప ప్రాంతాల కోసం సైకియాట్రిస్ట్,విజయవాడ సమీప ప్రాంతాల కోసం సైకియాట్రిస్ట్ గురించి బాధ్యతాయుత తెలుగు సమాచారం మరియు విజయవాడలో కన్సల్టేషన్ వివరాలు.,విజయవాడ సమీప ప్రాంతాల కోసం సైకియాట్రిస్ట్ గురించి బాధ్యతాయుత తెలుగు సమాచారం మరియు విజయవాడలో కన్సల్టేషన్ వివరాలు.,పటమట సమీపంలో సైకియాట్రిస్ట్,పటమట సమీపంలో సైకియాట్రిస్ట్,Local access / directions,విజయవాడ సమీప ప్రాంతాల కోసం సైకియాట్రిస్ట్,Noindex,http://localhost:3000/te/locations/psychiatrist-near-patamata,MedicalClinic; PostalAddress; GeoCoordinates; OpeningHoursSpecification; ContactPoint; Physician; WebSite; BreadcrumbList; ListItem,2 H2 / 0 H3 — సమయం నిర్ధారించి బయలుదేరండి. | పటమట నుంచి అపాయింట్‌మెంట్‌ను ఒక కాల్‌తో ప్లాన్ చేయండి.,"noindex, follow",Complete,1 images; 0 missing alt; responsive Next images detected: false,23 internal links; appointment linked,3 external links,No exact duplicate detected in initial pass,No material content issue,133 KB HTML; 1 images; lazy/responsive image review applied,viewport configured; semantic H1; image alt complete,appointment:true; call:true; WhatsApp:true; directions:true; local signals:true,canonical clinic/doctor naming consistent; no unsupported superlative detected,NO CHANGE,200,,498,None
/te/locations/psychiatrist-near-penamaluru,Local access / directions page for psychiatrist near penamaluru,విజయవాడ సమీప ప్రాంతాల కోసం సైకియాట్రిస్ట్,విజయవాడ సమీప ప్రాంతాల కోసం సైకియాట్రిస్ట్,విజయవాడ సమీప ప్రాంతాల కోసం సైకియాట్రిస్ట్ గురించి బాధ్యతాయుత తెలుగు సమాచారం మరియు విజయవాడలో కన్సల్టేషన్ వివరాలు.,విజయవాడ సమీప ప్రాంతాల కోసం సైకియాట్రిస్ట్ గురించి బాధ్యతాయుత తెలుగు సమాచారం మరియు విజయవాడలో కన్సల్టేషన్ వివరాలు.,పెనమలూరు సమీపంలో సైకియాట్రిస్ట్,పెనమలూరు సమీపంలో సైకియాట్రిస్ట్,Local access / directions,విజయవాడ సమీప ప్రాంతాల కోసం సైకియాట్రిస్ట్,Noindex,http://localhost:3000/te/locations/psychiatrist-near-penamaluru,MedicalClinic; PostalAddress; GeoCoordinates; OpeningHoursSpecification; ContactPoint; Physician; WebSite; BreadcrumbList; ListItem,2 H2 / 0 H3 — సమయం నిర్ధారించి బయలుదేరండి. | పెనమలూరు నుంచి అపాయింట్‌మెంట్‌ను ఒక కాల్‌తో ప్లాన్ చేయండి.,"noindex, follow",Complete,1 images; 0 missing alt; responsive Next images detected: false,23 internal links; appointment linked,3 external links,No exact duplicate detected in initial pass,No material content issue,134 KB HTML; 1 images; lazy/responsive image review applied,viewport configured; semantic H1; image alt complete,appointment:true; call:true; WhatsApp:true; directions:true; local signals:true,canonical clinic/doctor naming consistent; no unsupported superlative detected,NO CHANGE,200,,498,None
/te/locations/psychiatrist-near-poranki,Local access / directions page for psychiatrist near poranki,విజయవాడ సమీప ప్రాంతాల కోసం సైకియాట్రిస్ట్,విజయవాడ సమీప ప్రాంతాల కోసం సైకియాట్రిస్ట్,విజయవాడ సమీప ప్రాంతాల కోసం సైకియాట్రిస్ట్ గురించి బాధ్యతాయుత తెలుగు సమాచారం మరియు విజయవాడలో కన్సల్టేషన్ వివరాలు.,విజయవాడ సమీప ప్రాంతాల కోసం సైకియాట్రిస్ట్ గురించి బాధ్యతాయుత తెలుగు సమాచారం మరియు విజయవాడలో కన్సల్టేషన్ వివరాలు.,పోరంకి సమీపంలో సైకియాట్రిస్ట్,పోరంకి సమీపంలో సైకియాట్రిస్ట్,Local access / directions,విజయవాడ సమీప ప్రాంతాల కోసం సైకియాట్రిస్ట్,Noindex,http://localhost:3000/te/locations/psychiatrist-near-poranki,MedicalClinic; PostalAddress; GeoCoordinates; OpeningHoursSpecification; ContactPoint; Physician; WebSite; BreadcrumbList; ListItem,2 H2 / 0 H3 — సమయం నిర్ధారించి బయలుదేరండి. | పోరంకి నుంచి అపాయింట్‌మెంట్‌ను ఒక కాల్‌తో ప్లాన్ చేయండి.,"noindex, follow",Complete,1 images; 0 missing alt; responsive Next images detected: false,23 internal links; appointment linked,3 external links,No exact duplicate detected in initial pass,No material content issue,134 KB HTML; 1 images; lazy/responsive image review applied,viewport configured; semantic H1; image alt complete,appointment:true; call:true; WhatsApp:true; directions:true; local signals:true,canonical clinic/doctor naming consistent; no unsupported superlative detected,NO CHANGE,200,,498,None
/te/patient-journey,Branded informational page for patient journey,రోగి ప్రయాణం,రోగి ప్రయాణం,రోగి ప్రయాణం గురించి బాధ్యతాయుత తెలుగు సమాచారం మరియు విజయవాడలో కన్సల్టేషన్ వివరాలు.,రోగి ప్రయాణం గురించి బాధ్యతాయుత తెలుగు సమాచారం మరియు విజయవాడలో కన్సల్టేషన్ వివరాలు.,ఒక్కో స్పష్టమైన అడుగుతో రోగి ప్రయాణం.,ఒక్కో స్పష్టమైన అడుగుతో రోగి ప్రయాణం.,Branded informational,రోగి ప్రయాణం,Indexable — included in sitemap,http://localhost:3000/te/patient-journey,MedicalClinic; PostalAddress; GeoCoordinates; OpeningHoursSpecification; ContactPoint; Physician; WebSite; BreadcrumbList; ListItem,8 H2 / 0 H3 — దశ 1: అపాయింట్‌మెంట్ కోరండి | దశ 2: మొదటి కన్సల్టేషన్ | దశ 3: పూర్తి అంచనా | దశ 4: పని నిర్ధారణ,"index, follow",Complete,1 images; 0 missing alt; responsive Next images detected: false,23 internal links; appointment linked,3 external links,No exact duplicate detected in initial pass,No material content issue,137 KB HTML; 1 images; lazy/responsive image review applied,viewport configured; semantic H1; image alt complete,appointment:true; call:true; WhatsApp:true; directions:true; local signals:true,canonical clinic/doctor naming consistent; no unsupported superlative detected,NO CHANGE,200,,534,None
/te/privacy-policy,Legal / trust page for privacy policy,గోప్యతా విధానం,గోప్యతా విధానం,గోప్యతా విధానం గురించి బాధ్యతాయుత తెలుగు సమాచారం మరియు విజయవాడలో కన్సల్టేషన్ వివరాలు.,గోప్యతా విధానం గురించి బాధ్యతాయుత తెలుగు సమాచారం మరియు విజయవాడలో కన్సల్టేషన్ వివరాలు.,గోప్యతా విధానం,గోప్యతా విధానం,Legal / trust,గోప్యతా విధానం,Indexable — included in sitemap,http://localhost:3000/te/privacy-policy,MedicalClinic; PostalAddress; GeoCoordinates; OpeningHoursSpecification; ContactPoint; Physician; WebSite; BreadcrumbList; ListItem,5 H2 / 0 H3 — మీరు ఇచ్చే సమాచారం | డెలివరీ | వాడుక మరియు గోప్యత | అనలిటిక్స్ మరియు బాహ్య సేవలు,"index, follow",Complete,1 images; 0 missing alt; responsive Next images detected: false,22 internal links; appointment linked,3 external links,No exact duplicate detected in initial pass,No material content issue,128 KB HTML; 1 images; lazy/responsive image review applied,viewport configured; semantic H1; image alt complete,appointment:true; call:true; WhatsApp:true; directions:true; local signals:true,canonical clinic/doctor naming consistent; no unsupported superlative detected,NO CHANGE,200,,504,None
/te/psychiatrist-in-vijayawada,Local transactional page for psychiatrist in vijayawada,విజయవాడలో సైకియాట్రిస్ట్,విజయవాడలో సైకియాట్రిస్ట్,విజయవాడలో సైకియాట్రిస్ట్ గురించి బాధ్యతాయుత తెలుగు సమాచారం మరియు విజయవాడలో కన్సల్టేషన్ వివరాలు.,విజయవాడలో సైకియాట్రిస్ట్ గురించి బాధ్యతాయుత తెలుగు సమాచారం మరియు విజయవాడలో కన్సల్టేషన్ వివరాలు.,గౌరవం మరియు ఆధారాలతో కూడిన విజయవాడ సైకియాట్రిక్ సంరక్షణ.,గౌరవం మరియు ఆధారాలతో కూడిన విజయవాడ సైకియాట్రిక్ సంరక్షణ.,Local transactional,విజయవాడలో సైకియాట్రిస్ట్,Indexable — included in sitemap,http://localhost:3000/te/psychiatrist-in-vijayawada,MedicalClinic; PostalAddress; GeoCoordinates; OpeningHoursSpecification; ContactPoint; Physician; WebSite; BreadcrumbList; ListItem,4 H2 / 0 H3 — సైకియాట్రిస్ట్ ఎందుకు? | సేవల పరిధి | క్లినిక్ | ఒక స్పష్టమైన సంభాషణతో మొదటి అడుగు వేయండి.,"index, follow",Complete,1 images; 0 missing alt; responsive Next images detected: false,23 internal links; appointment linked,3 external links,No exact duplicate detected in initial pass,No material content issue,132 KB HTML; 1 images; lazy/responsive image review applied,viewport configured; semantic H1; image alt complete,appointment:true; call:true; WhatsApp:true; directions:true; local signals:true,canonical clinic/doctor naming consistent; no unsupported superlative detected,NO CHANGE,200,,495,None
/te/resources,Branded informational page for resources,మానసిక ఆరోగ్య వనరులు,మానసిక ఆరోగ్య వనరులు,మానసిక ఆరోగ్య వనరులు గురించి బాధ్యతాయుత తెలుగు సమాచారం మరియు విజయవాడలో కన్సల్టేషన్ వివరాలు.,మానసిక ఆరోగ్య వనరులు గురించి బాధ్యతాయుత తెలుగు సమాచారం మరియు విజయవాడలో కన్సల్టేషన్ వివరాలు.,మంచి సమాచారం భయాన్ని తగ్గించాలి.,మంచి సమాచారం భయాన్ని తగ్గించాలి.,Branded informational,మానసిక ఆరోగ్య వనరులు,Indexable — included in sitemap,http://localhost:3000/te/resources,MedicalClinic; PostalAddress; GeoCoordinates; OpeningHoursSpecification; ContactPoint; Physician; WebSite; BreadcrumbList; ListItem,4 H2 / 0 H3 — లక్షణాలను అర్థం చేసుకోండి | మొదటి అపాయింట్‌మెంట్‌కు సిద్ధం | ప్రభుత్వ సహాయం | ఒక స్పష్టమైన సంభాషణతో మొదటి అడుగు వేయండి.,"index, follow",Complete,1 images; 0 missing alt; responsive Next images detected: false,23 internal links; appointment linked,3 external links,No exact duplicate detected in initial pass,No material content issue,130 KB HTML; 1 images; lazy/responsive image review applied,viewport configured; semantic H1; image alt complete,appointment:true; call:true; WhatsApp:true; directions:true; local signals:true,canonical clinic/doctor naming consistent; no unsupported superlative detected,NO CHANGE,200,,486,None
/te/services,Branded informational page for services,సైకియాట్రిక్ సేవలు,సైకియాట్రిక్ సేవలు,సైకియాట్రిక్ సేవలు గురించి బాధ్యతాయుత తెలుగు సమాచారం మరియు విజయవాడలో కన్సల్టేషన్ వివరాలు.,సైకియాట్రిక్ సేవలు గురించి బాధ్యతాయుత తెలుగు సమాచారం మరియు విజయవాడలో కన్సల్టేషన్ వివరాలు.,అవసరానికి తగిన సేవ—ఒకే విధానం అందరికీ కాదు.,అవసరానికి తగిన సేవ—ఒకే విధానం అందరికీ కాదు.,Branded informational,సైకియాట్రిక్ సేవలు,Indexable — included in sitemap,http://localhost:3000/te/services,MedicalClinic; PostalAddress; GeoCoordinates; OpeningHoursSpecification; ContactPoint; Physician; WebSite; BreadcrumbList; ListItem,11 H2 / 0 H3 — మానసిక వైద్య సంప్రదింపు | మందుల నిర్వహణ | కౌన్సెలింగ్ | కుటుంబ కౌన్సెలింగ్,"index, follow",Complete,1 images; 0 missing alt; responsive Next images detected: false,33 internal links; appointment linked,3 external links,No exact duplicate detected in initial pass,No material content issue,143 KB HTML; 1 images; lazy/responsive image review applied,viewport configured; semantic H1; image alt complete,appointment:true; call:true; WhatsApp:true; directions:true; local signals:true,canonical clinic/doctor naming consistent; no unsupported superlative detected,NO CHANGE,200,,577,None
/te/services/child-psychiatry,Service / consultation intent page for child psychiatry,పిల్లలు మరియు కిశోరుల సైకియాట్రీ విజయవాడ,పిల్లలు మరియు కిశోరుల సైకియాట్రీ విజయవాడ,పిల్లలు మరియు కిశోరుల సైకియాట్రీ విజయవాడ గురించి బాధ్యతాయుత తెలుగు సమాచారం మరియు విజయవాడలో కన్సల్టేషన్ వివరాలు.,పిల్లలు మరియు కిశోరుల సైకియాట్రీ విజయవాడ గురించి బాధ్యతాయుత తెలుగు సమాచారం మరియు విజయవాడలో కన్సల్టేషన్ వివరాలు.,పిల్లలు మరియు కిశోరుల సైకియాట్రీ,పిల్లలు మరియు కిశోరుల సైకియాట్రీ,Service / consultation intent,పిల్లలు మరియు కిశోరుల సైకియాట్రీ విజయవాడ,Indexable — included in sitemap,http://localhost:3000/te/services/child-psychiatry,MedicalClinic; PostalAddress; GeoCoordinates; OpeningHoursSpecification; ContactPoint; Physician; WebSite; BreadcrumbList; ListItem,4 H2 / 0 H3 — ఈ సేవలో ఉండేవి | ఎవరికి ఉపయోగపడవచ్చు? | సేవ ఎలా పనిచేస్తుంది? | పిల్లలు మరియు కిశోరుల సైకియాట్రీ మీ అవసరానికి తగినదా అని అడగండి.,"index, follow",Complete,1 images; 0 missing alt; responsive Next images detected: false,23 internal links; appointment linked,3 external links,No exact duplicate detected in initial pass,No material content issue,138 KB HTML; 1 images; lazy/responsive image review applied,viewport configured; semantic H1; image alt complete,appointment:true; call:true; WhatsApp:true; directions:true; local signals:true,canonical clinic/doctor naming consistent; no unsupported superlative detected,NO CHANGE,200,,502,None
/te/services/counselling,Service / consultation intent page for counselling,కౌన్సెలింగ్ విజయవాడ,కౌన్సెలింగ్ విజయవాడ,కౌన్సెలింగ్ విజయవాడ గురించి బాధ్యతాయుత తెలుగు సమాచారం మరియు విజయవాడలో కన్సల్టేషన్ వివరాలు.,కౌన్సెలింగ్ విజయవాడ గురించి బాధ్యతాయుత తెలుగు సమాచారం మరియు విజయవాడలో కన్సల్టేషన్ వివరాలు.,కౌన్సెలింగ్,కౌన్సెలింగ్,Service / consultation intent,కౌన్సెలింగ్ విజయవాడ,Indexable — included in sitemap,http://localhost:3000/te/services/counselling,MedicalClinic; PostalAddress; GeoCoordinates; OpeningHoursSpecification; ContactPoint; Physician; WebSite; BreadcrumbList; ListItem,4 H2 / 0 H3 — ఈ సేవలో ఉండేవి | ఎవరికి ఉపయోగపడవచ్చు? | సేవ ఎలా పనిచేస్తుంది? | కౌన్సెలింగ్ మీ అవసరానికి తగినదా అని అడగండి.,"index, follow",Complete,1 images; 0 missing alt; responsive Next images detected: false,23 internal links; appointment linked,3 external links,No exact duplicate detected in initial pass,No material content issue,137 KB HTML; 1 images; lazy/responsive image review applied,viewport configured; semantic H1; image alt complete,appointment:true; call:true; WhatsApp:true; directions:true; local signals:true,canonical clinic/doctor naming consistent; no unsupported superlative detected,NO CHANGE,200,,492,None
/te/services/de-addiction,Service / consultation intent page for de addiction,వ్యసన విముక్తి సేవలు విజయవాడ,వ్యసన విముక్తి సేవలు విజయవాడ,వ్యసన విముక్తి సేవలు విజయవాడ గురించి బాధ్యతాయుత తెలుగు సమాచారం మరియు విజయవాడలో కన్సల్టేషన్ వివరాలు.,వ్యసన విముక్తి సేవలు విజయవాడ గురించి బాధ్యతాయుత తెలుగు సమాచారం మరియు విజయవాడలో కన్సల్టేషన్ వివరాలు.,వ్యసన విముక్తి సేవలు,వ్యసన విముక్తి సేవలు,Service / consultation intent,వ్యసన విముక్తి సేవలు విజయవాడ,Indexable — included in sitemap,http://localhost:3000/te/services/de-addiction,MedicalClinic; PostalAddress; GeoCoordinates; OpeningHoursSpecification; ContactPoint; Physician; WebSite; BreadcrumbList; ListItem,4 H2 / 0 H3 — ఈ సేవలో ఉండేవి | ఎవరికి ఉపయోగపడవచ్చు? | సేవ ఎలా పనిచేస్తుంది? | వ్యసన విముక్తి సేవలు మీ అవసరానికి తగినదా అని అడగండి.,"index, follow",Complete,1 images; 0 missing alt; responsive Next images detected: false,23 internal links; appointment linked,3 external links,No exact duplicate detected in initial pass,No material content issue,137 KB HTML; 1 images; lazy/responsive image review applied,viewport configured; semantic H1; image alt complete,appointment:true; call:true; WhatsApp:true; directions:true; local signals:true,canonical clinic/doctor naming consistent; no unsupported superlative detected,NO CHANGE,200,,503,None
/te/services/emergency-consultation,Service / consultation intent page for emergency consultation,అత్యవసర కన్సల్టేషన్ మార్గదర్శకం విజయవాడ,అత్యవసర కన్సల్టేషన్ మార్గదర్శకం విజయవాడ,అత్యవసర కన్సల్టేషన్ మార్గదర్శకం విజయవాడ గురించి బాధ్యతాయుత తెలుగు సమాచారం మరియు విజయవాడలో కన్సల్టేషన్ వివరాలు.,అత్యవసర కన్సల్టేషన్ మార్గదర్శకం విజయవాడ గురించి బాధ్యతాయుత తెలుగు సమాచారం మరియు విజయవాడలో కన్సల్టేషన్ వివరాలు.,అత్యవసర కన్సల్టేషన్ మార్గదర్శకం,అత్యవసర కన్సల్టేషన్ మార్గదర్శకం,Service / consultation intent,అత్యవసర కన్సల్టేషన్ మార్గదర్శకం విజయవాడ,Indexable — included in sitemap,http://localhost:3000/te/services/emergency-consultation,MedicalClinic; PostalAddress; GeoCoordinates; OpeningHoursSpecification; ContactPoint; Physician; WebSite; BreadcrumbList; ListItem,4 H2 / 0 H3 — ఈ సేవలో ఉండేవి | ఎవరికి ఉపయోగపడవచ్చు? | సేవ ఎలా పనిచేస్తుంది? | అత్యవసర కన్సల్టేషన్ మార్గదర్శకం మీ అవసరానికి తగినదా అని అడగండి.,"index, follow",Complete,1 images; 0 missing alt; responsive Next images detected: false,23 internal links; appointment linked,3 external links,No exact duplicate detected in initial pass,No material content issue,138 KB HTML; 1 images; lazy/responsive image review applied,viewport configured; semantic H1; image alt complete,appointment:true; call:true; WhatsApp:true; directions:true; local signals:true,canonical clinic/doctor naming consistent; no unsupported superlative detected,NO CHANGE,200,,510,None
/te/services/family-counselling,Service / consultation intent page for family counselling,కుటుంబ కౌన్సెలింగ్ విజయవాడ,కుటుంబ కౌన్సెలింగ్ విజయవాడ,కుటుంబ కౌన్సెలింగ్ విజయవాడ గురించి బాధ్యతాయుత తెలుగు సమాచారం మరియు విజయవాడలో కన్సల్టేషన్ వివరాలు.,కుటుంబ కౌన్సెలింగ్ విజయవాడ గురించి బాధ్యతాయుత తెలుగు సమాచారం మరియు విజయవాడలో కన్సల్టేషన్ వివరాలు.,కుటుంబ కౌన్సెలింగ్,కుటుంబ కౌన్సెలింగ్,Service / consultation intent,కుటుంబ కౌన్సెలింగ్ విజయవాడ,Indexable — included in sitemap,http://localhost:3000/te/services/family-counselling,MedicalClinic; PostalAddress; GeoCoordinates; OpeningHoursSpecification; ContactPoint; Physician; WebSite; BreadcrumbList; ListItem,4 H2 / 0 H3 — ఈ సేవలో ఉండేవి | ఎవరికి ఉపయోగపడవచ్చు? | సేవ ఎలా పనిచేస్తుంది? | కుటుంబ కౌన్సెలింగ్ మీ అవసరానికి తగినదా అని అడగండి.,"index, follow",Complete,1 images; 0 missing alt; responsive Next images detected: false,23 internal links; appointment linked,3 external links,No exact duplicate detected in initial pass,No material content issue,137 KB HTML; 1 images; lazy/responsive image review applied,viewport configured; semantic H1; image alt complete,appointment:true; call:true; WhatsApp:true; directions:true; local signals:true,canonical clinic/doctor naming consistent; no unsupported superlative detected,NO CHANGE,200,,491,None
/te/services/medication-management,Service / consultation intent page for medication management,మందుల నిర్వహణ విజయవాడ,మందుల నిర్వహణ విజయవాడ,మందుల నిర్వహణ విజయవాడ గురించి బాధ్యతాయుత తెలుగు సమాచారం మరియు విజయవాడలో కన్సల్టేషన్ వివరాలు.,మందుల నిర్వహణ విజయవాడ గురించి బాధ్యతాయుత తెలుగు సమాచారం మరియు విజయవాడలో కన్సల్టేషన్ వివరాలు.,మందుల నిర్వహణ,మందుల నిర్వహణ,Service / consultation intent,మందుల నిర్వహణ విజయవాడ,Indexable — included in sitemap,http://localhost:3000/te/services/medication-management,MedicalClinic; PostalAddress; GeoCoordinates; OpeningHoursSpecification; ContactPoint; Physician; WebSite; BreadcrumbList; ListItem,4 H2 / 0 H3 — ఈ సేవలో ఉండేవి | ఎవరికి ఉపయోగపడవచ్చు? | సేవ ఎలా పనిచేస్తుంది? | మందుల నిర్వహణ మీ అవసరానికి తగినదా అని అడగండి.,"index, follow",Complete,1 images; 0 missing alt; responsive Next images detected: false,23 internal links; appointment linked,3 external links,No exact duplicate detected in initial pass,No material content issue,137 KB HTML; 1 images; lazy/responsive image review applied,viewport configured; semantic H1; image alt complete,appointment:true; call:true; WhatsApp:true; directions:true; local signals:true,canonical clinic/doctor naming consistent; no unsupported superlative detected,NO CHANGE,200,,498,None
/te/services/psychiatric-consultation,Service / consultation intent page for psychiatric consultation,మానసిక వైద్య సంప్రదింపు విజయవాడ,మానసిక వైద్య సంప్రదింపు విజయవాడ,మానసిక వైద్య సంప్రదింపు విజయవాడ గురించి బాధ్యతాయుత తెలుగు సమాచారం మరియు విజయవాడలో కన్సల్టేషన్ వివరాలు.,మానసిక వైద్య సంప్రదింపు విజయవాడ గురించి బాధ్యతాయుత తెలుగు సమాచారం మరియు విజయవాడలో కన్సల్టేషన్ వివరాలు.,మానసిక వైద్య సంప్రదింపు,మానసిక వైద్య సంప్రదింపు,Service / consultation intent,మానసిక వైద్య సంప్రదింపు విజయవాడ,Indexable — included in sitemap,http://localhost:3000/te/services/psychiatric-consultation,MedicalClinic; PostalAddress; GeoCoordinates; OpeningHoursSpecification; ContactPoint; Physician; WebSite; BreadcrumbList; ListItem,4 H2 / 0 H3 — ఈ సేవలో ఉండేవి | ఎవరికి ఉపయోగపడవచ్చు? | సేవ ఎలా పనిచేస్తుంది? | మానసిక వైద్య సంప్రదింపు మీ అవసరానికి తగినదా అని అడగండి.,"index, follow",Complete,1 images; 0 missing alt; responsive Next images detected: false,23 internal links; appointment linked,3 external links,No exact duplicate detected in initial pass,No material content issue,137 KB HTML; 1 images; lazy/responsive image review applied,viewport configured; semantic H1; image alt complete,appointment:true; call:true; WhatsApp:true; directions:true; local signals:true,canonical clinic/doctor naming consistent; no unsupported superlative detected,NO CHANGE,200,,505,None
/te/services/sleep-clinic,Service / consultation intent page for sleep clinic,స్లీప్ క్లినిక్ విజయవాడ,స్లీప్ క్లినిక్ విజయవాడ,స్లీప్ క్లినిక్ విజయవాడ గురించి బాధ్యతాయుత తెలుగు సమాచారం మరియు విజయవాడలో కన్సల్టేషన్ వివరాలు.,స్లీప్ క్లినిక్ విజయవాడ గురించి బాధ్యతాయుత తెలుగు సమాచారం మరియు విజయవాడలో కన్సల్టేషన్ వివరాలు.,స్లీప్ క్లినిక్,స్లీప్ క్లినిక్,Service / consultation intent,స్లీప్ క్లినిక్ విజయవాడ,Indexable — included in sitemap,http://localhost:3000/te/services/sleep-clinic,MedicalClinic; PostalAddress; GeoCoordinates; OpeningHoursSpecification; ContactPoint; Physician; WebSite; BreadcrumbList; ListItem,4 H2 / 0 H3 — ఈ సేవలో ఉండేవి | ఎవరికి ఉపయోగపడవచ్చు? | సేవ ఎలా పనిచేస్తుంది? | స్లీప్ క్లినిక్ మీ అవసరానికి తగినదా అని అడగండి.,"index, follow",Complete,1 images; 0 missing alt; responsive Next images detected: false,23 internal links; appointment linked,3 external links,No exact duplicate detected in initial pass,No material content issue,137 KB HTML; 1 images; lazy/responsive image review applied,viewport configured; semantic H1; image alt complete,appointment:true; call:true; WhatsApp:true; directions:true; local signals:true,canonical clinic/doctor naming consistent; no unsupported superlative detected,NO CHANGE,200,,502,None
/te/services/stress-management,Service / consultation intent page for stress management,ఒత్తిడి నిర్వహణ విజయవాడ,ఒత్తిడి నిర్వహణ విజయవాడ,ఒత్తిడి నిర్వహణ విజయవాడ గురించి బాధ్యతాయుత తెలుగు సమాచారం మరియు విజయవాడలో కన్సల్టేషన్ వివరాలు.,ఒత్తిడి నిర్వహణ విజయవాడ గురించి బాధ్యతాయుత తెలుగు సమాచారం మరియు విజయవాడలో కన్సల్టేషన్ వివరాలు.,ఒత్తిడి నిర్వహణ,ఒత్తిడి నిర్వహణ,Service / consultation intent,ఒత్తిడి నిర్వహణ విజయవాడ,Indexable — included in sitemap,http://localhost:3000/te/services/stress-management,MedicalClinic; PostalAddress; GeoCoordinates; OpeningHoursSpecification; ContactPoint; Physician; WebSite; BreadcrumbList; ListItem,4 H2 / 0 H3 — ఈ సేవలో ఉండేవి | ఎవరికి ఉపయోగపడవచ్చు? | సేవ ఎలా పనిచేస్తుంది? | ఒత్తిడి నిర్వహణ మీ అవసరానికి తగినదా అని అడగండి.,"index, follow",Complete,1 images; 0 missing alt; responsive Next images detected: false,23 internal links; appointment linked,3 external links,No exact duplicate detected in initial pass,No material content issue,137 KB HTML; 1 images; lazy/responsive image review applied,viewport configured; semantic H1; image alt complete,appointment:true; call:true; WhatsApp:true; directions:true; local signals:true,canonical clinic/doctor naming consistent; no unsupported superlative detected,NO CHANGE,200,,499,None
/te/services/tele-consultation,Service / consultation intent page for tele consultation,టెలి కన్సల్టేషన్ విజయవాడ,టెలి కన్సల్టేషన్ విజయవాడ,టెలి కన్సల్టేషన్ విజయవాడ గురించి బాధ్యతాయుత తెలుగు సమాచారం మరియు విజయవాడలో కన్సల్టేషన్ వివరాలు.,టెలి కన్సల్టేషన్ విజయవాడ గురించి బాధ్యతాయుత తెలుగు సమాచారం మరియు విజయవాడలో కన్సల్టేషన్ వివరాలు.,టెలి కన్సల్టేషన్,టెలి కన్సల్టేషన్,Service / consultation intent,టెలి కన్సల్టేషన్ విజయవాడ,Indexable — included in sitemap,http://localhost:3000/te/services/tele-consultation,MedicalClinic; PostalAddress; GeoCoordinates; OpeningHoursSpecification; ContactPoint; Physician; WebSite; BreadcrumbList; ListItem,4 H2 / 0 H3 — ఈ సేవలో ఉండేవి | ఎవరికి ఉపయోగపడవచ్చు? | సేవ ఎలా పనిచేస్తుంది? | టెలి కన్సల్టేషన్ మీ అవసరానికి తగినదా అని అడగండి.,"index, follow",Complete,1 images; 0 missing alt; responsive Next images detected: false,23 internal links; appointment linked,3 external links,No exact duplicate detected in initial pass,No material content issue,137 KB HTML; 1 images; lazy/responsive image review applied,viewport configured; semantic H1; image alt complete,appointment:true; call:true; WhatsApp:true; directions:true; local signals:true,canonical clinic/doctor naming consistent; no unsupported superlative detected,NO CHANGE,200,,496,None
/te/terms,Legal / trust page for terms,వెబ్‌సైట్ నిబంధనలు,వెబ్‌సైట్ నిబంధనలు,వెబ్‌సైట్ నిబంధనలు గురించి బాధ్యతాయుత తెలుగు సమాచారం మరియు విజయవాడలో కన్సల్టేషన్ వివరాలు.,వెబ్‌సైట్ నిబంధనలు గురించి బాధ్యతాయుత తెలుగు సమాచారం మరియు విజయవాడలో కన్సల్టేషన్ వివరాలు.,వెబ్‌సైట్ వినియోగ నిబంధనలు,వెబ్‌సైట్ వినియోగ నిబంధనలు,Legal / trust,వెబ్‌సైట్ నిబంధనలు,Indexable — included in sitemap,http://localhost:3000/te/terms,MedicalClinic; PostalAddress; GeoCoordinates; OpeningHoursSpecification; ContactPoint; Physician; WebSite; BreadcrumbList; ListItem,4 H2 / 0 H3 — విద్యా సమాచారం మాత్రమే | ఎమర్జెన్సీ కాదు | అపాయింట్‌మెంట్ మరియు ఫలితాలు | మందుల భద్రత,"index, follow",Complete,1 images; 0 missing alt; responsive Next images detected: false,22 internal links; appointment linked,3 external links,No exact duplicate detected in initial pass,No material content issue,125 KB HTML; 1 images; lazy/responsive image review applied,viewport configured; semantic H1; image alt complete,appointment:true; call:true; WhatsApp:true; directions:true; local signals:true,canonical clinic/doctor naming consistent; no unsupported superlative detected,NO CHANGE,200,,461,None
/te/testimonials,Legacy URL preserving existing SEO equity,Permanent redirect to /te/about,Keep permanent redirect to /te/about,N/A — redirect,N/A — redirect,N/A — redirect,N/A — redirect,Legacy navigation,testimonials,Redirect — not indexable,/te/about,Inherited from destination,N/A,Permanent 308,Inherited from destination,N/A,Internal links updated to destination,N/A,Consolidated by redirect,None — equity preserved,Redirect only; negligible,Destination audited,Destination audited,Destination audited,NO CHANGE,301,/te/about,,
/te/treatments,Branded informational page for treatments,సైకియాట్రిక్ చికిత్స విధానం,సైకియాట్రిక్ చికిత్స విధానం,సైకియాట్రిక్ చికిత్స విధానం గురించి బాధ్యతాయుత తెలుగు సమాచారం మరియు విజయవాడలో కన్సల్టేషన్ వివరాలు.,సైకియాట్రిక్ చికిత్స విధానం గురించి బాధ్యతాయుత తెలుగు సమాచారం మరియు విజయవాడలో కన్సల్టేషన్ వివరాలు.,సరైన చికిత్స కలిసి తీసుకునే నిర్ణయం.,సరైన చికిత్స కలిసి తీసుకునే నిర్ణయం.,Branded informational,సైకియాట్రిక్ చికిత్స విధానం,Indexable — included in sitemap,http://localhost:3000/te/treatments,MedicalClinic; PostalAddress; GeoCoordinates; OpeningHoursSpecification; ContactPoint; Physician; WebSite; BreadcrumbList; ListItem,4 H2 / 0 H3 — పూర్తి అంచనా | సైకలాజికల్ మరియు ప్రాక్టికల్ సంరక్షణ | తక్కువ ప్రభావవంతమైన చికిత్స భారం | ఒక స్పష్టమైన సంభాషణతో మొదటి అడుగు వేయండి.,"index, follow",Complete,1 images; 0 missing alt; responsive Next images detected: false,23 internal links; appointment linked,3 external links,No exact duplicate detected in initial pass,No material content issue,133 KB HTML; 1 images; lazy/responsive image review applied,viewport configured; semantic H1; image alt complete,appointment:true; call:true; WhatsApp:true; directions:true; local signals:true,canonical clinic/doctor naming consistent; no unsupported superlative detected,NO CHANGE,200,,489,None
/terms,Branded informational page for terms,Website Terms | Krishna Neuro Psychiatric Centre,Website Terms | Krishna Neuro Psychiatric Centre,"Terms governing educational medical information, appointment requests, emergencies, external links and responsible use of this website.","Terms governing educational medical information, appointment requests, emergencies, external links and responsible use of this website.",Website terms of use,Website terms of use,Branded informational,website terms | krishna neuro psychiatric centre,Indexable — included in sitemap,http://localhost:3000/terms,MedicalClinic; PostalAddress; GeoCoordinates; OpeningHoursSpecification; ContactPoint; Physician; WebSite; BreadcrumbList; ListItem,"10 H2 / 0 H3 — 1. Educational information, not a diagnosis | 2. Emergencies | 3. Appointment requests | 4. Medication safety","index, follow",Complete,1 images; 0 missing alt; responsive Next images detected: false,22 internal links; appointment linked,3 external links,No exact duplicate detected in initial pass,No material content issue,125 KB HTML; 1 images; lazy/responsive image review applied,viewport configured; semantic H1; image alt complete,appointment:true; call:true; WhatsApp:true; directions:true; local signals:true,canonical clinic/doctor naming consistent; no unsupported superlative detected,NO CHANGE,200,,757,None
/testimonials,Legacy URL preserving existing SEO equity,Permanent redirect to /about,Keep permanent redirect to /about,N/A — redirect,N/A — redirect,N/A — redirect,N/A — redirect,Legacy navigation,testimonials,Redirect — not indexable,/about,Inherited from destination,N/A,Permanent 308,Inherited from destination,N/A,Internal links updated to destination,N/A,Consolidated by redirect,None — equity preserved,Redirect only; negligible,Destination audited,Destination audited,Destination audited,NO CHANGE,301,/about,,
/treatments,Branded informational page for treatments,Psychiatric Treatment Approach,Psychiatric Treatment Approach,"Learn how assessment, counselling, medication management, family support, lifestyle care and follow-up are personalised at Krishna Neuro Psychiatric Centre.","Learn how assessment, counselling, medication management, family support, lifestyle care and follow-up are personalised at Krishna Neuro Psychiatric Centre.",The right treatment is a shared decision—not a standard package.,The right treatment is a shared decision—not a standard package.,Branded informational,psychiatric treatment approach,Indexable — included in sitemap,http://localhost:3000/treatments,MedicalClinic; PostalAddress; GeoCoordinates; OpeningHoursSpecification; ContactPoint; Physician; WebSite; BreadcrumbList; ListItem,9 H2 / 5 H3 — Treatment should make sense as a whole. | Comprehensive assessment | Psychological treatment | Medication management,"index, follow",Complete,1 images; 0 missing alt; responsive Next images detected: false,22 internal links; appointment linked,3 external links,No exact duplicate detected in initial pass,No material content issue,160 KB HTML; 1 images; lazy/responsive image review applied,viewport configured; semantic H1; image alt complete,appointment:true; call:true; WhatsApp:true; directions:true; local signals:true,canonical clinic/doctor naming consistent; no unsupported superlative detected,NO CHANGE,200,,764,None