URL,Page purpose,Current title,Recommended title,Current meta description,Recommended meta description,Current H1,Recommended H1,Primary search intent,Primary keyword/topic,Indexability,Canonical,Schema,H2/H3 review,Robots / indexability,Open Graph,Images / alt text,Internal links,External links,Duplicate / cannibalization,Content issues,Performance / CWV,Mobile / accessibility,CTA / local SEO,Entity / factual accuracy,Priority,Status,Redirect target,Word count,Issues
/,Local transactional / branded page for psychiatric mental health care Vijayawada,Krishna Neuro Psychiatric Centre | Dr. Pamarthi Krishna Das,Krishna Neuro Psychiatric Centre | Dr. Pamarthi Krishna Das,Krishna Neuro Psychiatric Centre provides professional psychiatric and mental-health care with Dr. Pamarthi Krishna Das in Vijayawada. Request an appointment or get directions.,Krishna Neuro Psychiatric Centre provides professional psychiatric and mental-health care with Dr. Pamarthi Krishna Das in Vijayawada. Request an appointment or get directions.,Psychiatric & Mental Health Care in Vijayawada,Psychiatric & Mental Health Care in Vijayawada,Local transactional / branded,psychiatric mental health care Vijayawada,Indexable — included in sitemap,https://www.krishnaneuropsychiatric.com,MedicalClinic; PostalAddress; GeoCoordinates; OpeningHoursSpecification; ContactPoint; Physician; WebSite; FAQPage; Question; Answer,"10 H2 / 27 H3 — Professional mental-health care, delivered with respect. | Meet Dr. Pamarthi Krishna Das | Clear care pathways, explained before decisions are made. | From the first difficult symptom to a clearer way forward.","index, follow",Complete,43 images; 0 missing alt; responsive Next images detected: false,30 internal links; appointment linked,4 external links,No exact duplicate detected in initial pass,unsupported superlative or cure claim,353 KB HTML; 43 images; lazy/responsive image review applied,viewport configured; semantic H1; image alt complete,appointment:true; call:true; WhatsApp:true; directions:true; local signals:true,canonical clinic/doctor naming consistent; claim review needed,MEDIUM,200,,1867,canonical does not match preferred URL; unsupported superlative or cure claim
/about,Branded informational page for about,About Krishna Neuro Psychiatric Centre | Vijayawada,About Krishna Neuro Psychiatric Centre | Vijayawada,"Learn about Krishna Neuro Psychiatric Centre, its patient-focused approach, Dr. Pamarthi Krishna Das and consultation access in Suryaraopet, Vijayawada.","Learn about Krishna Neuro Psychiatric Centre, its patient-focused approach, Dr. Pamarthi Krishna Das and consultation access in Suryaraopet, Vijayawada.",Krishna Neuro Psychiatric Centre,Krishna Neuro Psychiatric Centre,Branded informational,about krishna neuro psychiatric centre | vijayawada,Indexable — included in sitemap,https://www.krishnaneuropsychiatric.com/about,MedicalClinic; PostalAddress; GeoCoordinates; OpeningHoursSpecification; ContactPoint; Physician; WebSite; BreadcrumbList; ListItem,5 H2 / 0 H3 — Professional care | Confidential and respectful | Located in Vijayawada | Consultation information,"index, follow",Complete,1 images; 0 missing alt; responsive Next images detected: false,22 internal links; appointment linked,3 external links,No exact duplicate detected in initial pass,unsupported superlative or cure claim,140 KB HTML; 1 images; lazy/responsive image review applied,viewport configured; semantic H1; image alt complete,appointment:true; call:true; WhatsApp:true; directions:true; local signals:true,canonical clinic/doctor naming consistent; claim review needed,MEDIUM,200,,539,unsupported superlative or cure claim
/about-doctor,Legacy URL preserving existing SEO equity,Permanent redirect to /doctor/pamarthi-krishna-das,Keep permanent redirect to /doctor/pamarthi-krishna-das,N/A — redirect,N/A — redirect,N/A — redirect,N/A — redirect,Legacy navigation,about doctor,Redirect — not indexable,/doctor/pamarthi-krishna-das,Inherited from destination,N/A,Permanent 308,Inherited from destination,N/A,Internal links updated to destination,N/A,Consolidated by redirect,None — equity preserved,Redirect only; negligible,Destination audited,Destination audited,Destination audited,NO CHANGE,308,/doctor/pamarthi-krishna-das,,
/appointment,Transactional appointment page for appointment,Book Psychiatrist Appointment in Vijayawada,Book Psychiatrist Appointment in Vijayawada,"Request an appointment with Dr. Pamarthi Krishna Das at Krishna Neuro Psychiatric Centre, Suryaraopet, Vijayawada. Call, WhatsApp or use the short form.","Request an appointment with Dr. Pamarthi Krishna Das at Krishna Neuro Psychiatric Centre, Suryaraopet, Vijayawada. Call, WhatsApp or use the short form.",You do not need the perfect words to begin.,You do not need the perfect words to begin.,Transactional appointment,book psychiatrist appointment in vijayawada,Indexable — included in sitemap,https://www.krishnaneuropsychiatric.com/appointment,MedicalClinic; PostalAddress; GeoCoordinates; OpeningHoursSpecification; ContactPoint; Physician; WebSite; BreadcrumbList; ListItem,3 H2 / 0 H3 — Request an appointment | Prefer direct contact? | Clinic details,"index, follow",Complete,1 images; 0 missing alt; responsive Next images detected: false,22 internal links; appointment linked,3 external links,No exact duplicate detected in initial pass,unsupported superlative or cure claim,141 KB HTML; 1 images; lazy/responsive image review applied,viewport configured; semantic H1; image alt complete,appointment:true; call:true; WhatsApp:true; directions:true; local signals:true,canonical clinic/doctor naming consistent; claim review needed,MEDIUM,200,,595,unsupported superlative or cure claim
/appointment/success,Branded informational page for success,Appointment Request Prepared,Appointment Request Prepared,Next steps after an appointment request to Krishna Neuro Psychiatric Centre.,Next steps after an appointment request to Krishna Neuro Psychiatric Centre.,Thank you for reaching out.,Thank you for reaching out.,Branded informational,appointment request prepared,Noindex,https://www.krishnaneuropsychiatric.com/appointment/success,MedicalClinic; PostalAddress; GeoCoordinates; OpeningHoursSpecification; ContactPoint; Physician; WebSite,0 H2 / 0 H3,"noindex, nofollow",Complete,1 images; 0 missing alt; responsive Next images detected: false,22 internal links; appointment linked,3 external links,No exact duplicate detected in initial pass,unsupported superlative or cure claim,124 KB HTML; 1 images; lazy/responsive image review applied,viewport configured; semantic H1; image alt complete,appointment:true; call:true; WhatsApp:true; directions:true; local signals:true,canonical clinic/doctor naming consistent; claim review needed,LOW,200,,448,unsupported superlative or cure claim
/best-psychiatrist-in-vijayawada,Legacy URL preserving existing SEO equity,Permanent redirect to /psychiatrist-in-vijayawada,Keep permanent redirect to /psychiatrist-in-vijayawada,N/A — redirect,N/A — redirect,N/A — redirect,N/A — redirect,Legacy navigation,best psychiatrist in vijayawada,Redirect — not indexable,/psychiatrist-in-vijayawada,Inherited from destination,N/A,Permanent 308,Inherited from destination,N/A,Internal links updated to destination,N/A,Consolidated by redirect,None — equity preserved,Redirect only; negligible,Destination audited,Destination audited,Destination audited,NO CHANGE,308,/psychiatrist-in-vijayawada,,
/blog,Branded informational page for blog,Mental Health Articles & Family Guides,Mental Health Articles & Family Guides,"Read responsible, plain-language articles on depression, anxiety, OCD, psychosis, addiction, sleep, children, postpartum health, memory and treatment.","Read responsible, plain-language articles on depression, anxiety, OCD, psychosis, addiction, sleep, children, postpartum health, memory and treatment.",Mental health information for decisions that happen in real life.,Mental health information for decisions that happen in real life.,Branded informational,mental health articles & family guides,Indexable — included in sitemap,https://www.krishnaneuropsychiatric.com/blog,MedicalClinic; PostalAddress; GeoCoordinates; OpeningHoursSpecification; ContactPoint; Physician; WebSite; BreadcrumbList; ListItem,13 H2 / 0 H3 — When Should You See a Psychiatrist? A Practical Guide | Depression or Sadness? How to Understand the Difference | What Happens During a Panic Attack—and What Helps | OCD Is More Than Cleanliness: Hidden Symptoms Explained,"index, follow",Complete,13 images; 0 missing alt; responsive Next images detected: false,34 internal links; appointment linked,3 external links,No exact duplicate detected in initial pass,unsupported superlative or cure claim,169 KB HTML; 13 images; lazy/responsive image review applied,viewport configured; semantic H1; image alt complete,appointment:true; call:true; WhatsApp:true; directions:true; local signals:true,canonical clinic/doctor naming consistent; claim review needed,MEDIUM,200,,884,unsupported superlative or cure claim
/blog/adhd-assessment-what-to-expect,Medical informational page for adhd assessment what to expect,ADHD Assessment: What Children and Adults Can Expect,ADHD Assessment: What Children and Adults Can Expect,"ADHD diagnosis requires developmental history, cross-setting impairment and careful exclusion of sleep, mood, learning and medical causes.","ADHD diagnosis requires developmental history, cross-setting impairment and careful exclusion of sleep, mood, learning and medical causes.",ADHD Assessment: What Children and Adults Can Expect,ADHD Assessment: What Children and Adults Can Expect,Medical informational,adhd assessment: what children and adults can expect,Indexable — included in sitemap,https://www.krishnaneuropsychiatric.com/blog/adhd-assessment-what-to-expect,MedicalClinic; PostalAddress; GeoCoordinates; OpeningHoursSpecification; ContactPoint; Physician; WebSite; Article; Organization; BreadcrumbList; ListItem; FAQPage; Question; Answer,10 H2 / 3 H3 — Key points | What clinicians look for | Information across time and settings | Alternative and coexisting explanations,"index, follow",Complete,1 images; 0 missing alt; responsive Next images detected: false,27 internal links; appointment linked,5 external links,No exact duplicate detected in initial pass,unsupported superlative or cure claim,170 KB HTML; 1 images; lazy/responsive image review applied,viewport configured; semantic H1; image alt complete,appointment:true; call:true; WhatsApp:true; directions:true; local signals:true,canonical clinic/doctor naming consistent; claim review needed,MEDIUM,200,,920,unsupported superlative or cure claim
/blog/alcohol-withdrawal-safety,Medical informational page for alcohol withdrawal safety,Why Stopping Alcohol Suddenly Can Be Dangerous,Why Stopping Alcohol Suddenly Can Be Dangerous,Heavy or dependent alcohol use can cause dangerous withdrawal. Learn warning signs and why a medically planned approach matters.,Heavy or dependent alcohol use can cause dangerous withdrawal. Learn warning signs and why a medically planned approach matters.,Why Stopping Alcohol Suddenly Can Be Dangerous,Why Stopping Alcohol Suddenly Can Be Dangerous,Medical informational,why stopping alcohol suddenly can be dangerous,Indexable — included in sitemap,https://www.krishnaneuropsychiatric.com/blog/alcohol-withdrawal-safety,MedicalClinic; PostalAddress; GeoCoordinates; OpeningHoursSpecification; ContactPoint; Physician; WebSite; Article; Organization; BreadcrumbList; ListItem; FAQPage; Question; Answer,10 H2 / 2 H3 — Key points | Why withdrawal happens | Warning signs | When emergency care is needed,"index, follow",Complete,1 images; 0 missing alt; responsive Next images detected: false,25 internal links; appointment linked,5 external links,No exact duplicate detected in initial pass,unsupported superlative or cure claim,169 KB HTML; 1 images; lazy/responsive image review applied,viewport configured; semantic H1; image alt complete,appointment:true; call:true; WhatsApp:true; directions:true; local signals:true,canonical clinic/doctor naming consistent; claim review needed,MEDIUM,200,,901,unsupported superlative or cure claim
/blog/baby-blues-postpartum-depression-psychosis,Medical informational page for baby blues postpartum depression psychosis,"Baby Blues, Postpartum Depression or Postpartum Psychosis?","Baby Blues, Postpartum Depression or Postpartum Psychosis?","Understand common baby blues, treatable postpartum depression and emergency signs of postpartum psychosis after childbirth.","Understand common baby blues, treatable postpartum depression and emergency signs of postpartum psychosis after childbirth.","Baby Blues, Postpartum Depression or Postpartum Psychosis?","Baby Blues, Postpartum Depression or Postpartum Psychosis?",Medical informational,"baby blues, postpartum depression or postpartum psychosis?",Indexable — included in sitemap,https://www.krishnaneuropsychiatric.com/blog/baby-blues-postpartum-depression-psychosis,MedicalClinic; PostalAddress; GeoCoordinates; OpeningHoursSpecification; ContactPoint; Physician; WebSite; Article; Organization; BreadcrumbList; ListItem; FAQPage; Question; Answer,10 H2 / 2 H3 — Key points | Baby blues | Postpartum depression and anxiety | Postpartum psychosis,"index, follow",Complete,1 images; 0 missing alt; responsive Next images detected: false,26 internal links; appointment linked,5 external links,No exact duplicate detected in initial pass,unsupported superlative or cure claim,169 KB HTML; 1 images; lazy/responsive image review applied,viewport configured; semantic H1; image alt complete,appointment:true; call:true; WhatsApp:true; directions:true; local signals:true,canonical clinic/doctor naming consistent; claim review needed,MEDIUM,200,,923,unsupported superlative or cure claim
/blog/chronic-insomnia-guide,Medical informational page for chronic insomnia guide,A Better Way to Think About Chronic Insomnia,A Better Way to Think About Chronic Insomnia,"Why chronic insomnia is not solved by sleep hygiene alone, how CBT-I works, and when snoring or daytime sleepiness needs medical review.","Why chronic insomnia is not solved by sleep hygiene alone, how CBT-I works, and when snoring or daytime sleepiness needs medical review.",A Better Way to Think About Chronic Insomnia,A Better Way to Think About Chronic Insomnia,Medical informational,a better way to think about chronic insomnia,Indexable — included in sitemap,https://www.krishnaneuropsychiatric.com/blog/chronic-insomnia-guide,MedicalClinic; PostalAddress; GeoCoordinates; OpeningHoursSpecification; ContactPoint; Physician; WebSite; Article; Organization; BreadcrumbList; ListItem; FAQPage; Question; Answer,10 H2 / 3 H3 — Key points | What keeps insomnia going | What CBT-I does | Medicines and substances,"index, follow",Complete,1 images; 0 missing alt; responsive Next images detected: false,26 internal links; appointment linked,5 external links,No exact duplicate detected in initial pass,unsupported superlative or cure claim,170 KB HTML; 1 images; lazy/responsive image review applied,viewport configured; semantic H1; image alt complete,appointment:true; call:true; WhatsApp:true; directions:true; local signals:true,canonical clinic/doctor naming consistent; claim review needed,MEDIUM,200,,925,unsupported superlative or cure claim
/blog/depression-vs-sadness,Medical informational page for depression vs sadness,Depression or Sadness? How to Understand the Difference,Depression or Sadness? How to Understand the Difference,"Sadness is human; depression is a wider pattern affecting body, thinking and function. Learn signs that deserve a professional assessment.","Sadness is human; depression is a wider pattern affecting body, thinking and function. Learn signs that deserve a professional assessment.",Depression or Sadness? How to Understand the Difference,Depression or Sadness? How to Understand the Difference,Medical informational,depression or sadness? how to understand the difference,Indexable — included in sitemap,https://www.krishnaneuropsychiatric.com/blog/depression-vs-sadness,MedicalClinic; PostalAddress; GeoCoordinates; OpeningHoursSpecification; ContactPoint; Physician; WebSite; Article; Organization; BreadcrumbList; ListItem; FAQPage; Question; Answer,10 H2 / 3 H3 — Key points | Look beyond mood alone | Context still matters | Treatment is not one-size-fits-all,"index, follow",Complete,1 images; 0 missing alt; responsive Next images detected: false,26 internal links; appointment linked,5 external links,No exact duplicate detected in initial pass,unsupported superlative or cure claim,171 KB HTML; 1 images; lazy/responsive image review applied,viewport configured; semantic H1; image alt complete,appointment:true; call:true; WhatsApp:true; directions:true; local signals:true,canonical clinic/doctor naming consistent; claim review needed,MEDIUM,200,,973,unsupported superlative or cure claim
/blog/how-to-talk-to-someone-experiencing-psychosis,Medical informational page for how to talk to someone experiencing psychosis,How to Talk to Someone Who May Be Experiencing Psychosis,How to Talk to Someone Who May Be Experiencing Psychosis,"A calm, practical family guide to voices, suspicious beliefs, confusion and urgent warning signs in psychosis.","A calm, practical family guide to voices, suspicious beliefs, confusion and urgent warning signs in psychosis.",How to Talk to Someone Who May Be Experiencing Psychosis,How to Talk to Someone Who May Be Experiencing Psychosis,Medical informational,how to talk to someone who may be experiencing psychosis,Indexable — included in sitemap,https://www.krishnaneuropsychiatric.com/blog/how-to-talk-to-someone-experiencing-psychosis,MedicalClinic; PostalAddress; GeoCoordinates; OpeningHoursSpecification; ContactPoint; Physician; WebSite; Article; Organization; BreadcrumbList; ListItem; FAQPage; Question; Answer,10 H2 / 2 H3 — Key points | Start with safety and connection | What usually makes the situation harder | Encourage assessment,"index, follow",Complete,1 images; 0 missing alt; responsive Next images detected: false,26 internal links; appointment linked,5 external links,No exact duplicate detected in initial pass,unsupported superlative or cure claim,169 KB HTML; 1 images; lazy/responsive image review applied,viewport configured; semantic H1; image alt complete,appointment:true; call:true; WhatsApp:true; directions:true; local signals:true,canonical clinic/doctor naming consistent; claim review needed,MEDIUM,200,,949,unsupported superlative or cure claim
/blog/normal-ageing-or-memory-problem,Medical informational page for normal ageing or memory problem,Normal Ageing or a Memory Problem? Signs to Notice,Normal Ageing or a Memory Problem? Signs to Notice,"Learn which everyday memory lapses may be common and which changes in judgement, navigation or independence deserve assessment.","Learn which everyday memory lapses may be common and which changes in judgement, navigation or independence deserve assessment.",Normal Ageing or a Memory Problem? Signs to Notice,Normal Ageing or a Memory Problem? Signs to Notice,Medical informational,normal ageing or a memory problem? signs to notice,Indexable — included in sitemap,https://www.krishnaneuropsychiatric.com/blog/normal-ageing-or-memory-problem,MedicalClinic; PostalAddress; GeoCoordinates; OpeningHoursSpecification; ContactPoint; Physician; WebSite; Article; Organization; BreadcrumbList; ListItem; FAQPage; Question; Answer,9 H2 / 0 H3 — Key points | Changes that deserve attention | Not every memory problem is dementia | What an assessment may include,"index, follow",Complete,1 images; 0 missing alt; responsive Next images detected: false,25 internal links; appointment linked,5 external links,No exact duplicate detected in initial pass,unsupported superlative or cure claim,164 KB HTML; 1 images; lazy/responsive image review applied,viewport configured; semantic H1; image alt complete,appointment:true; call:true; WhatsApp:true; directions:true; local signals:true,canonical clinic/doctor naming consistent; claim review needed,MEDIUM,200,,873,unsupported superlative or cure claim
/blog/ocd-more-than-cleanliness,Medical informational page for ocd more than cleanliness,OCD Is More Than Cleanliness: Hidden Symptoms Explained,OCD Is More Than Cleanliness: Hidden Symptoms Explained,"Learn how intrusive thoughts, checking, mental rituals and reassurance can be part of OCD—and why thoughts do not define character.","Learn how intrusive thoughts, checking, mental rituals and reassurance can be part of OCD—and why thoughts do not define character.",OCD Is More Than Cleanliness: Hidden Symptoms Explained,OCD Is More Than Cleanliness: Hidden Symptoms Explained,Medical informational,ocd is more than cleanliness: hidden symptoms explained,Indexable — included in sitemap,https://www.krishnaneuropsychiatric.com/blog/ocd-more-than-cleanliness,MedicalClinic; PostalAddress; GeoCoordinates; OpeningHoursSpecification; ContactPoint; Physician; WebSite; Article; Organization; BreadcrumbList; ListItem; FAQPage; Question; Answer,10 H2 / 3 H3 — Key points | Obsessions and compulsions | Mental rituals can be easy to miss | Why reassurance has limits,"index, follow",Complete,1 images; 0 missing alt; responsive Next images detected: false,26 internal links; appointment linked,5 external links,No exact duplicate detected in initial pass,unsupported superlative or cure claim,170 KB HTML; 1 images; lazy/responsive image review applied,viewport configured; semantic H1; image alt complete,appointment:true; call:true; WhatsApp:true; directions:true; local signals:true,canonical clinic/doctor naming consistent; claim review needed,MEDIUM,200,,916,unsupported superlative or cure claim
/blog/panic-attack-what-happens-and-what-helps,Medical informational page for panic attack what happens and what helps,What Happens During a Panic Attack—and What Helps,What Happens During a Panic Attack—and What Helps,"Understand racing heart, breathlessness and fear during panic, when medical assessment is urgent, and how panic disorder is treated.","Understand racing heart, breathlessness and fear during panic, when medical assessment is urgent, and how panic disorder is treated.",What Happens During a Panic Attack—and What Helps,What Happens During a Panic Attack—and What Helps,Medical informational,what happens during a panic attack—and what helps,Indexable — included in sitemap,https://www.krishnaneuropsychiatric.com/blog/panic-attack-what-happens-and-what-helps,MedicalClinic; PostalAddress; GeoCoordinates; OpeningHoursSpecification; ContactPoint; Physician; WebSite; Article; Organization; BreadcrumbList; ListItem; FAQPage; Question; Answer,10 H2 / 3 H3 — Key points | The alarm response | Do not assume every symptom is panic | What to do during a known panic episode,"index, follow",Complete,1 images; 0 missing alt; responsive Next images detected: false,26 internal links; appointment linked,5 external links,No exact duplicate detected in initial pass,unsupported superlative or cure claim,171 KB HTML; 1 images; lazy/responsive image review applied,viewport configured; semantic H1; image alt complete,appointment:true; call:true; WhatsApp:true; directions:true; local signals:true,canonical clinic/doctor naming consistent; claim review needed,MEDIUM,200,,957,unsupported superlative or cure claim
/blog/questions-before-psychiatric-medication,Medical informational page for questions before psychiatric medication,Psychiatric Medication: Seven Questions Worth Asking,Psychiatric Medication: Seven Questions Worth Asking,"A shared-decision guide to the goal, benefits, side effects, monitoring, duration and safe stopping of psychiatric medication.","A shared-decision guide to the goal, benefits, side effects, monitoring, duration and safe stopping of psychiatric medication.",Psychiatric Medication: Seven Questions Worth Asking,Psychiatric Medication: Seven Questions Worth Asking,Medical informational,psychiatric medication: seven questions worth asking,Indexable — included in sitemap,https://www.krishnaneuropsychiatric.com/blog/questions-before-psychiatric-medication,MedicalClinic; PostalAddress; GeoCoordinates; OpeningHoursSpecification; ContactPoint; Physician; WebSite; Article; Organization; BreadcrumbList; ListItem; FAQPage; Question; Answer,"9 H2 / 0 H3 — Key points | Questions to take into the consultation | What ‘lowest effective dose’ means | Side effects are data, not a reason for silence","index, follow",Complete,1 images; 0 missing alt; responsive Next images detected: false,24 internal links; appointment linked,5 external links,No exact duplicate detected in initial pass,unsupported superlative or cure claim,165 KB HTML; 1 images; lazy/responsive image review applied,viewport configured; semantic H1; image alt complete,appointment:true; call:true; WhatsApp:true; directions:true; local signals:true,canonical clinic/doctor naming consistent; claim review needed,MEDIUM,200,,926,unsupported superlative or cure claim
/blog/when-should-a-child-see-a-psychiatrist,Medical informational page for when should a child see a psychiatrist,When Should a Child See a Psychiatrist?,When Should a Child See a Psychiatrist?,"A parent-friendly guide to emotional, behavioural, school and developmental changes that may deserve child psychiatry assessment.","A parent-friendly guide to emotional, behavioural, school and developmental changes that may deserve child psychiatry assessment.",When Should a Child See a Psychiatrist?,When Should a Child See a Psychiatrist?,Medical informational,when should a child see a psychiatrist?,Indexable — included in sitemap,https://www.krishnaneuropsychiatric.com/blog/when-should-a-child-see-a-psychiatrist,MedicalClinic; PostalAddress; GeoCoordinates; OpeningHoursSpecification; ContactPoint; Physician; WebSite; Article; Organization; BreadcrumbList; ListItem; FAQPage; Question; Answer,10 H2 / 1 H3 — Key points | Patterns worth noticing | What assessment involves | Parents are part of treatment,"index, follow",Complete,1 images; 0 missing alt; responsive Next images detected: false,26 internal links; appointment linked,5 external links,No exact duplicate detected in initial pass,unsupported superlative or cure claim,167 KB HTML; 1 images; lazy/responsive image review applied,viewport configured; semantic H1; image alt complete,appointment:true; call:true; WhatsApp:true; directions:true; local signals:true,canonical clinic/doctor naming consistent; claim review needed,MEDIUM,200,,895,unsupported superlative or cure claim
/blog/when-to-see-a-psychiatrist,Medical informational page for when to see a psychiatrist,When Should You See a Psychiatrist? A Practical Guide,When Should You See a Psychiatrist? A Practical Guide,"Learn which changes in mood, sleep, behaviour, substance use or memory suggest it is time to consult a psychiatrist in Vijayawada.","Learn which changes in mood, sleep, behaviour, substance use or memory suggest it is time to consult a psychiatrist in Vijayawada.",When Should You See a Psychiatrist? A Practical Guide,When Should You See a Psychiatrist? A Practical Guide,Medical informational,when should you see a psychiatrist? a practical guide,Indexable — included in sitemap,https://www.krishnaneuropsychiatric.com/blog/when-to-see-a-psychiatrist,MedicalClinic; PostalAddress; GeoCoordinates; OpeningHoursSpecification; ContactPoint; Physician; WebSite; Article; Organization; BreadcrumbList; ListItem; FAQPage; Question; Answer,10 H2 / 3 H3 — Key points | What a psychiatrist can help assess | Four questions that can guide the decision | When not to wait for an appointment,"index, follow",Complete,1 images; 0 missing alt; responsive Next images detected: false,26 internal links; appointment linked,5 external links,No exact duplicate detected in initial pass,unsupported superlative or cure claim,174 KB HTML; 1 images; lazy/responsive image review applied,viewport configured; semantic H1; image alt complete,appointment:true; call:true; WhatsApp:true; directions:true; local signals:true,canonical clinic/doctor naming consistent; claim review needed,MEDIUM,200,,1118,unsupported superlative or cure claim
/conditions,Branded informational page for conditions,Mental Health Conditions We Treat,Mental Health Conditions We Treat,"Explore clear, evidence-based guides to depression, anxiety, OCD, bipolar disorder, psychosis, addiction, sleep, child psychiatry, memory and more.","Explore clear, evidence-based guides to depression, anxiety, OCD, bipolar disorder, psychosis, addiction, sleep, child psychiatry, memory and more.",Understand the pattern. Find the right next step.,Understand the pattern. Find the right next step.,Branded informational,mental health conditions we treat,Indexable — included in sitemap,https://www.krishnaneuropsychiatric.com/conditions,MedicalClinic; PostalAddress; GeoCoordinates; OpeningHoursSpecification; ContactPoint; Physician; WebSite; BreadcrumbList; ListItem,31 H2 / 0 H3 — Depression | Anxiety | Panic Disorder | Obsessive-Compulsive Disorder (OCD),"index, follow",Complete,31 images; 0 missing alt; responsive Next images detected: false,46 internal links; appointment linked,3 external links,No exact duplicate detected in initial pass,unsupported superlative or cure claim,240 KB HTML; 31 images; lazy/responsive image review applied,viewport configured; semantic H1; image alt complete,appointment:true; call:true; WhatsApp:true; directions:true; local signals:true,canonical clinic/doctor naming consistent; claim review needed,MEDIUM,200,,1268,unsupported superlative or cure claim
/conditions/adhd,Medical informational with consultation intent page for adhd,ADHD Care in Vijayawada,ADHD Care in Vijayawada,"ADHD affects attention, impulse control and activity regulation across settings. It is not simply poor discipline. Learn symptoms, causes, diagnosis and evidence-based treatment options with a Consultant Psychiatrist in Vijayawada.","ADHD affects attention, impulse control and activity regulation across settings. It is not simply poor discipline. Learn symptoms, causes, diagnosis and evidence-based treatment options with a Consultant Psychiatrist in Vijayawada.","ADHD : understand what is happening, without losing hope.","ADHD : understand what is happening, without losing hope.",Medical informational with consultation intent,adhd care in vijayawada,Indexable — included in sitemap,https://www.krishnaneuropsychiatric.com/conditions/adhd,MedicalClinic; PostalAddress; GeoCoordinates; OpeningHoursSpecification; ContactPoint; Physician; WebSite; MedicalWebPage; MedicalCondition; BreadcrumbList; ListItem; FAQPage; Question; Answer,10 H2 / 6 H3 — What you or your family may notice | Common causes and contributors | Risk factors | How diagnosis works,"index, follow",Complete,1 images; 0 missing alt; responsive Next images detected: false,27 internal links; appointment linked,3 external links,No exact duplicate detected in initial pass,unsupported superlative or cure claim,196 KB HTML; 1 images; lazy/responsive image review applied,viewport configured; semantic H1; image alt complete,appointment:true; call:true; WhatsApp:true; directions:true; local signals:true,canonical clinic/doctor naming consistent; claim review needed,MEDIUM,200,,1016,unsupported superlative or cure claim
/conditions/adolescent-psychiatry,Medical informational with consultation intent page for adolescent psychiatry,Adolescent Psychiatry Care in Vijayawada,Adolescent Psychiatry Care in Vijayawada,"Adolescence brings rapid change. Confidential, respectful assessment can help when mood, behaviour, identity or functioning becomes difficult. Learn symptoms, causes, diagnosis and evidence-based treatment options with a Consultant Psychiatrist in Vijayawada.","Adolescence brings rapid change. Confidential, respectful assessment can help when mood, behaviour, identity or functioning becomes difficult. Learn symptoms, causes, diagnosis and evidence-based treatment options with a Consultant Psychiatrist in Vijayawada.","Adolescent Psychiatry : understand what is happening, without losing hope.","Adolescent Psychiatry : understand what is happening, without losing hope.",Medical informational with consultation intent,adolescent psychiatry care in vijayawada,Indexable — included in sitemap,https://www.krishnaneuropsychiatric.com/conditions/adolescent-psychiatry,MedicalClinic; PostalAddress; GeoCoordinates; OpeningHoursSpecification; ContactPoint; Physician; WebSite; MedicalWebPage; MedicalCondition; BreadcrumbList; ListItem; FAQPage; Question; Answer,10 H2 / 6 H3 — What you or your family may notice | Common causes and contributors | Risk factors | How diagnosis works,"index, follow",Complete,1 images; 0 missing alt; responsive Next images detected: false,27 internal links; appointment linked,3 external links,No exact duplicate detected in initial pass,unsupported superlative or cure claim,202 KB HTML; 1 images; lazy/responsive image review applied,viewport configured; semantic H1; image alt complete,appointment:true; call:true; WhatsApp:true; directions:true; local signals:true,canonical clinic/doctor naming consistent; claim review needed,MEDIUM,200,,1078,unsupported superlative or cure claim
/conditions/alcohol-addiction,Medical informational with consultation intent page for alcohol addiction,Alcohol Addiction Care in Vijayawada,Alcohol Addiction Care in Vijayawada,"Alcohol dependence is a health condition, not a lack of willpower. Confidential, non-judgemental care can support safer change. Learn symptoms, causes, diagnosis and evidence-based treatment options with a Consultant Psychiatrist in Vijayawada.","Alcohol dependence is a health condition, not a lack of willpower. Confidential, non-judgemental care can support safer change. Learn symptoms, causes, diagnosis and evidence-based treatment options with a Consultant Psychiatrist in Vijayawada.","Alcohol Addiction : understand what is happening, without losing hope.","Alcohol Addiction : understand what is happening, without losing hope.",Medical informational with consultation intent,alcohol addiction care in vijayawada,Indexable — included in sitemap,https://www.krishnaneuropsychiatric.com/conditions/alcohol-addiction,MedicalClinic; PostalAddress; GeoCoordinates; OpeningHoursSpecification; ContactPoint; Physician; WebSite; MedicalWebPage; MedicalCondition; BreadcrumbList; ListItem; FAQPage; Question; Answer,10 H2 / 6 H3 — What you or your family may notice | Common causes and contributors | Risk factors | How diagnosis works,"index, follow",Complete,1 images; 0 missing alt; responsive Next images detected: false,25 internal links; appointment linked,3 external links,No exact duplicate detected in initial pass,unsupported superlative or cure claim,198 KB HTML; 1 images; lazy/responsive image review applied,viewport configured; semantic H1; image alt complete,appointment:true; call:true; WhatsApp:true; directions:true; local signals:true,canonical clinic/doctor naming consistent; claim review needed,MEDIUM,200,,1060,unsupported superlative or cure claim
/conditions/alzheimers-disease,Medical informational with consultation intent page for alzheimers disease,Alzheimer's Disease Care in Vijayawada,Alzheimer's Disease Care in Vijayawada,"Alzheimer's disease is a common cause of dementia. Early assessment supports planning, symptom care and family understanding. Learn symptoms, causes, diagnosis and evidence-based treatment options with a Consultant Psychiatrist in Vijayawada.","Alzheimer's disease is a common cause of dementia. Early assessment supports planning, symptom care and family understanding. Learn symptoms, causes, diagnosis and evidence-based treatment options with a Consultant Psychiatrist in Vijayawada.","Alzheimer's Disease : understand what is happening, without losing hope.","Alzheimer's Disease : understand what is happening, without losing hope.",Medical informational with consultation intent,alzheimer's disease care in vijayawada,Indexable — included in sitemap,https://www.krishnaneuropsychiatric.com/conditions/alzheimers-disease,MedicalClinic; PostalAddress; GeoCoordinates; OpeningHoursSpecification; ContactPoint; Physician; WebSite; MedicalWebPage; MedicalCondition; BreadcrumbList; ListItem; FAQPage; Question; Answer,10 H2 / 6 H3 — What you or your family may notice | Common causes and contributors | Risk factors | How diagnosis works,"index, follow",Complete,1 images; 0 missing alt; responsive Next images detected: false,28 internal links; appointment linked,3 external links,No exact duplicate detected in initial pass,unsupported superlative or cure claim,198 KB HTML; 1 images; lazy/responsive image review applied,viewport configured; semantic H1; image alt complete,appointment:true; call:true; WhatsApp:true; directions:true; local signals:true,canonical clinic/doctor naming consistent; claim review needed,MEDIUM,200,,1039,unsupported superlative or cure claim
/conditions/anxiety,Medical informational with consultation intent page for anxiety,Anxiety Care in Vijayawada,Anxiety Care in Vijayawada,"When worry and physical tension feel difficult to control, structured treatment can help restore calm and confidence. Learn symptoms, causes, diagnosis and evidence-based treatment options with a Consultant Psychiatrist in Vijayawada.","When worry and physical tension feel difficult to control, structured treatment can help restore calm and confidence. Learn symptoms, causes, diagnosis and evidence-based treatment options with a Consultant Psychiatrist in Vijayawada.","Anxiety : understand what is happening, without losing hope.","Anxiety : understand what is happening, without losing hope.",Medical informational with consultation intent,anxiety care in vijayawada,Indexable — included in sitemap,https://www.krishnaneuropsychiatric.com/conditions/anxiety,MedicalClinic; PostalAddress; GeoCoordinates; OpeningHoursSpecification; ContactPoint; Physician; WebSite; MedicalWebPage; MedicalCondition; BreadcrumbList; ListItem; FAQPage; Question; Answer,10 H2 / 6 H3 — What you or your family may notice | Common causes and contributors | Risk factors | How diagnosis works,"index, follow",Complete,1 images; 0 missing alt; responsive Next images detected: false,25 internal links; appointment linked,3 external links,No exact duplicate detected in initial pass,unsupported superlative or cure claim,194 KB HTML; 1 images; lazy/responsive image review applied,viewport configured; semantic H1; image alt complete,appointment:true; call:true; WhatsApp:true; directions:true; local signals:true,canonical clinic/doctor naming consistent; claim review needed,MEDIUM,200,,1017,unsupported superlative or cure claim
/conditions/autism,Medical informational with consultation intent page for autism,Autism Care in Vijayawada,Autism Care in Vijayawada,"Autism is a neurodevelopmental difference affecting communication, social interaction, sensory experience and patterns of interest. Learn symptoms, causes, diagnosis and evidence-based treatment options with a Consultant Psychiatrist in Vijayawada.","Autism is a neurodevelopmental difference affecting communication, social interaction, sensory experience and patterns of interest. Learn symptoms, causes, diagnosis and evidence-based treatment options with a Consultant Psychiatrist in Vijayawada.","Autism : understand what is happening, without losing hope.","Autism : understand what is happening, without losing hope.",Medical informational with consultation intent,autism care in vijayawada,Indexable — included in sitemap,https://www.krishnaneuropsychiatric.com/conditions/autism,MedicalClinic; PostalAddress; GeoCoordinates; OpeningHoursSpecification; ContactPoint; Physician; WebSite; MedicalWebPage; MedicalCondition; BreadcrumbList; ListItem; FAQPage; Question; Answer,10 H2 / 6 H3 — What you or your family may notice | Common causes and contributors | Risk factors | How diagnosis works,"index, follow",Complete,1 images; 0 missing alt; responsive Next images detected: false,29 internal links; appointment linked,3 external links,No exact duplicate detected in initial pass,unsupported superlative or cure claim,198 KB HTML; 1 images; lazy/responsive image review applied,viewport configured; semantic H1; image alt complete,appointment:true; call:true; WhatsApp:true; directions:true; local signals:true,canonical clinic/doctor naming consistent; claim review needed,MEDIUM,200,,1023,unsupported superlative or cure claim
/conditions/behavior-problems,Medical informational with consultation intent page for behavior problems,Behavior Problems Care in Vijayawada,Behavior Problems Care in Vijayawada,"Repeated aggression, defiance or rule-breaking may communicate unmet developmental, emotional or learning needs. Learn symptoms, causes, diagnosis and evidence-based treatment options with a Consultant Psychiatrist in Vijayawada.","Repeated aggression, defiance or rule-breaking may communicate unmet developmental, emotional or learning needs. Learn symptoms, causes, diagnosis and evidence-based treatment options with a Consultant Psychiatrist in Vijayawada.","Behavior Problems : understand what is happening, without losing hope.","Behavior Problems : understand what is happening, without losing hope.",Medical informational with consultation intent,behavior problems care in vijayawada,Indexable — included in sitemap,https://www.krishnaneuropsychiatric.com/conditions/behavior-problems,MedicalClinic; PostalAddress; GeoCoordinates; OpeningHoursSpecification; ContactPoint; Physician; WebSite; MedicalWebPage; MedicalCondition; BreadcrumbList; ListItem; FAQPage; Question; Answer,10 H2 / 6 H3 — What you or your family may notice | Common causes and contributors | Risk factors | How diagnosis works,"index, follow",Complete,1 images; 0 missing alt; responsive Next images detected: false,29 internal links; appointment linked,3 external links,No exact duplicate detected in initial pass,unsupported superlative or cure claim,198 KB HTML; 1 images; lazy/responsive image review applied,viewport configured; semantic H1; image alt complete,appointment:true; call:true; WhatsApp:true; directions:true; local signals:true,canonical clinic/doctor naming consistent; claim review needed,MEDIUM,200,,1019,unsupported superlative or cure claim
/conditions/bipolar-disorder,Medical informational with consultation intent page for bipolar disorder,Bipolar Disorder Care in Vijayawada,Bipolar Disorder Care in Vijayawada,"Bipolar disorder causes distinct episodes of unusually elevated or irritable mood and often depression. Stable, meaningful life is possible with ongoing care. Learn symptoms, causes, diagnosis and evidence-based treatment options with a Consultant Psychiatrist in Vijayawada.","Bipolar disorder causes distinct episodes of unusually elevated or irritable mood and often depression. Stable, meaningful life is possible with ongoing care. Learn symptoms, causes, diagnosis and evidence-based treatment options with a Consultant Psychiatrist in Vijayawada.","Bipolar Disorder : understand what is happening, without losing hope.","Bipolar Disorder : understand what is happening, without losing hope.",Medical informational with consultation intent,bipolar disorder care in vijayawada,Indexable — included in sitemap,https://www.krishnaneuropsychiatric.com/conditions/bipolar-disorder,MedicalClinic; PostalAddress; GeoCoordinates; OpeningHoursSpecification; ContactPoint; Physician; WebSite; MedicalWebPage; MedicalCondition; BreadcrumbList; ListItem; FAQPage; Question; Answer,10 H2 / 6 H3 — What you or your family may notice | Common causes and contributors | Risk factors | How diagnosis works,"index, follow",Complete,1 images; 0 missing alt; responsive Next images detected: false,27 internal links; appointment linked,3 external links,No exact duplicate detected in initial pass,unsupported superlative or cure claim,202 KB HTML; 1 images; lazy/responsive image review applied,viewport configured; semantic H1; image alt complete,appointment:true; call:true; WhatsApp:true; directions:true; local signals:true,canonical clinic/doctor naming consistent; claim review needed,MEDIUM,200,,1117,unsupported superlative or cure claim
/conditions/child-psychiatry,Medical informational with consultation intent page for child psychiatry,Child Psychiatry Care in Vijayawada,Child Psychiatry Care in Vijayawada,"Children express distress through behaviour, body complaints, sleep and school changes. Assessment looks at the whole child—not a label. Learn symptoms, causes, diagnosis and evidence-based treatment options with a Consultant Psychiatrist in Vijayawada.","Children express distress through behaviour, body complaints, sleep and school changes. Assessment looks at the whole child—not a label. Learn symptoms, causes, diagnosis and evidence-based treatment options with a Consultant Psychiatrist in Vijayawada.","Child Psychiatry : understand what is happening, without losing hope.","Child Psychiatry : understand what is happening, without losing hope.",Medical informational with consultation intent,child psychiatry care in vijayawada,Indexable — included in sitemap,https://www.krishnaneuropsychiatric.com/conditions/child-psychiatry,MedicalClinic; PostalAddress; GeoCoordinates; OpeningHoursSpecification; ContactPoint; Physician; WebSite; MedicalWebPage; MedicalCondition; BreadcrumbList; ListItem; FAQPage; Question; Answer,10 H2 / 6 H3 — What you or your family may notice | Common causes and contributors | Risk factors | How diagnosis works,"index, follow",Complete,1 images; 0 missing alt; responsive Next images detected: false,27 internal links; appointment linked,3 external links,No exact duplicate detected in initial pass,unsupported superlative or cure claim,195 KB HTML; 1 images; lazy/responsive image review applied,viewport configured; semantic H1; image alt complete,appointment:true; call:true; WhatsApp:true; directions:true; local signals:true,canonical clinic/doctor naming consistent; claim review needed,MEDIUM,200,,1031,unsupported superlative or cure claim
/conditions/dementia,Medical informational with consultation intent page for dementia,Dementia Care in Vijayawada,Dementia Care in Vijayawada,"Dementia affects thinking enough to interfere with independence. A diagnosis can guide treatment, safety and family support. Learn symptoms, causes, diagnosis and evidence-based treatment options with a Consultant Psychiatrist in Vijayawada.","Dementia affects thinking enough to interfere with independence. A diagnosis can guide treatment, safety and family support. Learn symptoms, causes, diagnosis and evidence-based treatment options with a Consultant Psychiatrist in Vijayawada.","Dementia : understand what is happening, without losing hope.","Dementia : understand what is happening, without losing hope.",Medical informational with consultation intent,dementia care in vijayawada,Indexable — included in sitemap,https://www.krishnaneuropsychiatric.com/conditions/dementia,MedicalClinic; PostalAddress; GeoCoordinates; OpeningHoursSpecification; ContactPoint; Physician; WebSite; MedicalWebPage; MedicalCondition; BreadcrumbList; ListItem; FAQPage; Question; Answer,10 H2 / 6 H3 — What you or your family may notice | Common causes and contributors | Risk factors | How diagnosis works,"index, follow",Complete,1 images; 0 missing alt; responsive Next images detected: false,26 internal links; appointment linked,3 external links,No exact duplicate detected in initial pass,unsupported superlative or cure claim,194 KB HTML; 1 images; lazy/responsive image review applied,viewport configured; semantic H1; image alt complete,appointment:true; call:true; WhatsApp:true; directions:true; local signals:true,canonical clinic/doctor naming consistent; claim review needed,MEDIUM,200,,1014,unsupported superlative or cure claim
/conditions/depression,Medical informational with consultation intent page for depression,Depression Care in Vijayawada,Depression Care in Vijayawada,"Persistent low mood or loss of interest can affect sleep, energy, thinking and hope. Depression is a health condition—not a personal failure. Learn symptoms, causes, diagnosis and evidence-based treatment options with a Consultant Psychiatrist in Vijayawada.","Persistent low mood or loss of interest can affect sleep, energy, thinking and hope. Depression is a health condition—not a personal failure. Learn symptoms, causes, diagnosis and evidence-based treatment options with a Consultant Psychiatrist in Vijayawada.","Depression : understand what is happening, without losing hope.","Depression : understand what is happening, without losing hope.",Medical informational with consultation intent,depression care in vijayawada,Indexable — included in sitemap,https://www.krishnaneuropsychiatric.com/conditions/depression,MedicalClinic; PostalAddress; GeoCoordinates; OpeningHoursSpecification; ContactPoint; Physician; WebSite; MedicalWebPage; MedicalCondition; BreadcrumbList; ListItem; FAQPage; Question; Answer,10 H2 / 6 H3 — What you or your family may notice | Common causes and contributors | Risk factors | How diagnosis works,"index, follow",Complete,1 images; 0 missing alt; responsive Next images detected: false,25 internal links; appointment linked,3 external links,No exact duplicate detected in initial pass,unsupported superlative or cure claim,198 KB HTML; 1 images; lazy/responsive image review applied,viewport configured; semantic H1; image alt complete,appointment:true; call:true; WhatsApp:true; directions:true; local signals:true,canonical clinic/doctor naming consistent; claim review needed,MEDIUM,200,,1094,unsupported superlative or cure claim
/conditions/drug-addiction,Medical informational with consultation intent page for drug addiction,Drug Addiction Care in Vijayawada,Drug Addiction Care in Vijayawada,"Dependence on prescription or illicit drugs can change judgement and health. Treatment is confidential, practical and tailored to the substance involved. Learn symptoms, causes, diagnosis and evidence-based treatment options with a Consultant Psychiatrist in Vijayawada.","Dependence on prescription or illicit drugs can change judgement and health. Treatment is confidential, practical and tailored to the substance involved. Learn symptoms, causes, diagnosis and evidence-based treatment options with a Consultant Psychiatrist in Vijayawada.","Drug Addiction : understand what is happening, without losing hope.","Drug Addiction : understand what is happening, without losing hope.",Medical informational with consultation intent,drug addiction care in vijayawada,Indexable — included in sitemap,https://www.krishnaneuropsychiatric.com/conditions/drug-addiction,MedicalClinic; PostalAddress; GeoCoordinates; OpeningHoursSpecification; ContactPoint; Physician; WebSite; MedicalWebPage; MedicalCondition; BreadcrumbList; ListItem; FAQPage; Question; Answer,10 H2 / 6 H3 — What you or your family may notice | Common causes and contributors | Risk factors | How diagnosis works,"index, follow",Complete,1 images; 0 missing alt; responsive Next images detected: false,27 internal links; appointment linked,3 external links,No exact duplicate detected in initial pass,unsupported superlative or cure claim,201 KB HTML; 1 images; lazy/responsive image review applied,viewport configured; semantic H1; image alt complete,appointment:true; call:true; WhatsApp:true; directions:true; local signals:true,canonical clinic/doctor naming consistent; claim review needed,MEDIUM,200,,1080,unsupported superlative or cure claim
/conditions/family-counselling,Medical informational with consultation intent page for family counselling,Family Counselling Care in Vijayawada,Family Counselling Care in Vijayawada,"Families can become powerful partners in recovery when they understand illness, communicate calmly and protect everyone's wellbeing. Learn symptoms, causes, diagnosis and evidence-based treatment options with a Consultant Psychiatrist in Vijayawada.","Families can become powerful partners in recovery when they understand illness, communicate calmly and protect everyone's wellbeing. Learn symptoms, causes, diagnosis and evidence-based treatment options with a Consultant Psychiatrist in Vijayawada.","Family Counselling : understand what is happening, without losing hope.","Family Counselling : understand what is happening, without losing hope.",Medical informational with consultation intent,family counselling care in vijayawada,Indexable — included in sitemap,https://www.krishnaneuropsychiatric.com/conditions/family-counselling,MedicalClinic; PostalAddress; GeoCoordinates; OpeningHoursSpecification; ContactPoint; Physician; WebSite; MedicalWebPage; MedicalCondition; BreadcrumbList; ListItem; FAQPage; Question; Answer,10 H2 / 6 H3 — What you or your family may notice | Common causes and contributors | Risk factors | How diagnosis works,"index, follow",Complete,1 images; 0 missing alt; responsive Next images detected: false,28 internal links; appointment linked,3 external links,No exact duplicate detected in initial pass,unsupported superlative or cure claim,198 KB HTML; 1 images; lazy/responsive image review applied,viewport configured; semantic H1; image alt complete,appointment:true; call:true; WhatsApp:true; directions:true; local signals:true,canonical clinic/doctor naming consistent; claim review needed,MEDIUM,200,,1011,unsupported superlative or cure claim
/conditions/grief-counselling,Medical informational with consultation intent page for grief counselling,Grief Counselling Care in Vijayawada,Grief Counselling Care in Vijayawada,"Grief has no single timetable. Support can help when loss feels isolating, traumatic or difficult to carry. Learn symptoms, causes, diagnosis and evidence-based treatment options with a Consultant Psychiatrist in Vijayawada.","Grief has no single timetable. Support can help when loss feels isolating, traumatic or difficult to carry. Learn symptoms, causes, diagnosis and evidence-based treatment options with a Consultant Psychiatrist in Vijayawada.","Grief Counselling : understand what is happening, without losing hope.","Grief Counselling : understand what is happening, without losing hope.",Medical informational with consultation intent,grief counselling care in vijayawada,Indexable — included in sitemap,https://www.krishnaneuropsychiatric.com/conditions/grief-counselling,MedicalClinic; PostalAddress; GeoCoordinates; OpeningHoursSpecification; ContactPoint; Physician; WebSite; MedicalWebPage; MedicalCondition; BreadcrumbList; ListItem; FAQPage; Question; Answer,10 H2 / 6 H3 — What you or your family may notice | Common causes and contributors | Risk factors | How diagnosis works,"index, follow",Complete,1 images; 0 missing alt; responsive Next images detected: false,28 internal links; appointment linked,3 external links,No exact duplicate detected in initial pass,unsupported superlative or cure claim,198 KB HTML; 1 images; lazy/responsive image review applied,viewport configured; semantic H1; image alt complete,appointment:true; call:true; WhatsApp:true; directions:true; local signals:true,canonical clinic/doctor naming consistent; claim review needed,MEDIUM,200,,1040,unsupported superlative or cure claim
/conditions/learning-disorders,Medical informational with consultation intent page for learning disorders,Learning Disorders Care in Vijayawada,Learning Disorders Care in Vijayawada,"Persistent difficulty with reading, writing or mathematics is not laziness. The right assessment can unlock practical support. Learn symptoms, causes, diagnosis and evidence-based treatment options with a Consultant Psychiatrist in Vijayawada.","Persistent difficulty with reading, writing or mathematics is not laziness. The right assessment can unlock practical support. Learn symptoms, causes, diagnosis and evidence-based treatment options with a Consultant Psychiatrist in Vijayawada.","Learning Disorders : understand what is happening, without losing hope.","Learning Disorders : understand what is happening, without losing hope.",Medical informational with consultation intent,learning disorders care in vijayawada,Indexable — included in sitemap,https://www.krishnaneuropsychiatric.com/conditions/learning-disorders,MedicalClinic; PostalAddress; GeoCoordinates; OpeningHoursSpecification; ContactPoint; Physician; WebSite; MedicalWebPage; MedicalCondition; BreadcrumbList; ListItem; FAQPage; Question; Answer,10 H2 / 6 H3 — What you or your family may notice | Common causes and contributors | Risk factors | How diagnosis works,"index, follow",Complete,1 images; 0 missing alt; responsive Next images detected: false,27 internal links; appointment linked,3 external links,No exact duplicate detected in initial pass,unsupported superlative or cure claim,195 KB HTML; 1 images; lazy/responsive image review applied,viewport configured; semantic H1; image alt complete,appointment:true; call:true; WhatsApp:true; directions:true; local signals:true,canonical clinic/doctor naming consistent; claim review needed,MEDIUM,200,,1008,unsupported superlative or cure claim
/conditions/memory-problems,Medical informational with consultation intent page for memory problems,Memory Problems Care in Vijayawada,Memory Problems Care in Vijayawada,"Forgetfulness can come from stress, sleep, depression, medicines or neurological illness. Assessment can clarify the pattern. Learn symptoms, causes, diagnosis and evidence-based treatment options with a Consultant Psychiatrist in Vijayawada.","Forgetfulness can come from stress, sleep, depression, medicines or neurological illness. Assessment can clarify the pattern. Learn symptoms, causes, diagnosis and evidence-based treatment options with a Consultant Psychiatrist in Vijayawada.","Memory Problems : understand what is happening, without losing hope.","Memory Problems : understand what is happening, without losing hope.",Medical informational with consultation intent,memory problems care in vijayawada,Indexable — included in sitemap,https://www.krishnaneuropsychiatric.com/conditions/memory-problems,MedicalClinic; PostalAddress; GeoCoordinates; OpeningHoursSpecification; ContactPoint; Physician; WebSite; MedicalWebPage; MedicalCondition; BreadcrumbList; ListItem; FAQPage; Question; Answer,10 H2 / 6 H3 — What you or your family may notice | Common causes and contributors | Risk factors | How diagnosis works,"index, follow",Complete,1 images; 0 missing alt; responsive Next images detected: false,26 internal links; appointment linked,3 external links,No exact duplicate detected in initial pass,unsupported superlative or cure claim,195 KB HTML; 1 images; lazy/responsive image review applied,viewport configured; semantic H1; image alt complete,appointment:true; call:true; WhatsApp:true; directions:true; local signals:true,canonical clinic/doctor naming consistent; claim review needed,MEDIUM,200,,1010,unsupported superlative or cure claim
/conditions/ocd,Medical informational with consultation intent page for ocd,Obsessive-Compulsive Disorder (OCD) Care in Vijayawada,Obsessive-Compulsive Disorder (OCD) Care in Vijayawada,"Unwanted thoughts and repeated rituals can consume time and cause distress. OCD is not a character flaw or a preference for neatness. Learn symptoms, causes, diagnosis and evidence-based treatment options with a Consultant Psychiatrist in Vijayawada.","Unwanted thoughts and repeated rituals can consume time and cause distress. OCD is not a character flaw or a preference for neatness. Learn symptoms, causes, diagnosis and evidence-based treatment options with a Consultant Psychiatrist in Vijayawada.","Obsessive-Compulsive Disorder (OCD) : understand what is happening, without losing hope.","Obsessive-Compulsive Disorder (OCD) : understand what is happening, without losing hope.",Medical informational with consultation intent,obsessive-compulsive disorder (ocd) care in vijayawada,Indexable — included in sitemap,https://www.krishnaneuropsychiatric.com/conditions/ocd,MedicalClinic; PostalAddress; GeoCoordinates; OpeningHoursSpecification; ContactPoint; Physician; WebSite; MedicalWebPage; MedicalCondition; BreadcrumbList; ListItem; FAQPage; Question; Answer,10 H2 / 6 H3 — What you or your family may notice | Common causes and contributors | Risk factors | How diagnosis works,"index, follow",Complete,1 images; 0 missing alt; responsive Next images detected: false,25 internal links; appointment linked,3 external links,No exact duplicate detected in initial pass,unsupported superlative or cure claim,195 KB HTML; 1 images; lazy/responsive image review applied,viewport configured; semantic H1; image alt complete,appointment:true; call:true; WhatsApp:true; directions:true; local signals:true,canonical clinic/doctor naming consistent; claim review needed,MEDIUM,200,,1043,unsupported superlative or cure claim
/conditions/old-age-psychiatry,Medical informational with consultation intent page for old age psychiatry,Old Age Psychiatry Care in Vijayawada,Old Age Psychiatry Care in Vijayawada,"Later-life mental health care considers mood, memory, medicines, physical illness, independence and caregiver wellbeing together. Learn symptoms, causes, diagnosis and evidence-based treatment options with a Consultant Psychiatrist in Vijayawada.","Later-life mental health care considers mood, memory, medicines, physical illness, independence and caregiver wellbeing together. Learn symptoms, causes, diagnosis and evidence-based treatment options with a Consultant Psychiatrist in Vijayawada.","Old Age Psychiatry : understand what is happening, without losing hope.","Old Age Psychiatry : understand what is happening, without losing hope.",Medical informational with consultation intent,old age psychiatry care in vijayawada,Indexable — included in sitemap,https://www.krishnaneuropsychiatric.com/conditions/old-age-psychiatry,MedicalClinic; PostalAddress; GeoCoordinates; OpeningHoursSpecification; ContactPoint; Physician; WebSite; MedicalWebPage; MedicalCondition; BreadcrumbList; ListItem; FAQPage; Question; Answer,10 H2 / 6 H3 — What you or your family may notice | Common causes and contributors | Risk factors | How diagnosis works,"index, follow",Complete,1 images; 0 missing alt; responsive Next images detected: false,26 internal links; appointment linked,3 external links,No exact duplicate detected in initial pass,unsupported superlative or cure claim,195 KB HTML; 1 images; lazy/responsive image review applied,viewport configured; semantic H1; image alt complete,appointment:true; call:true; WhatsApp:true; directions:true; local signals:true,canonical clinic/doctor naming consistent; claim review needed,MEDIUM,200,,1021,unsupported superlative or cure claim
/conditions/panic-disorder,Medical informational with consultation intent page for panic disorder,Panic Disorder Care in Vijayawada,Panic Disorder Care in Vijayawada,"Repeated panic attacks can feel dangerous, even when tests are normal. The cycle is real—and it can be treated. Learn symptoms, causes, diagnosis and evidence-based treatment options with a Consultant Psychiatrist in Vijayawada.","Repeated panic attacks can feel dangerous, even when tests are normal. The cycle is real—and it can be treated. Learn symptoms, causes, diagnosis and evidence-based treatment options with a Consultant Psychiatrist in Vijayawada.","Panic Disorder : understand what is happening, without losing hope.","Panic Disorder : understand what is happening, without losing hope.",Medical informational with consultation intent,panic disorder care in vijayawada,Indexable — included in sitemap,https://www.krishnaneuropsychiatric.com/conditions/panic-disorder,MedicalClinic; PostalAddress; GeoCoordinates; OpeningHoursSpecification; ContactPoint; Physician; WebSite; MedicalWebPage; MedicalCondition; BreadcrumbList; ListItem; FAQPage; Question; Answer,10 H2 / 6 H3 — What you or your family may notice | Common causes and contributors | Risk factors | How diagnosis works,"index, follow",Complete,1 images; 0 missing alt; responsive Next images detected: false,24 internal links; appointment linked,3 external links,No exact duplicate detected in initial pass,unsupported superlative or cure claim,194 KB HTML; 1 images; lazy/responsive image review applied,viewport configured; semantic H1; image alt complete,appointment:true; call:true; WhatsApp:true; directions:true; local signals:true,canonical clinic/doctor naming consistent; claim review needed,MEDIUM,200,,1013,unsupported superlative or cure claim
/conditions/personality-disorders,Medical informational with consultation intent page for personality disorders,Personality Disorders Care in Vijayawada,Personality Disorders Care in Vijayawada,"Long-standing patterns of emotion, relationships and coping can become painful or inflexible. A diagnosis should guide care—not define a person. Learn symptoms, causes, diagnosis and evidence-based treatment options with a Consultant Psychiatrist in Vijayawada.","Long-standing patterns of emotion, relationships and coping can become painful or inflexible. A diagnosis should guide care—not define a person. Learn symptoms, causes, diagnosis and evidence-based treatment options with a Consultant Psychiatrist in Vijayawada.","Personality Disorders : understand what is happening, without losing hope.","Personality Disorders : understand what is happening, without losing hope.",Medical informational with consultation intent,personality disorders care in vijayawada,Indexable — included in sitemap,https://www.krishnaneuropsychiatric.com/conditions/personality-disorders,MedicalClinic; PostalAddress; GeoCoordinates; OpeningHoursSpecification; ContactPoint; Physician; WebSite; MedicalWebPage; MedicalCondition; BreadcrumbList; ListItem; FAQPage; Question; Answer,10 H2 / 6 H3 — What you or your family may notice | Common causes and contributors | Risk factors | How diagnosis works,"index, follow",Complete,1 images; 0 missing alt; responsive Next images detected: false,28 internal links; appointment linked,3 external links,No exact duplicate detected in initial pass,unsupported superlative or cure claim,199 KB HTML; 1 images; lazy/responsive image review applied,viewport configured; semantic H1; image alt complete,appointment:true; call:true; WhatsApp:true; directions:true; local signals:true,canonical clinic/doctor naming consistent; claim review needed,MEDIUM,200,,1032,unsupported superlative or cure claim
/conditions/postpartum-depression,Medical informational with consultation intent page for postpartum depression,Postpartum Depression Care in Vijayawada,Postpartum Depression Care in Vijayawada,"Depression after childbirth is common, treatable and never a sign of being a bad parent. Help supports both parent and baby. Learn symptoms, causes, diagnosis and evidence-based treatment options with a Consultant Psychiatrist in Vijayawada.","Depression after childbirth is common, treatable and never a sign of being a bad parent. Help supports both parent and baby. Learn symptoms, causes, diagnosis and evidence-based treatment options with a Consultant Psychiatrist in Vijayawada.","Postpartum Depression : understand what is happening, without losing hope.","Postpartum Depression : understand what is happening, without losing hope.",Medical informational with consultation intent,postpartum depression care in vijayawada,Indexable — included in sitemap,https://www.krishnaneuropsychiatric.com/conditions/postpartum-depression,MedicalClinic; PostalAddress; GeoCoordinates; OpeningHoursSpecification; ContactPoint; Physician; WebSite; MedicalWebPage; MedicalCondition; BreadcrumbList; ListItem; FAQPage; Question; Answer,10 H2 / 6 H3 — What you or your family may notice | Common causes and contributors | Risk factors | How diagnosis works,"index, follow",Complete,1 images; 0 missing alt; responsive Next images detected: false,24 internal links; appointment linked,3 external links,No exact duplicate detected in initial pass,unsupported superlative or cure claim,198 KB HTML; 1 images; lazy/responsive image review applied,viewport configured; semantic H1; image alt complete,appointment:true; call:true; WhatsApp:true; directions:true; local signals:true,canonical clinic/doctor naming consistent; claim review needed,MEDIUM,200,,1058,unsupported superlative or cure claim
/conditions/psychosis,Medical informational with consultation intent page for psychosis,Psychosis Care in Vijayawada,Psychosis Care in Vijayawada,"A person experiencing psychosis may hear voices, hold unusual beliefs or become confused. Early assessment is important and should remain calm and respectful. Learn symptoms, causes, diagnosis and evidence-based treatment options with a Consultant Psychiatrist in Vijayawada.","A person experiencing psychosis may hear voices, hold unusual beliefs or become confused. Early assessment is important and should remain calm and respectful. Learn symptoms, causes, diagnosis and evidence-based treatment options with a Consultant Psychiatrist in Vijayawada.","Psychosis : understand what is happening, without losing hope.","Psychosis : understand what is happening, without losing hope.",Medical informational with consultation intent,psychosis care in vijayawada,Indexable — included in sitemap,https://www.krishnaneuropsychiatric.com/conditions/psychosis,MedicalClinic; PostalAddress; GeoCoordinates; OpeningHoursSpecification; ContactPoint; Physician; WebSite; MedicalWebPage; MedicalCondition; BreadcrumbList; ListItem; FAQPage; Question; Answer,10 H2 / 6 H3 — What you or your family may notice | Common causes and contributors | Risk factors | How diagnosis works,"index, follow",Complete,1 images; 0 missing alt; responsive Next images detected: false,26 internal links; appointment linked,3 external links,No exact duplicate detected in initial pass,unsupported superlative or cure claim,198 KB HTML; 1 images; lazy/responsive image review applied,viewport configured; semantic H1; image alt complete,appointment:true; call:true; WhatsApp:true; directions:true; local signals:true,canonical clinic/doctor naming consistent; claim review needed,MEDIUM,200,,1053,unsupported superlative or cure claim
/conditions/relationship-counselling,Medical informational with consultation intent page for relationship counselling,Relationship Counselling Care in Vijayawada,Relationship Counselling Care in Vijayawada,"Counselling can help partners understand repeating patterns, communicate safely and make thoughtful decisions. Learn symptoms, causes, diagnosis and evidence-based treatment options with a Consultant Psychiatrist in Vijayawada.","Counselling can help partners understand repeating patterns, communicate safely and make thoughtful decisions. Learn symptoms, causes, diagnosis and evidence-based treatment options with a Consultant Psychiatrist in Vijayawada.","Relationship Counselling : understand what is happening, without losing hope.","Relationship Counselling : understand what is happening, without losing hope.",Medical informational with consultation intent,relationship counselling care in vijayawada,Indexable — included in sitemap,https://www.krishnaneuropsychiatric.com/conditions/relationship-counselling,MedicalClinic; PostalAddress; GeoCoordinates; OpeningHoursSpecification; ContactPoint; Physician; WebSite; MedicalWebPage; MedicalCondition; BreadcrumbList; ListItem; FAQPage; Question; Answer,10 H2 / 6 H3 — What you or your family may notice | Common causes and contributors | Risk factors | How diagnosis works,"index, follow",Complete,1 images; 0 missing alt; responsive Next images detected: false,29 internal links; appointment linked,3 external links,No exact duplicate detected in initial pass,unsupported superlative or cure claim,199 KB HTML; 1 images; lazy/responsive image review applied,viewport configured; semantic H1; image alt complete,appointment:true; call:true; WhatsApp:true; directions:true; local signals:true,canonical clinic/doctor naming consistent; claim review needed,MEDIUM,200,,1034,unsupported superlative or cure claim
/conditions/schizophrenia,Medical informational with consultation intent page for schizophrenia,Schizophrenia Care in Vijayawada,Schizophrenia Care in Vijayawada,"Schizophrenia can affect perception, beliefs, thinking and motivation. Early, respectful treatment supports safety, functioning and recovery. Learn symptoms, causes, diagnosis and evidence-based treatment options with a Consultant Psychiatrist in Vijayawada.","Schizophrenia can affect perception, beliefs, thinking and motivation. Early, respectful treatment supports safety, functioning and recovery. Learn symptoms, causes, diagnosis and evidence-based treatment options with a Consultant Psychiatrist in Vijayawada.","Schizophrenia : understand what is happening, without losing hope.","Schizophrenia : understand what is happening, without losing hope.",Medical informational with consultation intent,schizophrenia care in vijayawada,Indexable — included in sitemap,https://www.krishnaneuropsychiatric.com/conditions/schizophrenia,MedicalClinic; PostalAddress; GeoCoordinates; OpeningHoursSpecification; ContactPoint; Physician; WebSite; MedicalWebPage; MedicalCondition; BreadcrumbList; ListItem; FAQPage; Question; Answer,10 H2 / 6 H3 — What you or your family may notice | Common causes and contributors | Risk factors | How diagnosis works,"index, follow",Complete,1 images; 0 missing alt; responsive Next images detected: false,25 internal links; appointment linked,3 external links,No exact duplicate detected in initial pass,unsupported superlative or cure claim,198 KB HTML; 1 images; lazy/responsive image review applied,viewport configured; semantic H1; image alt complete,appointment:true; call:true; WhatsApp:true; directions:true; local signals:true,canonical clinic/doctor naming consistent; claim review needed,MEDIUM,200,,1065,unsupported superlative or cure claim
/conditions/sexual-disorders,Medical informational with consultation intent page for sexual disorders,Sexual Disorders Care in Vijayawada,Sexual Disorders Care in Vijayawada,"Sexual concerns are common and deserve private, respectful, medically informed care without judgement. Learn symptoms, causes, diagnosis and evidence-based treatment options with a Consultant Psychiatrist in Vijayawada.","Sexual concerns are common and deserve private, respectful, medically informed care without judgement. Learn symptoms, causes, diagnosis and evidence-based treatment options with a Consultant Psychiatrist in Vijayawada.","Sexual Disorders : understand what is happening, without losing hope.","Sexual Disorders : understand what is happening, without losing hope.",Medical informational with consultation intent,sexual disorders care in vijayawada,Indexable — included in sitemap,https://www.krishnaneuropsychiatric.com/conditions/sexual-disorders,MedicalClinic; PostalAddress; GeoCoordinates; OpeningHoursSpecification; ContactPoint; Physician; WebSite; MedicalWebPage; MedicalCondition; BreadcrumbList; ListItem; FAQPage; Question; Answer,10 H2 / 6 H3 — What you or your family may notice | Common causes and contributors | Risk factors | How diagnosis works,"index, follow",Complete,1 images; 0 missing alt; responsive Next images detected: false,26 internal links; appointment linked,3 external links,No exact duplicate detected in initial pass,unsupported superlative or cure claim,198 KB HTML; 1 images; lazy/responsive image review applied,viewport configured; semantic H1; image alt complete,appointment:true; call:true; WhatsApp:true; directions:true; local signals:true,canonical clinic/doctor naming consistent; claim review needed,MEDIUM,200,,1022,unsupported superlative or cure claim
/conditions/sleep-disorders,Medical informational with consultation intent page for sleep disorders,Sleep Disorders Care in Vijayawada,Sleep Disorders Care in Vijayawada,"Persistent difficulty sleeping, excessive sleepiness or disrupted rhythms deserve assessment—not just sleeping tablets. Learn symptoms, causes, diagnosis and evidence-based treatment options with a Consultant Psychiatrist in Vijayawada.","Persistent difficulty sleeping, excessive sleepiness or disrupted rhythms deserve assessment—not just sleeping tablets. Learn symptoms, causes, diagnosis and evidence-based treatment options with a Consultant Psychiatrist in Vijayawada.","Sleep Disorders : understand what is happening, without losing hope.","Sleep Disorders : understand what is happening, without losing hope.",Medical informational with consultation intent,sleep disorders care in vijayawada,Indexable — included in sitemap,https://www.krishnaneuropsychiatric.com/conditions/sleep-disorders,MedicalClinic; PostalAddress; GeoCoordinates; OpeningHoursSpecification; ContactPoint; Physician; WebSite; MedicalWebPage; MedicalCondition; BreadcrumbList; ListItem; FAQPage; Question; Answer,10 H2 / 6 H3 — What you or your family may notice | Common causes and contributors | Risk factors | How diagnosis works,"index, follow",Complete,1 images; 0 missing alt; responsive Next images detected: false,25 internal links; appointment linked,3 external links,No exact duplicate detected in initial pass,unsupported superlative or cure claim,194 KB HTML; 1 images; lazy/responsive image review applied,viewport configured; semantic H1; image alt complete,appointment:true; call:true; WhatsApp:true; directions:true; local signals:true,canonical clinic/doctor naming consistent; claim review needed,MEDIUM,200,,1010,unsupported superlative or cure claim
/conditions/smoking-addiction,Medical informational with consultation intent page for smoking addiction,Smoking Addiction Care in Vijayawada,Smoking Addiction Care in Vijayawada,"Nicotine dependence is powerful, but a planned quit attempt with treatment can be more effective than willpower alone. Learn symptoms, causes, diagnosis and evidence-based treatment options with a Consultant Psychiatrist in Vijayawada.","Nicotine dependence is powerful, but a planned quit attempt with treatment can be more effective than willpower alone. Learn symptoms, causes, diagnosis and evidence-based treatment options with a Consultant Psychiatrist in Vijayawada.","Smoking Addiction : understand what is happening, without losing hope.","Smoking Addiction : understand what is happening, without losing hope.",Medical informational with consultation intent,smoking addiction care in vijayawada,Indexable — included in sitemap,https://www.krishnaneuropsychiatric.com/conditions/smoking-addiction,MedicalClinic; PostalAddress; GeoCoordinates; OpeningHoursSpecification; ContactPoint; Physician; WebSite; MedicalWebPage; MedicalCondition; BreadcrumbList; ListItem; FAQPage; Question; Answer,10 H2 / 6 H3 — What you or your family may notice | Common causes and contributors | Risk factors | How diagnosis works,"index, follow",Complete,1 images; 0 missing alt; responsive Next images detected: false,27 internal links; appointment linked,3 external links,No exact duplicate detected in initial pass,unsupported superlative or cure claim,197 KB HTML; 1 images; lazy/responsive image review applied,viewport configured; semantic H1; image alt complete,appointment:true; call:true; WhatsApp:true; directions:true; local signals:true,canonical clinic/doctor naming consistent; claim review needed,MEDIUM,200,,1022,unsupported superlative or cure claim
/conditions/stress,Medical informational with consultation intent page for stress,Stress Care in Vijayawada,Stress Care in Vijayawada,"Stress is understandable, but prolonged overload can affect body, mood and relationships. Practical support can make demands feel manageable again. Learn symptoms, causes, diagnosis and evidence-based treatment options with a Consultant Psychiatrist in Vijayawada.","Stress is understandable, but prolonged overload can affect body, mood and relationships. Practical support can make demands feel manageable again. Learn symptoms, causes, diagnosis and evidence-based treatment options with a Consultant Psychiatrist in Vijayawada.","Stress : understand what is happening, without losing hope.","Stress : understand what is happening, without losing hope.",Medical informational with consultation intent,stress care in vijayawada,Indexable — included in sitemap,https://www.krishnaneuropsychiatric.com/conditions/stress,MedicalClinic; PostalAddress; GeoCoordinates; OpeningHoursSpecification; ContactPoint; Physician; WebSite; MedicalWebPage; MedicalCondition; BreadcrumbList; ListItem; FAQPage; Question; Answer,10 H2 / 6 H3 — What you or your family may notice | Common causes and contributors | Risk factors | How diagnosis works,"index, follow",Complete,1 images; 0 missing alt; responsive Next images detected: false,26 internal links; appointment linked,3 external links,No exact duplicate detected in initial pass,unsupported superlative or cure claim,197 KB HTML; 1 images; lazy/responsive image review applied,viewport configured; semantic H1; image alt complete,appointment:true; call:true; WhatsApp:true; directions:true; local signals:true,canonical clinic/doctor naming consistent; claim review needed,MEDIUM,200,,1027,unsupported superlative or cure claim
/conditions/suicidal-thoughts,Medical informational with consultation intent page for suicidal thoughts,Suicidal Thoughts Care in Vijayawada,Suicidal Thoughts Care in Vijayawada,"Thoughts of suicide are a signal for urgent support, not shame. You do not have to manage this moment alone. Learn symptoms, causes, diagnosis and evidence-based treatment options with a Consultant Psychiatrist in Vijayawada.","Thoughts of suicide are a signal for urgent support, not shame. You do not have to manage this moment alone. Learn symptoms, causes, diagnosis and evidence-based treatment options with a Consultant Psychiatrist in Vijayawada.","Suicidal Thoughts : understand what is happening, without losing hope.","Suicidal Thoughts : understand what is happening, without losing hope.",Medical informational with consultation intent,suicidal thoughts care in vijayawada,Indexable — included in sitemap,https://www.krishnaneuropsychiatric.com/conditions/suicidal-thoughts,MedicalClinic; PostalAddress; GeoCoordinates; OpeningHoursSpecification; ContactPoint; Physician; WebSite; MedicalWebPage; MedicalCondition; BreadcrumbList; ListItem; FAQPage; Question; Answer,10 H2 / 6 H3 — What you or your family may notice | Common causes and contributors | Risk factors | How diagnosis works,"index, follow",Complete,1 images; 0 missing alt; responsive Next images detected: false,24 internal links; appointment linked,3 external links,No exact duplicate detected in initial pass,unsupported superlative or cure claim,197 KB HTML; 1 images; lazy/responsive image review applied,viewport configured; semantic H1; image alt complete,appointment:true; call:true; WhatsApp:true; directions:true; local signals:true,canonical clinic/doctor naming consistent; claim review needed,MEDIUM,200,,1070,unsupported superlative or cure claim
/conditions/womens-mental-health,Medical informational with consultation intent page for womens mental health,Women's Mental Health Care in Vijayawada,Women's Mental Health Care in Vijayawada,"Mental health can be shaped by reproductive life stages, caregiving, relationships, safety and physical health. Learn symptoms, causes, diagnosis and evidence-based treatment options with a Consultant Psychiatrist in Vijayawada.","Mental health can be shaped by reproductive life stages, caregiving, relationships, safety and physical health. Learn symptoms, causes, diagnosis and evidence-based treatment options with a Consultant Psychiatrist in Vijayawada.","Women's Mental Health : understand what is happening, without losing hope.","Women's Mental Health : understand what is happening, without losing hope.",Medical informational with consultation intent,women's mental health care in vijayawada,Indexable — included in sitemap,https://www.krishnaneuropsychiatric.com/conditions/womens-mental-health,MedicalClinic; PostalAddress; GeoCoordinates; OpeningHoursSpecification; ContactPoint; Physician; WebSite; MedicalWebPage; MedicalCondition; BreadcrumbList; ListItem; FAQPage; Question; Answer,10 H2 / 6 H3 — What you or your family may notice | Common causes and contributors | Risk factors | How diagnosis works,"index, follow",Complete,1 images; 0 missing alt; responsive Next images detected: false,25 internal links; appointment linked,3 external links,No exact duplicate detected in initial pass,unsupported superlative or cure claim,195 KB HTML; 1 images; lazy/responsive image review applied,viewport configured; semantic H1; image alt complete,appointment:true; call:true; WhatsApp:true; directions:true; local signals:true,canonical clinic/doctor naming consistent; claim review needed,MEDIUM,200,,1004,unsupported superlative or cure claim
/contact,Local navigational / transactional page for contact,Contact Krishna Neuro Psychiatric Centre | Vijayawada,Contact Krishna Neuro Psychiatric Centre | Vijayawada,"Contact Krishna Neuro Psychiatric Centre in Suryaraopet, Vijayawada for voice calls, WhatsApp appointment requests and directions.","Contact Krishna Neuro Psychiatric Centre in Suryaraopet, Vijayawada for voice calls, WhatsApp appointment requests and directions.",Contact Krishna Neuro Psychiatric Centre,Contact Krishna Neuro Psychiatric Centre,Local navigational / transactional,Krishna Neuro Psychiatric Centre contact Vijayawada,Indexable — included in sitemap,https://www.krishnaneuropsychiatric.com/contact,MedicalClinic; PostalAddress; GeoCoordinates; OpeningHoursSpecification; ContactPoint; Physician; WebSite; BreadcrumbList; ListItem,1 H2 / 1 H3 — Send a simple WhatsApp enquiry,"index, follow",Complete,1 images; 0 missing alt; responsive Next images detected: false,22 internal links; appointment linked,3 external links,No exact duplicate detected in initial pass,unsupported superlative or cure claim,148 KB HTML; 1 images; lazy/responsive image review applied,viewport configured; semantic H1; image alt complete,appointment:true; call:true; WhatsApp:true; directions:true; local signals:true,canonical clinic/doctor naming consistent; claim review needed,MEDIUM,200,,573,unsupported superlative or cure claim
/doctor/pamarthi-krishna-das,Branded navigational / local clinical page for pamarthi krishna das,Dr. Pamarthi Krishna Das | Psychiatrist in Vijayawada,Dr. Pamarthi Krishna Das | Psychiatrist in Vijayawada,"Professional profile, verified qualifications, clinical approach and consultation information for Dr. Pamarthi Krishna Das at Krishna Neuro Psychiatric Centre, Vijayawada.","Professional profile, verified qualifications, clinical approach and consultation information for Dr. Pamarthi Krishna Das at Krishna Neuro Psychiatric Centre, Vijayawada.",Dr. Pamarthi Krishna Das,Dr. Pamarthi Krishna Das,Branded navigational / local clinical,Dr Pamarthi Krishna Das psychiatrist,Indexable — included in sitemap,https://www.krishnaneuropsychiatric.com/doctor/pamarthi-krishna-das,MedicalClinic; PostalAddress; GeoCoordinates; OpeningHoursSpecification; ContactPoint; Physician; WebSite; BreadcrumbList; ListItem,4 H2 / 4 H3 — The first responsibility is to understand what is actually happening. | Medical ethics should be visible in every decision. | Care across life stages and levels of need. | Meet a psychiatrist who makes room for the whole story.,"index, follow",Complete,3 images; 0 missing alt; responsive Next images detected: false,22 internal links; appointment linked,3 external links,No exact duplicate detected in initial pass,unsupported superlative or cure claim,169 KB HTML; 3 images; lazy/responsive image review applied,viewport configured; semantic H1; image alt complete,appointment:true; call:true; WhatsApp:true; directions:true; local signals:true,canonical clinic/doctor naming consistent; claim review needed,MEDIUM,200,,807,unsupported superlative or cure claim
/emergency,Urgent safety information page for emergency,Mental Health Emergency Help in India,Mental Health Emergency Help in India,"Immediate mental-health crisis guidance: call 112 for danger, Tele-MANAS 14416 for free 24/7 support, and do not rely on routine appointment forms.","Immediate mental-health crisis guidance: call 112 for danger, Tele-MANAS 14416 for free 24/7 support, and do not rely on routine appointment forms.","If someone may not be safe, act now.","If someone may not be safe, act now.",Urgent safety information,mental health emergency help in india,Indexable — included in sitemap,https://www.krishnaneuropsychiatric.com/emergency,MedicalClinic; PostalAddress; GeoCoordinates; OpeningHoursSpecification; ContactPoint; Physician; WebSite; BreadcrumbList; ListItem,5 H2 / 0 H3 — Call 112 or go to an emergency department now if: | While help is being arranged | Tele-MANAS · 14416 | 1800-89-14416,"index, follow",Complete,1 images; 0 missing alt; responsive Next images detected: false,22 internal links; appointment linked,3 external links,No exact duplicate detected in initial pass,unsupported superlative or cure claim,145 KB HTML; 1 images; lazy/responsive image review applied,viewport configured; semantic H1; image alt complete,appointment:true; call:true; WhatsApp:true; directions:true; local signals:true,canonical clinic/doctor naming consistent; claim review needed,MEDIUM,200,,615,unsupported superlative or cure claim
/faq,Informational / appointment support page for faq,Psychiatric Consultation FAQ | Krishna Neuro Psychiatric Centre,Psychiatric Consultation FAQ | Krishna Neuro Psychiatric Centre,"Answers about booking, first psychiatric consultations, privacy, medication, clinic timings and emergency guidance in Vijayawada.","Answers about booking, first psychiatric consultations, privacy, medication, clinic timings and emergency guidance in Vijayawada.",Psychiatric Consultation Frequently Asked Questions,Psychiatric Consultation Frequently Asked Questions,Informational / appointment support,psychiatric consultation faq | krishna neuro psychiatric centre,Indexable — included in sitemap,https://www.krishnaneuropsychiatric.com/faq,MedicalClinic; PostalAddress; GeoCoordinates; OpeningHoursSpecification; ContactPoint; Physician; WebSite; FAQPage; Question; Answer; BreadcrumbList; ListItem,7 H2 / 0 H3 — First visit | Family | Treatment | Privacy,"index, follow",Complete,1 images; 0 missing alt; responsive Next images detected: false,22 internal links; appointment linked,3 external links,No exact duplicate detected in initial pass,unsupported superlative or cure claim,179 KB HTML; 1 images; lazy/responsive image review applied,viewport configured; semantic H1; image alt complete,appointment:true; call:true; WhatsApp:true; directions:true; local signals:true,canonical clinic/doctor naming consistent; claim review needed,MEDIUM,200,,1090,unsupported superlative or cure claim
/faqs,Legacy URL preserving existing SEO equity,Permanent redirect to /faq,Keep permanent redirect to /faq,N/A — redirect,N/A — redirect,N/A — redirect,N/A — redirect,Legacy navigation,faqs,Redirect — not indexable,/faq,Inherited from destination,N/A,Permanent 308,Inherited from destination,N/A,Internal links updated to destination,N/A,Consolidated by redirect,None — equity preserved,Redirect only; negligible,Destination audited,Destination audited,Destination audited,NO CHANGE,308,/faq,,
/gallery,Branded visual / trust page for gallery,"Clinic Gallery — Awareness, Education & Community Care","Clinic Gallery — Awareness, Education & Community Care","Browse an accessible slideshow of Krishna Neuro Psychiatric Centre's public awareness sessions, press education and community initiatives in Vijayawada.","Browse an accessible slideshow of Krishna Neuro Psychiatric Centre's public awareness sessions, press education and community initiatives in Vijayawada.","Gallery: awareness, education and community care.","Gallery: awareness, education and community care.",Branded visual / trust,"clinic gallery — awareness, education & community care",Indexable — included in sitemap,https://www.krishnaneuropsychiatric.com/gallery,MedicalClinic; PostalAddress; GeoCoordinates; OpeningHoursSpecification; ContactPoint; Physician; WebSite; BreadcrumbList; ListItem,1 H2 / 1 H3 — Original Facebook sources,"index, follow",Complete,32 images; 0 missing alt; responsive Next images detected: false,22 internal links; appointment linked,33 external links,No exact duplicate detected in initial pass,unsupported superlative or cure claim,228 KB HTML; 32 images; lazy/responsive image review applied,viewport configured; semantic H1; image alt complete,appointment:true; call:true; WhatsApp:true; directions:true; local signals:true,canonical clinic/doctor naming consistent; claim review needed,MEDIUM,200,,676,unsupported superlative or cure claim
/locations,Local access / directions page for locations,Psychiatrist Near Vijayawada Neighbourhoods,Psychiatrist Near Vijayawada Neighbourhoods,"Find appointment and travel guidance for Krishna Neuro Psychiatric Centre from Benz Circle, Patamata, Poranki, Kanuru, Mangalagiri and nearby areas.","Find appointment and travel guidance for Krishna Neuro Psychiatric Centre from Benz Circle, Patamata, Poranki, Kanuru, Mangalagiri and nearby areas.",Psychiatric care for Vijayawada and nearby communities.,Psychiatric care for Vijayawada and nearby communities.,Local access / directions,psychiatrist near vijayawada neighbourhoods,Noindex,https://www.krishnaneuropsychiatric.com/locations,MedicalClinic; PostalAddress; GeoCoordinates; OpeningHoursSpecification; ContactPoint; Physician; WebSite; BreadcrumbList; ListItem,"13 H2 / 0 H3 — Psychiatrist near Benz Circle, Vijayawada | Psychiatrist near Patamata, Vijayawada | Psychiatrist near Poranki | Psychiatrist near Kanuru","noindex, nofollow",Complete,1 images; 0 missing alt; responsive Next images detected: false,34 internal links; appointment linked,3 external links,No exact duplicate detected in initial pass,unsupported superlative or cure claim,163 KB HTML; 1 images; lazy/responsive image review applied,viewport configured; semantic H1; image alt complete,appointment:true; call:true; WhatsApp:true; directions:true; local signals:true,canonical clinic/doctor naming consistent; claim review needed,LOW,200,,818,unsupported superlative or cure claim
/locations/psychiatrist-in-suryaraopet,Local access / directions page for psychiatrist in suryaraopet,"Psychiatrist in Suryaraopet, Vijayawada","Psychiatrist in Suryaraopet, Vijayawada","Visit Dr. Pamarthi Krishna Das at Krishna Neuro Psychiatric Centre in Suryaraopet, near Nakkala Road and Vijaya Talkies.","Visit Dr. Pamarthi Krishna Das at Krishna Neuro Psychiatric Centre in Suryaraopet, near Nakkala Road and Vijaya Talkies.","Psychiatrist in Suryaraopet, Vijayawada","Psychiatrist in Suryaraopet, Vijayawada",Local access / directions,"psychiatrist in suryaraopet, vijayawada",Noindex,https://www.krishnaneuropsychiatric.com/locations/psychiatrist-in-suryaraopet,MedicalClinic; PostalAddress; GeoCoordinates; OpeningHoursSpecification; ContactPoint; Physician; WebSite; Service; Place; FAQPage; Question; Answer; BreadcrumbList; ListItem,"5 H2 / 1 H3 — Plan before you travel | Care for symptoms, function and family understanding. | Choosing the right psychiatrist | Before travelling from Suryaraopet","noindex, nofollow",Complete,1 images; 0 missing alt; responsive Next images detected: false,24 internal links; appointment linked,3 external links,No exact duplicate detected in initial pass,unsupported superlative or cure claim,168 KB HTML; 1 images; lazy/responsive image review applied,viewport configured; semantic H1; image alt complete,appointment:true; call:true; WhatsApp:true; directions:true; local signals:true,canonical clinic/doctor naming consistent; claim review needed,LOW,200,,790,unsupported superlative or cure claim
/locations/psychiatrist-near-auto-nagar,Local access / directions page for psychiatrist near auto nagar,"Psychiatrist near Auto Nagar, Vijayawada","Psychiatrist near Auto Nagar, Vijayawada","Psychiatric consultation for anxiety, depression, sleep, stress and addiction near Auto Nagar, Vijayawada.","Psychiatric consultation for anxiety, depression, sleep, stress and addiction near Auto Nagar, Vijayawada.","Psychiatrist near Auto Nagar, Vijayawada","Psychiatrist near Auto Nagar, Vijayawada",Local access / directions,"psychiatrist near auto nagar, vijayawada",Noindex,https://www.krishnaneuropsychiatric.com/locations/psychiatrist-near-auto-nagar,MedicalClinic; PostalAddress; GeoCoordinates; OpeningHoursSpecification; ContactPoint; Physician; WebSite; Service; Place; FAQPage; Question; Answer; BreadcrumbList; ListItem,"5 H2 / 1 H3 — Plan before you travel | Care for symptoms, function and family understanding. | Choosing the right psychiatrist | Before travelling from Auto Nagar","noindex, nofollow",Complete,1 images; 0 missing alt; responsive Next images detected: false,24 internal links; appointment linked,3 external links,No exact duplicate detected in initial pass,unsupported superlative or cure claim,168 KB HTML; 1 images; lazy/responsive image review applied,viewport configured; semantic H1; image alt complete,appointment:true; call:true; WhatsApp:true; directions:true; local signals:true,canonical clinic/doctor naming consistent; claim review needed,LOW,200,,805,unsupported superlative or cure claim
/locations/psychiatrist-near-benz-circle,Local access / directions page for psychiatrist near benz circle,"Psychiatrist near Benz Circle, Vijayawada","Psychiatrist near Benz Circle, Vijayawada","Consult Dr. Pamarthi Krishna Das for compassionate psychiatric care near Benz Circle at Krishna Neuro Psychiatric Centre, Suryaraopet, Vijayawada.","Consult Dr. Pamarthi Krishna Das for compassionate psychiatric care near Benz Circle at Krishna Neuro Psychiatric Centre, Suryaraopet, Vijayawada.","Psychiatrist near Benz Circle, Vijayawada","Psychiatrist near Benz Circle, Vijayawada",Local access / directions,"psychiatrist near benz circle, vijayawada",Noindex,https://www.krishnaneuropsychiatric.com/locations/psychiatrist-near-benz-circle,MedicalClinic; PostalAddress; GeoCoordinates; OpeningHoursSpecification; ContactPoint; Physician; WebSite; Service; Place; FAQPage; Question; Answer; BreadcrumbList; ListItem,"5 H2 / 1 H3 — Plan before you travel | Care for symptoms, function and family understanding. | Choosing the right psychiatrist | Before travelling from Benz Circle","noindex, nofollow",Complete,1 images; 0 missing alt; responsive Next images detected: false,24 internal links; appointment linked,3 external links,No exact duplicate detected in initial pass,unsupported superlative or cure claim,168 KB HTML; 1 images; lazy/responsive image review applied,viewport configured; semantic H1; image alt complete,appointment:true; call:true; WhatsApp:true; directions:true; local signals:true,canonical clinic/doctor naming consistent; claim review needed,LOW,200,,805,unsupported superlative or cure claim
/locations/psychiatrist-near-gannavaram,Local access / directions page for psychiatrist near gannavaram,Psychiatrist near Gannavaram,Psychiatrist near Gannavaram,Plan a psychiatric consultation in Vijayawada from Gannavaram with direct appointment support by phone and WhatsApp.,Plan a psychiatric consultation in Vijayawada from Gannavaram with direct appointment support by phone and WhatsApp.,Psychiatrist near Gannavaram,Psychiatrist near Gannavaram,Local access / directions,psychiatrist near gannavaram,Noindex,https://www.krishnaneuropsychiatric.com/locations/psychiatrist-near-gannavaram,MedicalClinic; PostalAddress; GeoCoordinates; OpeningHoursSpecification; ContactPoint; Physician; WebSite; Service; Place; FAQPage; Question; Answer; BreadcrumbList; ListItem,"5 H2 / 1 H3 — Plan before you travel | Care for symptoms, function and family understanding. | Choosing the right psychiatrist | Before travelling from Gannavaram","noindex, nofollow",Complete,1 images; 0 missing alt; responsive Next images detected: false,24 internal links; appointment linked,3 external links,No exact duplicate detected in initial pass,unsupported superlative or cure claim,167 KB HTML; 1 images; lazy/responsive image review applied,viewport configured; semantic H1; image alt complete,appointment:true; call:true; WhatsApp:true; directions:true; local signals:true,canonical clinic/doctor naming consistent; claim review needed,LOW,200,,789,unsupported superlative or cure claim
/locations/psychiatrist-near-gollapudi,Local access / directions page for psychiatrist near gollapudi,Psychiatrist near Gollapudi,Psychiatrist near Gollapudi,Confidential psychiatric assessment and follow-up for people travelling from Gollapudi to Krishna Neuro Psychiatric Centre.,Confidential psychiatric assessment and follow-up for people travelling from Gollapudi to Krishna Neuro Psychiatric Centre.,Psychiatrist near Gollapudi,Psychiatrist near Gollapudi,Local access / directions,psychiatrist near gollapudi,Noindex,https://www.krishnaneuropsychiatric.com/locations/psychiatrist-near-gollapudi,MedicalClinic; PostalAddress; GeoCoordinates; OpeningHoursSpecification; ContactPoint; Physician; WebSite; Service; Place; FAQPage; Question; Answer; BreadcrumbList; ListItem,"5 H2 / 1 H3 — Plan before you travel | Care for symptoms, function and family understanding. | Choosing the right psychiatrist | Before travelling from Gollapudi","noindex, nofollow",Complete,1 images; 0 missing alt; responsive Next images detected: false,24 internal links; appointment linked,3 external links,No exact duplicate detected in initial pass,unsupported superlative or cure claim,167 KB HTML; 1 images; lazy/responsive image review applied,viewport configured; semantic H1; image alt complete,appointment:true; call:true; WhatsApp:true; directions:true; local signals:true,canonical clinic/doctor naming consistent; claim review needed,LOW,200,,791,unsupported superlative or cure claim
/locations/psychiatrist-near-gunadala,Local access / directions page for psychiatrist near gunadala,Psychiatrist near Gunadala,Psychiatrist near Gunadala,"Compassionate psychiatric care for individuals and families travelling from Gunadala to Suryaraopet, Vijayawada.","Compassionate psychiatric care for individuals and families travelling from Gunadala to Suryaraopet, Vijayawada.",Psychiatrist near Gunadala,Psychiatrist near Gunadala,Local access / directions,psychiatrist near gunadala,Noindex,https://www.krishnaneuropsychiatric.com/locations/psychiatrist-near-gunadala,MedicalClinic; PostalAddress; GeoCoordinates; OpeningHoursSpecification; ContactPoint; Physician; WebSite; Service; Place; FAQPage; Question; Answer; BreadcrumbList; ListItem,"5 H2 / 1 H3 — Plan before you travel | Care for symptoms, function and family understanding. | Choosing the right psychiatrist | Before travelling from Gunadala","noindex, nofollow",Complete,1 images; 0 missing alt; responsive Next images detected: false,24 internal links; appointment linked,3 external links,No exact duplicate detected in initial pass,unsupported superlative or cure claim,167 KB HTML; 1 images; lazy/responsive image review applied,viewport configured; semantic H1; image alt complete,appointment:true; call:true; WhatsApp:true; directions:true; local signals:true,canonical clinic/doctor naming consistent; claim review needed,LOW,200,,787,unsupported superlative or cure claim
/locations/psychiatrist-near-ibrahimpatnam,Local access / directions page for psychiatrist near ibrahimpatnam,"Psychiatrist near Ibrahimpatnam, Andhra Pradesh","Psychiatrist near Ibrahimpatnam, Andhra Pradesh","Psychiatric consultation and family guidance in Vijayawada for people travelling from Ibrahimpatnam, Andhra Pradesh.","Psychiatric consultation and family guidance in Vijayawada for people travelling from Ibrahimpatnam, Andhra Pradesh.","Psychiatrist near Ibrahimpatnam, Andhra Pradesh","Psychiatrist near Ibrahimpatnam, Andhra Pradesh",Local access / directions,"psychiatrist near ibrahimpatnam, andhra pradesh",Noindex,https://www.krishnaneuropsychiatric.com/locations/psychiatrist-near-ibrahimpatnam,MedicalClinic; PostalAddress; GeoCoordinates; OpeningHoursSpecification; ContactPoint; Physician; WebSite; Service; Place; FAQPage; Question; Answer; BreadcrumbList; ListItem,"5 H2 / 1 H3 — Plan before you travel | Care for symptoms, function and family understanding. | Choosing the right psychiatrist | Before travelling from Ibrahimpatnam","noindex, nofollow",Complete,1 images; 0 missing alt; responsive Next images detected: false,24 internal links; appointment linked,3 external links,No exact duplicate detected in initial pass,unsupported superlative or cure claim,168 KB HTML; 1 images; lazy/responsive image review applied,viewport configured; semantic H1; image alt complete,appointment:true; call:true; WhatsApp:true; directions:true; local signals:true,canonical clinic/doctor naming consistent; claim review needed,LOW,200,,800,unsupported superlative or cure claim
/locations/psychiatrist-near-kanuru,Local access / directions page for psychiatrist near kanuru,Psychiatrist near Kanuru,Psychiatrist near Kanuru,"Warm, medically responsible psychiatric care with Dr. Pamarthi Krishna Das for patients travelling from Kanuru to central Vijayawada.","Warm, medically responsible psychiatric care with Dr. Pamarthi Krishna Das for patients travelling from Kanuru to central Vijayawada.",Psychiatrist near Kanuru,Psychiatrist near Kanuru,Local access / directions,psychiatrist near kanuru,Noindex,https://www.krishnaneuropsychiatric.com/locations/psychiatrist-near-kanuru,MedicalClinic; PostalAddress; GeoCoordinates; OpeningHoursSpecification; ContactPoint; Physician; WebSite; Service; Place; FAQPage; Question; Answer; BreadcrumbList; ListItem,"5 H2 / 1 H3 — Plan before you travel | Care for symptoms, function and family understanding. | Choosing the right psychiatrist | Before travelling from Kanuru","noindex, nofollow",Complete,1 images; 0 missing alt; responsive Next images detected: false,24 internal links; appointment linked,3 external links,No exact duplicate detected in initial pass,unsupported superlative or cure claim,167 KB HTML; 1 images; lazy/responsive image review applied,viewport configured; semantic H1; image alt complete,appointment:true; call:true; WhatsApp:true; directions:true; local signals:true,canonical clinic/doctor naming consistent; claim review needed,LOW,200,,786,unsupported superlative or cure claim
/locations/psychiatrist-near-mangalagiri,Local access / directions page for psychiatrist near mangalagiri,Psychiatrist near Mangalagiri,Psychiatrist near Mangalagiri,Request in-person or clinically suitable teleconsultation guidance with a Consultant Psychiatrist in Vijayawada from Mangalagiri.,Request in-person or clinically suitable teleconsultation guidance with a Consultant Psychiatrist in Vijayawada from Mangalagiri.,Psychiatrist near Mangalagiri,Psychiatrist near Mangalagiri,Local access / directions,psychiatrist near mangalagiri,Noindex,https://www.krishnaneuropsychiatric.com/locations/psychiatrist-near-mangalagiri,MedicalClinic; PostalAddress; GeoCoordinates; OpeningHoursSpecification; ContactPoint; Physician; WebSite; Service; Place; FAQPage; Question; Answer; BreadcrumbList; ListItem,"5 H2 / 1 H3 — Plan before you travel | Care for symptoms, function and family understanding. | Choosing the right psychiatrist | Before travelling from Mangalagiri","noindex, nofollow",Complete,1 images; 0 missing alt; responsive Next images detected: false,24 internal links; appointment linked,3 external links,No exact duplicate detected in initial pass,unsupported superlative or cure claim,168 KB HTML; 1 images; lazy/responsive image review applied,viewport configured; semantic H1; image alt complete,appointment:true; call:true; WhatsApp:true; directions:true; local signals:true,canonical clinic/doctor naming consistent; claim review needed,LOW,200,,787,unsupported superlative or cure claim
/locations/psychiatrist-near-patamata,Local access / directions page for psychiatrist near patamata,"Psychiatrist near Patamata, Vijayawada","Psychiatrist near Patamata, Vijayawada","Request an appointment with Dr. Pamarthi Krishna Das, Consultant Psychiatrist, for adults, children and families travelling from Patamata.","Request an appointment with Dr. Pamarthi Krishna Das, Consultant Psychiatrist, for adults, children and families travelling from Patamata.","Psychiatrist near Patamata, Vijayawada","Psychiatrist near Patamata, Vijayawada",Local access / directions,"psychiatrist near patamata, vijayawada",Noindex,https://www.krishnaneuropsychiatric.com/locations/psychiatrist-near-patamata,MedicalClinic; PostalAddress; GeoCoordinates; OpeningHoursSpecification; ContactPoint; Physician; WebSite; Service; Place; FAQPage; Question; Answer; BreadcrumbList; ListItem,"5 H2 / 1 H3 — Plan before you travel | Care for symptoms, function and family understanding. | Choosing the right psychiatrist | Before travelling from Patamata","noindex, nofollow",Complete,1 images; 0 missing alt; responsive Next images detected: false,24 internal links; appointment linked,3 external links,No exact duplicate detected in initial pass,unsupported superlative or cure claim,168 KB HTML; 1 images; lazy/responsive image review applied,viewport configured; semantic H1; image alt complete,appointment:true; call:true; WhatsApp:true; directions:true; local signals:true,canonical clinic/doctor naming consistent; claim review needed,LOW,200,,790,unsupported superlative or cure claim
/locations/psychiatrist-near-penamaluru,Local access / directions page for psychiatrist near penamaluru,Psychiatrist near Penamaluru,Psychiatrist near Penamaluru,"Book a confidential psychiatric consultation in Vijayawada for adults, children, couples and older adults from Penamaluru.","Book a confidential psychiatric consultation in Vijayawada for adults, children, couples and older adults from Penamaluru.",Psychiatrist near Penamaluru,Psychiatrist near Penamaluru,Local access / directions,psychiatrist near penamaluru,Noindex,https://www.krishnaneuropsychiatric.com/locations/psychiatrist-near-penamaluru,MedicalClinic; PostalAddress; GeoCoordinates; OpeningHoursSpecification; ContactPoint; Physician; WebSite; Service; Place; FAQPage; Question; Answer; BreadcrumbList; ListItem,"5 H2 / 1 H3 — Plan before you travel | Care for symptoms, function and family understanding. | Choosing the right psychiatrist | Before travelling from Penamaluru","noindex, nofollow",Complete,1 images; 0 missing alt; responsive Next images detected: false,24 internal links; appointment linked,3 external links,No exact duplicate detected in initial pass,unsupported superlative or cure claim,168 KB HTML; 1 images; lazy/responsive image review applied,viewport configured; semantic H1; image alt complete,appointment:true; call:true; WhatsApp:true; directions:true; local signals:true,canonical clinic/doctor naming consistent; claim review needed,LOW,200,,789,unsupported superlative or cure claim
/locations/psychiatrist-near-poranki,Local access / directions page for psychiatrist near poranki,Psychiatrist near Poranki,Psychiatrist near Poranki,"Evidence-based, confidential psychiatric consultation in Vijayawada for individuals and families travelling from Poranki.","Evidence-based, confidential psychiatric consultation in Vijayawada for individuals and families travelling from Poranki.",Psychiatrist near Poranki,Psychiatrist near Poranki,Local access / directions,psychiatrist near poranki,Noindex,https://www.krishnaneuropsychiatric.com/locations/psychiatrist-near-poranki,MedicalClinic; PostalAddress; GeoCoordinates; OpeningHoursSpecification; ContactPoint; Physician; WebSite; Service; Place; FAQPage; Question; Answer; BreadcrumbList; ListItem,"5 H2 / 1 H3 — Plan before you travel | Care for symptoms, function and family understanding. | Choosing the right psychiatrist | Before travelling from Poranki","noindex, nofollow",Complete,1 images; 0 missing alt; responsive Next images detected: false,24 internal links; appointment linked,3 external links,No exact duplicate detected in initial pass,unsupported superlative or cure claim,167 KB HTML; 1 images; lazy/responsive image review applied,viewport configured; semantic H1; image alt complete,appointment:true; call:true; WhatsApp:true; directions:true; local signals:true,canonical clinic/doctor naming consistent; claim review needed,LOW,200,,800,unsupported superlative or cure claim
/patient-journey,Branded informational page for patient journey,Your Psychiatry Appointment Journey,Your Psychiatry Appointment Journey,"Know what to expect from booking, first consultation, assessment, diagnosis, personalised treatment, follow-up and long-term wellbeing.","Know what to expect from booking, first consultation, assessment, diagnosis, personalised treatment, follow-up and long-term wellbeing.",A clear journey makes the first step feel lighter.,A clear journey makes the first step feel lighter.,Branded informational,your psychiatry appointment journey,Indexable — included in sitemap,https://www.krishnaneuropsychiatric.com/patient-journey,MedicalClinic; PostalAddress; GeoCoordinates; OpeningHoursSpecification; ContactPoint; Physician; WebSite; BreadcrumbList; ListItem,12 H2 / 11 H3 — What each stage is designed to do | Book appointment | Initial consultation | Assessment,"index, follow",Complete,1 images; 0 missing alt; responsive Next images detected: false,22 internal links; appointment linked,3 external links,No exact duplicate detected in initial pass,unsupported superlative or cure claim,184 KB HTML; 1 images; lazy/responsive image review applied,viewport configured; semantic H1; image alt complete,appointment:true; call:true; WhatsApp:true; directions:true; local signals:true,canonical clinic/doctor naming consistent; claim review needed,MEDIUM,200,,838,unsupported superlative or cure claim
/privacy-policy,Legal / trust page for privacy policy,Privacy Policy,Privacy Policy,"How Krishna Neuro Psychiatric Centre website handles appointment details, analytics choices, WhatsApp links and medical privacy.","How Krishna Neuro Psychiatric Centre website handles appointment details, analytics choices, WhatsApp links and medical privacy.",Privacy policy,Privacy policy,Legal / trust,privacy policy,Indexable — included in sitemap,https://www.krishnaneuropsychiatric.com/privacy-policy,MedicalClinic; PostalAddress; GeoCoordinates; OpeningHoursSpecification; ContactPoint; Physician; WebSite; BreadcrumbList; ListItem,10 H2 / 0 H3 — 1. Information you choose to provide | 2. How appointment requests are delivered | 3. Purpose and lawful handling | 4. Analytics and cookies,"index, follow",Complete,1 images; 0 missing alt; responsive Next images detected: false,22 internal links; appointment linked,3 external links,No exact duplicate detected in initial pass,unsupported superlative or cure claim,130 KB HTML; 1 images; lazy/responsive image review applied,viewport configured; semantic H1; image alt complete,appointment:true; call:true; WhatsApp:true; directions:true; local signals:true,canonical clinic/doctor naming consistent; claim review needed,MEDIUM,200,,853,unsupported superlative or cure claim
/psychiatrist-in-vijayawada,Local transactional page for psychiatrist in vijayawada,Psychiatrist in Vijayawada — Dr. Pamarthi Krishna Das,Psychiatrist in Vijayawada — Dr. Pamarthi Krishna Das,"Consult Dr. Pamarthi Krishna Das, MBBS, MD (Psychiatry), for compassionate psychiatric care at Krishna Neuro Psychiatric Centre, Suryaraopet, Vijayawada.","Consult Dr. Pamarthi Krishna Das, MBBS, MD (Psychiatry), for compassionate psychiatric care at Krishna Neuro Psychiatric Centre, Suryaraopet, Vijayawada.","Psychiatric care in Vijayawada, grounded in dignity and evidence.","Psychiatric care in Vijayawada, grounded in dignity and evidence.",Local transactional,psychiatrist in vijayawada — dr. pamarthi krishna das,Indexable — included in sitemap,https://www.krishnaneuropsychiatric.com/psychiatrist-in-vijayawada,MedicalClinic; PostalAddress; GeoCoordinates; OpeningHoursSpecification; ContactPoint; Physician; WebSite; Service; Place; FAQPage; Question; Answer; BreadcrumbList; ListItem,3 H2 / 5 H3 — Medical assessment with a whole-person view. | Planning a visit in Vijayawada | A clearer next step can begin with one conversation.,"index, follow",Complete,2 images; 0 missing alt; responsive Next images detected: false,23 internal links; appointment linked,3 external links,No exact duplicate detected in initial pass,No material content issue,166 KB HTML; 2 images; lazy/responsive image review applied,viewport configured; semantic H1; image alt complete,appointment:true; call:true; WhatsApp:true; directions:true; local signals:true,canonical clinic/doctor naming consistent; claim review needed,NO CHANGE,200,,738,None
/resources,Branded informational page for resources,Mental Health Resources for Patients & Families,Mental Health Resources for Patients & Families,"Practical mental-health resources for first appointments, sleep, family support, safety planning and crisis help in India.","Practical mental-health resources for first appointments, sleep, family support, safety planning and crisis help in India.",Good information should reduce fear—not create it.,Good information should reduce fear—not create it.,Branded informational,mental health resources for patients & families,Indexable — included in sitemap,https://www.krishnaneuropsychiatric.com/resources,MedicalClinic; PostalAddress; GeoCoordinates; OpeningHoursSpecification; ContactPoint; Physician; WebSite; BreadcrumbList; ListItem,8 H2 / 3 H3 — Start understanding symptoms | Prepare for an appointment | Support someone you love | Improve the sleep conversation,"index, follow",Complete,1 images; 0 missing alt; responsive Next images detected: false,25 internal links; appointment linked,4 external links,No exact duplicate detected in initial pass,unsupported superlative or cure claim,163 KB HTML; 1 images; lazy/responsive image review applied,viewport configured; semantic H1; image alt complete,appointment:true; call:true; WhatsApp:true; directions:true; local signals:true,canonical clinic/doctor naming consistent; claim review needed,MEDIUM,200,,689,unsupported superlative or cure claim
/services,Branded informational page for services,Psychiatric Services in Vijayawada | Krishna Neuro Psychiatric Centre,Psychiatric Services in Vijayawada | Krishna Neuro Psychiatric Centre,Explore psychiatric consultation and mental-health services available through Krishna Neuro Psychiatric Centre in Vijayawada.,Explore psychiatric consultation and mental-health services available through Krishna Neuro Psychiatric Centre in Vijayawada.,Psychiatric & Mental Health Services in Vijayawada,Psychiatric & Mental Health Services in Vijayawada,Branded informational,psychiatric services in vijayawada | krishna neuro psychiatric centre,Indexable — included in sitemap,https://www.krishnaneuropsychiatric.com/services,MedicalClinic; PostalAddress; GeoCoordinates; OpeningHoursSpecification; ContactPoint; Physician; WebSite; BreadcrumbList; ListItem,12 H2 / 0 H3 — Psychiatric Consultation | Medication Management | Counselling | Family Counselling,"index, follow",Complete,1 images; 0 missing alt; responsive Next images detected: false,34 internal links; appointment linked,3 external links,No exact duplicate detected in initial pass,unsupported superlative or cure claim,170 KB HTML; 1 images; lazy/responsive image review applied,viewport configured; semantic H1; image alt complete,appointment:true; call:true; WhatsApp:true; directions:true; local signals:true,canonical clinic/doctor naming consistent; claim review needed,MEDIUM,200,,645,unsupported superlative or cure claim
/services/child-psychiatry,Service / consultation intent page for child psychiatry,Child & Adolescent Psychiatry in Vijayawada,Child & Adolescent Psychiatry in Vijayawada,"Developmentally informed care for children, teenagers and caregivers. Learn what child & adolescent psychiatry includes at Krishna Neuro Psychiatric Centre in Vijayawada.","Developmentally informed care for children, teenagers and caregivers. Learn what child & adolescent psychiatry includes at Krishna Neuro Psychiatric Centre in Vijayawada.",Child & Adolescent Psychiatry,Child & Adolescent Psychiatry,Service / consultation intent,child & adolescent psychiatry in vijayawada,Indexable — included in sitemap,https://www.krishnaneuropsychiatric.com/services/child-psychiatry,MedicalClinic; PostalAddress; GeoCoordinates; OpeningHoursSpecification; ContactPoint; Physician; WebSite; Service; Place; BreadcrumbList; ListItem,5 H2 / 4 H3 — What this service can include | May be suitable for | Care begins with the right level of assessment. | Explore related services,"index, follow",Complete,1 images; 0 missing alt; responsive Next images detected: false,25 internal links; appointment linked,3 external links,No exact duplicate detected in initial pass,unsupported superlative or cure claim,159 KB HTML; 1 images; lazy/responsive image review applied,viewport configured; semantic H1; image alt complete,appointment:true; call:true; WhatsApp:true; directions:true; local signals:true,canonical clinic/doctor naming consistent; claim review needed,MEDIUM,200,,614,unsupported superlative or cure claim
/services/counselling,Service / consultation intent page for counselling,Counselling in Vijayawada,Counselling in Vijayawada,A structured conversation that builds understanding and practical skills. Learn what counselling includes at Krishna Neuro Psychiatric Centre in Vijayawada.,A structured conversation that builds understanding and practical skills. Learn what counselling includes at Krishna Neuro Psychiatric Centre in Vijayawada.,Counselling,Counselling,Service / consultation intent,counselling in vijayawada,Indexable — included in sitemap,https://www.krishnaneuropsychiatric.com/services/counselling,MedicalClinic; PostalAddress; GeoCoordinates; OpeningHoursSpecification; ContactPoint; Physician; WebSite; Service; Place; BreadcrumbList; ListItem,5 H2 / 4 H3 — What this service can include | May be suitable for | Care begins with the right level of assessment. | Explore related services,"index, follow",Complete,1 images; 0 missing alt; responsive Next images detected: false,25 internal links; appointment linked,3 external links,No exact duplicate detected in initial pass,unsupported superlative or cure claim,159 KB HTML; 1 images; lazy/responsive image review applied,viewport configured; semantic H1; image alt complete,appointment:true; call:true; WhatsApp:true; directions:true; local signals:true,canonical clinic/doctor naming consistent; claim review needed,MEDIUM,200,,606,unsupported superlative or cure claim
/services/de-addiction,Service / consultation intent page for de addiction,De-addiction Care in Vijayawada,De-addiction Care in Vijayawada,"Non-judgemental help for alcohol, tobacco and other substance use. Learn what de-addiction care includes at Krishna Neuro Psychiatric Centre in Vijayawada.","Non-judgemental help for alcohol, tobacco and other substance use. Learn what de-addiction care includes at Krishna Neuro Psychiatric Centre in Vijayawada.",De-addiction Care,De-addiction Care,Service / consultation intent,de-addiction care in vijayawada,Indexable — included in sitemap,https://www.krishnaneuropsychiatric.com/services/de-addiction,MedicalClinic; PostalAddress; GeoCoordinates; OpeningHoursSpecification; ContactPoint; Physician; WebSite; Service; Place; BreadcrumbList; ListItem,5 H2 / 4 H3 — What this service can include | May be suitable for | Care begins with the right level of assessment. | Explore related services,"index, follow",Complete,1 images; 0 missing alt; responsive Next images detected: false,25 internal links; appointment linked,3 external links,No exact duplicate detected in initial pass,unsupported superlative or cure claim,159 KB HTML; 1 images; lazy/responsive image review applied,viewport configured; semantic H1; image alt complete,appointment:true; call:true; WhatsApp:true; directions:true; local signals:true,canonical clinic/doctor naming consistent; claim review needed,MEDIUM,200,,608,unsupported superlative or cure claim
/services/emergency-consultation,Service / consultation intent page for emergency consultation,Urgent Consultation Guidance in Vijayawada,Urgent Consultation Guidance in Vijayawada,Call for same-day availability; immediate danger belongs in emergency care. Learn what urgent consultation guidance includes at Krishna Neuro Psychiatric Centre in Vijayawada.,Call for same-day availability; immediate danger belongs in emergency care. Learn what urgent consultation guidance includes at Krishna Neuro Psychiatric Centre in Vijayawada.,Urgent Consultation Guidance,Urgent Consultation Guidance,Service / consultation intent,urgent consultation guidance in vijayawada,Indexable — included in sitemap,https://www.krishnaneuropsychiatric.com/services/emergency-consultation,MedicalClinic; PostalAddress; GeoCoordinates; OpeningHoursSpecification; ContactPoint; Physician; WebSite; Service; Place; BreadcrumbList; ListItem,5 H2 / 4 H3 — What this service can include | May be suitable for | Care begins with the right level of assessment. | Explore related services,"index, follow",Complete,1 images; 0 missing alt; responsive Next images detected: false,25 internal links; appointment linked,3 external links,No exact duplicate detected in initial pass,unsupported superlative or cure claim,160 KB HTML; 1 images; lazy/responsive image review applied,viewport configured; semantic H1; image alt complete,appointment:true; call:true; WhatsApp:true; directions:true; local signals:true,canonical clinic/doctor naming consistent; claim review needed,MEDIUM,200,,630,unsupported superlative or cure claim
/services/family-counselling,Service / consultation intent page for family counselling,Family Counselling in Vijayawada,Family Counselling in Vijayawada,"Help families understand illness, communicate and support recovery. Learn what family counselling includes at Krishna Neuro Psychiatric Centre in Vijayawada.","Help families understand illness, communicate and support recovery. Learn what family counselling includes at Krishna Neuro Psychiatric Centre in Vijayawada.",Family Counselling,Family Counselling,Service / consultation intent,family counselling in vijayawada,Indexable — included in sitemap,https://www.krishnaneuropsychiatric.com/services/family-counselling,MedicalClinic; PostalAddress; GeoCoordinates; OpeningHoursSpecification; ContactPoint; Physician; WebSite; Service; Place; BreadcrumbList; ListItem,5 H2 / 4 H3 — What this service can include | May be suitable for | Care begins with the right level of assessment. | Explore related services,"index, follow",Complete,1 images; 0 missing alt; responsive Next images detected: false,25 internal links; appointment linked,3 external links,No exact duplicate detected in initial pass,unsupported superlative or cure claim,159 KB HTML; 1 images; lazy/responsive image review applied,viewport configured; semantic H1; image alt complete,appointment:true; call:true; WhatsApp:true; directions:true; local signals:true,canonical clinic/doctor naming consistent; claim review needed,MEDIUM,200,,598,unsupported superlative or cure claim
/services/medication-management,Service / consultation intent page for medication management,Medication Management in Vijayawada,Medication Management in Vijayawada,Thoughtful prescribing with clear goals and regular review. Learn what medication management includes at Krishna Neuro Psychiatric Centre in Vijayawada.,Thoughtful prescribing with clear goals and regular review. Learn what medication management includes at Krishna Neuro Psychiatric Centre in Vijayawada.,Medication Management,Medication Management,Service / consultation intent,medication management in vijayawada,Indexable — included in sitemap,https://www.krishnaneuropsychiatric.com/services/medication-management,MedicalClinic; PostalAddress; GeoCoordinates; OpeningHoursSpecification; ContactPoint; Physician; WebSite; Service; Place; BreadcrumbList; ListItem,5 H2 / 4 H3 — What this service can include | May be suitable for | Care begins with the right level of assessment. | Explore related services,"index, follow",Complete,1 images; 0 missing alt; responsive Next images detected: false,25 internal links; appointment linked,3 external links,No exact duplicate detected in initial pass,unsupported superlative or cure claim,159 KB HTML; 1 images; lazy/responsive image review applied,viewport configured; semantic H1; image alt complete,appointment:true; call:true; WhatsApp:true; directions:true; local signals:true,canonical clinic/doctor naming consistent; claim review needed,MEDIUM,200,,615,unsupported superlative or cure claim
/services/psychiatric-consultation,Service / consultation intent page for psychiatric consultation,Psychiatric Consultation in Vijayawada,Psychiatric Consultation in Vijayawada,"A careful, confidential assessment—not a rushed label. Learn what psychiatric consultation includes at Krishna Neuro Psychiatric Centre in Vijayawada.","A careful, confidential assessment—not a rushed label. Learn what psychiatric consultation includes at Krishna Neuro Psychiatric Centre in Vijayawada.",Psychiatric Consultation,Psychiatric Consultation,Service / consultation intent,psychiatric consultation in vijayawada,Indexable — included in sitemap,https://www.krishnaneuropsychiatric.com/services/psychiatric-consultation,MedicalClinic; PostalAddress; GeoCoordinates; OpeningHoursSpecification; ContactPoint; Physician; WebSite; Service; Place; BreadcrumbList; ListItem,5 H2 / 4 H3 — What this service can include | May be suitable for | Care begins with the right level of assessment. | Explore related services,"index, follow",Complete,1 images; 0 missing alt; responsive Next images detected: false,25 internal links; appointment linked,3 external links,No exact duplicate detected in initial pass,unsupported superlative or cure claim,160 KB HTML; 1 images; lazy/responsive image review applied,viewport configured; semantic H1; image alt complete,appointment:true; call:true; WhatsApp:true; directions:true; local signals:true,canonical clinic/doctor naming consistent; claim review needed,MEDIUM,200,,611,unsupported superlative or cure claim
/services/sleep-clinic,Service / consultation intent page for sleep clinic,Sleep Clinic in Vijayawada,Sleep Clinic in Vijayawada,Understand the pattern before reaching for a sleeping tablet. Learn what sleep clinic includes at Krishna Neuro Psychiatric Centre in Vijayawada.,Understand the pattern before reaching for a sleeping tablet. Learn what sleep clinic includes at Krishna Neuro Psychiatric Centre in Vijayawada.,Sleep Clinic,Sleep Clinic,Service / consultation intent,sleep clinic in vijayawada,Indexable — included in sitemap,https://www.krishnaneuropsychiatric.com/services/sleep-clinic,MedicalClinic; PostalAddress; GeoCoordinates; OpeningHoursSpecification; ContactPoint; Physician; WebSite; Service; Place; BreadcrumbList; ListItem,5 H2 / 4 H3 — What this service can include | May be suitable for | Care begins with the right level of assessment. | Explore related services,"index, follow",Complete,1 images; 0 missing alt; responsive Next images detected: false,25 internal links; appointment linked,3 external links,No exact duplicate detected in initial pass,unsupported superlative or cure claim,159 KB HTML; 1 images; lazy/responsive image review applied,viewport configured; semantic H1; image alt complete,appointment:true; call:true; WhatsApp:true; directions:true; local signals:true,canonical clinic/doctor naming consistent; claim review needed,MEDIUM,200,,608,unsupported superlative or cure claim
/services/stress-management,Service / consultation intent page for stress management,Stress Management in Vijayawada,Stress Management in Vijayawada,"Turn an overwhelming problem into clear, workable next steps. Learn what stress management includes at Krishna Neuro Psychiatric Centre in Vijayawada.","Turn an overwhelming problem into clear, workable next steps. Learn what stress management includes at Krishna Neuro Psychiatric Centre in Vijayawada.",Stress Management,Stress Management,Service / consultation intent,stress management in vijayawada,Indexable — included in sitemap,https://www.krishnaneuropsychiatric.com/services/stress-management,MedicalClinic; PostalAddress; GeoCoordinates; OpeningHoursSpecification; ContactPoint; Physician; WebSite; Service; Place; BreadcrumbList; ListItem,5 H2 / 4 H3 — What this service can include | May be suitable for | Care begins with the right level of assessment. | Explore related services,"index, follow",Complete,1 images; 0 missing alt; responsive Next images detected: false,25 internal links; appointment linked,3 external links,No exact duplicate detected in initial pass,unsupported superlative or cure claim,159 KB HTML; 1 images; lazy/responsive image review applied,viewport configured; semantic H1; image alt complete,appointment:true; call:true; WhatsApp:true; directions:true; local signals:true,canonical clinic/doctor naming consistent; claim review needed,MEDIUM,200,,607,unsupported superlative or cure claim
/services/tele-consultation,Service / consultation intent page for tele consultation,Tele Consultation in Vijayawada,Tele Consultation in Vijayawada,"Remote follow-up and selected consultations, subject to clinical suitability. Learn what tele consultation includes at Krishna Neuro Psychiatric Centre in Vijayawada.","Remote follow-up and selected consultations, subject to clinical suitability. Learn what tele consultation includes at Krishna Neuro Psychiatric Centre in Vijayawada.",Tele Consultation,Tele Consultation,Service / consultation intent,tele consultation in vijayawada,Indexable — included in sitemap,https://www.krishnaneuropsychiatric.com/services/tele-consultation,MedicalClinic; PostalAddress; GeoCoordinates; OpeningHoursSpecification; ContactPoint; Physician; WebSite; Service; Place; BreadcrumbList; ListItem,5 H2 / 4 H3 — What this service can include | May be suitable for | Care begins with the right level of assessment. | Explore related services,"index, follow",Complete,1 images; 0 missing alt; responsive Next images detected: false,25 internal links; appointment linked,3 external links,No exact duplicate detected in initial pass,unsupported superlative or cure claim,159 KB HTML; 1 images; lazy/responsive image review applied,viewport configured; semantic H1; image alt complete,appointment:true; call:true; WhatsApp:true; directions:true; local signals:true,canonical clinic/doctor naming consistent; claim review needed,MEDIUM,200,,612,unsupported superlative or cure claim
/te,Branded informational page for te,విజయవాడలో సైకియాట్రిస్ట్ — డా. పామర్తి కృష్ణ దాస్,విజయవాడలో సైకియాట్రిస్ట్ — డా. పామర్తి కృష్ణ దాస్,విజయవాడలో సైకియాట్రిస్ట్ — డా. పామర్తి కృష్ణ దాస్ గురించి బాధ్యతాయుత తెలుగు సమాచారం. విజయవాడలో Krishna Neuro Psychiatric Centre వద్ద డా. పామర్తి కృష్ణ దాస్‌తో కన్సల్టేషన్ మరియు అపాయింట్‌మెంట్ వివరాలు.,విజయవాడలో సైకియాట్రిస్ట్ — డా. పామర్తి కృష్ణ దాస్ గురించి బాధ్యతాయుత తెలుగు సమాచారం. విజయవాడలో Krishna Neuro Psychiatric Centre వద్ద డా. పామర్తి కృష్ణ దాస్‌తో కన్సల్టేషన్ మరియు అపాయింట్‌మెంట్ వివరాలు.,లక్షణాలను మాత్రమే కాదు— మనిషిని చూసే మానసిక ఆరోగ్య సేవలు.,లక్షణాలను మాత్రమే కాదు— మనిషిని చూసే మానసిక ఆరోగ్య సేవలు.,Branded informational,విజయవాడలో సైకియాట్రిస్ట్ — డా. పామర్తి కృష్ణ దాస్,Indexable — included in sitemap,https://www.krishnaneuropsychiatric.com/te,MedicalClinic; PostalAddress; GeoCoordinates; OpeningHoursSpecification; ContactPoint; Physician; WebSite; FAQPage; Question; Answer,8 H2 / 16 H3 — ఊహల ముందు వినే సంరక్షణ. | సమస్యను అర్థం చేసుకోండి. సరైన తదుపరి అడుగు ఎంచుకోండి. | విజ్ఞానం మరియు మానవత్వం కలిసిన సంరక్షణ. | అర్థం కాని దశలు లేవు. ఒక్కో స్పష్టమైన అడుగు.,"index, follow",Complete,42 images; 0 missing alt; responsive Next images detected: false,37 internal links; appointment linked,4 external links,No exact duplicate detected in initial pass,unsupported superlative or cure claim,290 KB HTML; 42 images; lazy/responsive image review applied,viewport configured; semantic H1; image alt complete,appointment:true; call:true; WhatsApp:true; directions:true; local signals:true,canonical clinic/doctor naming consistent; claim review needed,MEDIUM,200,,1173,unsupported superlative or cure claim
/te/about,Branded informational page for about,కృష్ణ న్యూరో సైకియాట్రిక్ సెంటర్ గురించి,కృష్ణ న్యూరో సైకియాట్రిక్ సెంటర్ గురించి,కృష్ణ న్యూరో సైకియాట్రిక్ సెంటర్ గురించి గురించి బాధ్యతాయుత తెలుగు సమాచారం. విజయవాడలో Krishna Neuro Psychiatric Centre వద్ద డా. పామర్తి కృష్ణ దాస్‌తో కన్సల్టేషన్ మరియు అపాయింట్‌మెంట్ వివరాలు.,కృష్ణ న్యూరో సైకియాట్రిక్ సెంటర్ గురించి గురించి బాధ్యతాయుత తెలుగు సమాచారం. విజయవాడలో Krishna Neuro Psychiatric Centre వద్ద డా. పామర్తి కృష్ణ దాస్‌తో కన్సల్టేషన్ మరియు అపాయింట్‌మెంట్ వివరాలు.,డా. పామర్తి కృష్ణ దాస్,డా. పామర్తి కృష్ణ దాస్,Branded informational,కృష్ణ న్యూరో సైకియాట్రిక్ సెంటర్ గురించి,Indexable — included in sitemap,https://www.krishnaneuropsychiatric.com/te/about,MedicalClinic; PostalAddress; GeoCoordinates; OpeningHoursSpecification; ContactPoint; Physician; WebSite,4 H2 / 0 H3 — ముందుగా అర్థం చేసుకోవటం | ఆలోచించి మందులు | నిజ జీవితంలో కోలుకోవటం | ఒక స్పష్టమైన సంభాషణతో మొదటి అడుగు వేయండి.,"index, follow",Complete,1 images; 0 missing alt; responsive Next images detected: false,23 internal links; appointment linked,3 external links,No exact duplicate detected in initial pass,unsupported superlative or cure claim,137 KB HTML; 1 images; lazy/responsive image review applied,viewport configured; semantic H1; image alt complete,appointment:true; call:true; WhatsApp:true; directions:true; local signals:true,canonical clinic/doctor naming consistent; claim review needed,MEDIUM,200,,501,unsupported superlative or cure claim
/te/about-doctor,Legacy URL preserving existing SEO equity,Permanent redirect to /te/doctor/pamarthi-krishna-das,Keep permanent redirect to /te/doctor/pamarthi-krishna-das,N/A — redirect,N/A — redirect,N/A — redirect,N/A — redirect,Legacy navigation,about doctor,Redirect — not indexable,/te/doctor/pamarthi-krishna-das,Inherited from destination,N/A,Permanent 308,Inherited from destination,N/A,Internal links updated to destination,N/A,Consolidated by redirect,None — equity preserved,Redirect only; negligible,Destination audited,Destination audited,Destination audited,NO CHANGE,308,/te/doctor/pamarthi-krishna-das,,
/te/appointment,Transactional appointment page for appointment,సైకియాట్రిస్ట్ అపాయింట్‌మెంట్,సైకియాట్రిస్ట్ అపాయింట్‌మెంట్,సైకియాట్రిస్ట్ అపాయింట్‌మెంట్ గురించి బాధ్యతాయుత తెలుగు సమాచారం. విజయవాడలో Krishna Neuro Psychiatric Centre వద్ద డా. పామర్తి కృష్ణ దాస్‌తో కన్సల్టేషన్ మరియు అపాయింట్‌మెంట్ వివరాలు.,సైకియాట్రిస్ట్ అపాయింట్‌మెంట్ గురించి బాధ్యతాయుత తెలుగు సమాచారం. విజయవాడలో Krishna Neuro Psychiatric Centre వద్ద డా. పామర్తి కృష్ణ దాస్‌తో కన్సల్టేషన్ మరియు అపాయింట్‌మెంట్ వివరాలు.,ప్రారంభించేందుకు సరైన పదాలు అవసరం లేదు.,ప్రారంభించేందుకు సరైన పదాలు అవసరం లేదు.,Transactional appointment,సైకియాట్రిస్ట్ అపాయింట్‌మెంట్,Indexable — included in sitemap,https://www.krishnaneuropsychiatric.com/te/appointment,MedicalClinic; PostalAddress; GeoCoordinates; OpeningHoursSpecification; ContactPoint; Physician; WebSite,2 H2 / 0 H3 — అపాయింట్‌మెంట్ అభ్యర్థన | నేరుగా సంప్రదించాలా?,"index, follow",Complete,1 images; 0 missing alt; responsive Next images detected: false,22 internal links; appointment linked,3 external links,No exact duplicate detected in initial pass,unsupported superlative or cure claim,136 KB HTML; 1 images; lazy/responsive image review applied,viewport configured; semantic H1; image alt complete,appointment:true; call:true; WhatsApp:true; directions:true; local signals:true,canonical clinic/doctor naming consistent; claim review needed,HIGH,200,,513,unsupported superlative or cure claim; duplicate title with /te/appointment/success; duplicate description with /te/appointment/success
/te/appointment/success,Branded informational page for success,సైకియాట్రిస్ట్ అపాయింట్‌మెంట్,సైకియాట్రిస్ట్ అపాయింట్‌మెంట్,సైకియాట్రిస్ట్ అపాయింట్‌మెంట్ గురించి బాధ్యతాయుత తెలుగు సమాచారం. విజయవాడలో Krishna Neuro Psychiatric Centre వద్ద డా. పామర్తి కృష్ణ దాస్‌తో కన్సల్టేషన్ మరియు అపాయింట్‌మెంట్ వివరాలు.,సైకియాట్రిస్ట్ అపాయింట్‌మెంట్ గురించి బాధ్యతాయుత తెలుగు సమాచారం. విజయవాడలో Krishna Neuro Psychiatric Centre వద్ద డా. పామర్తి కృష్ణ దాస్‌తో కన్సల్టేషన్ మరియు అపాయింట్‌మెంట్ వివరాలు.,సంప్రదించినందుకు ధన్యవాదాలు.,సంప్రదించినందుకు ధన్యవాదాలు.,Branded informational,సైకియాట్రిస్ట్ అపాయింట్‌మెంట్,Public but excluded from sitemap,https://www.krishnaneuropsychiatric.com/te/appointment/success,MedicalClinic; PostalAddress; GeoCoordinates; OpeningHoursSpecification; ContactPoint; Physician; WebSite,0 H2 / 0 H3,"index, follow",Complete,1 images; 0 missing alt; responsive Next images detected: false,22 internal links; appointment linked,3 external links,No exact duplicate detected in initial pass,unsupported superlative or cure claim,122 KB HTML; 1 images; lazy/responsive image review applied,viewport configured; semantic H1; image alt complete,appointment:true; call:true; WhatsApp:true; directions:true; local signals:true,canonical clinic/doctor naming consistent; claim review needed,HIGH,200,,380,unsupported superlative or cure claim; duplicate title with /te/appointment; duplicate description with /te/appointment
/te/best-psychiatrist-in-vijayawada,Legacy URL preserving existing SEO equity,Permanent redirect to /te/psychiatrist-in-vijayawada,Keep permanent redirect to /te/psychiatrist-in-vijayawada,N/A — redirect,N/A — redirect,N/A — redirect,N/A — redirect,Legacy navigation,best psychiatrist in vijayawada,Redirect — not indexable,/te/psychiatrist-in-vijayawada,Inherited from destination,N/A,Permanent 308,Inherited from destination,N/A,Internal links updated to destination,N/A,Consolidated by redirect,None — equity preserved,Redirect only; negligible,Destination audited,Destination audited,Destination audited,NO CHANGE,308,/te/psychiatrist-in-vijayawada,,
/te/blog,Branded informational page for blog,తెలుగు మానసిక ఆరోగ్య వ్యాసాలు,తెలుగు మానసిక ఆరోగ్య వ్యాసాలు,తెలుగు మానసిక ఆరోగ్య వ్యాసాలు గురించి బాధ్యతాయుత తెలుగు సమాచారం. విజయవాడలో Krishna Neuro Psychiatric Centre వద్ద డా. పామర్తి కృష్ణ దాస్‌తో కన్సల్టేషన్ మరియు అపాయింట్‌మెంట్ వివరాలు.,తెలుగు మానసిక ఆరోగ్య వ్యాసాలు గురించి బాధ్యతాయుత తెలుగు సమాచారం. విజయవాడలో Krishna Neuro Psychiatric Centre వద్ద డా. పామర్తి కృష్ణ దాస్‌తో కన్సల్టేషన్ మరియు అపాయింట్‌మెంట్ వివరాలు.,రోగులు మరియు కుటుంబాల కోసం తెలుగు మానసిక ఆరోగ్య గ్రంథాలయం.,రోగులు మరియు కుటుంబాల కోసం తెలుగు మానసిక ఆరోగ్య గ్రంథాలయం.,Branded informational,తెలుగు మానసిక ఆరోగ్య వ్యాసాలు,Indexable — included in sitemap,https://www.krishnaneuropsychiatric.com/te/blog,MedicalClinic; PostalAddress; GeoCoordinates; OpeningHoursSpecification; ContactPoint; Physician; WebSite,13 H2 / 0 H3 — సైకియాట్రిస్ట్‌ను ఎప్పుడు సంప్రదించాలి? | డిప్రెషన్ లేదా సాధారణ దిగులు? తేడా ఎలా తెలుసుకోవాలి | పానిక్ అటాక్ సమయంలో శరీరంలో ఏమి జరుగుతుంది? | OCD శుభ్రత మాత్రమే కాదు,"index, follow",Complete,13 images; 0 missing alt; responsive Next images detected: false,35 internal links; appointment linked,3 external links,No exact duplicate detected in initial pass,unsupported superlative or cure claim,185 KB HTML; 13 images; lazy/responsive image review applied,viewport configured; semantic H1; image alt complete,appointment:true; call:true; WhatsApp:true; directions:true; local signals:true,canonical clinic/doctor naming consistent; claim review needed,MEDIUM,200,,668,unsupported superlative or cure claim
/te/blog/adhd-assessment-what-to-expect,Medical informational page for adhd assessment what to expect,ADHD అంచనాలో ఏమి జరుగుతుంది?,ADHD అంచనాలో ఏమి జరుగుతుంది?,ADHD అంచనాలో ఏమి జరుగుతుంది? గురించి బాధ్యతాయుత తెలుగు సమాచారం. విజయవాడలో Krishna Neuro Psychiatric Centre వద్ద డా. పామర్తి కృష్ణ దాస్‌తో కన్సల్టేషన్ మరియు అపాయింట్‌మెంట్ వివరాలు.,ADHD అంచనాలో ఏమి జరుగుతుంది? గురించి బాధ్యతాయుత తెలుగు సమాచారం. విజయవాడలో Krishna Neuro Psychiatric Centre వద్ద డా. పామర్తి కృష్ణ దాస్‌తో కన్సల్టేషన్ మరియు అపాయింట్‌మెంట్ వివరాలు.,ADHD అంచనాలో ఏమి జరుగుతుంది?,ADHD అంచనాలో ఏమి జరుగుతుంది?,Medical informational,adhd అంచనాలో ఏమి జరుగుతుంది?,Indexable — included in sitemap,https://www.krishnaneuropsychiatric.com/te/blog/adhd-assessment-what-to-expect,MedicalClinic; PostalAddress; GeoCoordinates; OpeningHoursSpecification; ContactPoint; Physician; WebSite,7 H2 / 0 H3 — ముఖ్యాంశాలు | రోజువారీ జీవితంలో దీని అర్థం | గమనించాల్సిన ప్యాటర్న్ | అంచనా మరియు చికిత్స,"index, follow",Complete,1 images; 0 missing alt; responsive Next images detected: false,23 internal links; appointment linked,3 external links,No exact duplicate detected in initial pass,unsupported superlative or cure claim,145 KB HTML; 1 images; lazy/responsive image review applied,viewport configured; semantic H1; image alt complete,appointment:true; call:true; WhatsApp:true; directions:true; local signals:true,canonical clinic/doctor naming consistent; claim review needed,MEDIUM,200,,616,unsupported superlative or cure claim
/te/blog/alcohol-withdrawal-safety,Medical informational page for alcohol withdrawal safety,ఆల్కహాల్‌ను అకస్మాత్తుగా ఆపటం ఎందుకు ప్రమాదకరం?,ఆల్కహాల్‌ను అకస్మాత్తుగా ఆపటం ఎందుకు ప్రమాదకరం?,ఆల్కహాల్‌ను అకస్మాత్తుగా ఆపటం ఎందుకు ప్రమాదకరం? గురించి బాధ్యతాయుత తెలుగు సమాచారం. విజయవాడలో Krishna Neuro Psychiatric Centre వద్ద డా. పామర్తి కృష్ణ దాస్‌తో కన్సల్టేషన్ మరియు అపాయింట్‌మెంట్ వివరాలు.,ఆల్కహాల్‌ను అకస్మాత్తుగా ఆపటం ఎందుకు ప్రమాదకరం? గురించి బాధ్యతాయుత తెలుగు సమాచారం. విజయవాడలో Krishna Neuro Psychiatric Centre వద్ద డా. పామర్తి కృష్ణ దాస్‌తో కన్సల్టేషన్ మరియు అపాయింట్‌మెంట్ వివరాలు.,ఆల్కహాల్‌ను అకస్మాత్తుగా ఆపటం ఎందుకు ప్రమాదకరం?,ఆల్కహాల్‌ను అకస్మాత్తుగా ఆపటం ఎందుకు ప్రమాదకరం?,Medical informational,ఆల్కహాల్‌ను అకస్మాత్తుగా ఆపటం ఎందుకు ప్రమాదకరం?,Indexable — included in sitemap,https://www.krishnaneuropsychiatric.com/te/blog/alcohol-withdrawal-safety,MedicalClinic; PostalAddress; GeoCoordinates; OpeningHoursSpecification; ContactPoint; Physician; WebSite,7 H2 / 0 H3 — ముఖ్యాంశాలు | రోజువారీ జీవితంలో దీని అర్థం | గమనించాల్సిన ప్యాటర్న్ | అంచనా మరియు చికిత్స,"index, follow",Complete,1 images; 0 missing alt; responsive Next images detected: false,23 internal links; appointment linked,3 external links,No exact duplicate detected in initial pass,unsupported superlative or cure claim,146 KB HTML; 1 images; lazy/responsive image review applied,viewport configured; semantic H1; image alt complete,appointment:true; call:true; WhatsApp:true; directions:true; local signals:true,canonical clinic/doctor naming consistent; claim review needed,MEDIUM,200,,616,unsupported superlative or cure claim
/te/blog/baby-blues-postpartum-depression-psychosis,Medical informational page for baby blues postpartum depression psychosis,"బేబీ బ్లూస్, ప్రసవానంతర డిప్రెషన్ లేదా సైకోసిస్?","బేబీ బ్లూస్, ప్రసవానంతర డిప్రెషన్ లేదా సైకోసిస్?","బేబీ బ్లూస్, ప్రసవానంతర డిప్రెషన్ లేదా సైకోసిస్? గురించి బాధ్యతాయుత తెలుగు సమాచారం. విజయవాడలో Krishna Neuro Psychiatric Centre వద్ద డా. పామర్తి కృష్ణ దాస్‌తో కన్సల్టేషన్ మరియు అపాయింట్‌మెంట్ వివరాలు.","బేబీ బ్లూస్, ప్రసవానంతర డిప్రెషన్ లేదా సైకోసిస్? గురించి బాధ్యతాయుత తెలుగు సమాచారం. విజయవాడలో Krishna Neuro Psychiatric Centre వద్ద డా. పామర్తి కృష్ణ దాస్‌తో కన్సల్టేషన్ మరియు అపాయింట్‌మెంట్ వివరాలు.","బేబీ బ్లూస్, ప్రసవానంతర డిప్రెషన్ లేదా సైకోసిస్?","బేబీ బ్లూస్, ప్రసవానంతర డిప్రెషన్ లేదా సైకోసిస్?",Medical informational,"బేబీ బ్లూస్, ప్రసవానంతర డిప్రెషన్ లేదా సైకోసిస్?",Indexable — included in sitemap,https://www.krishnaneuropsychiatric.com/te/blog/baby-blues-postpartum-depression-psychosis,MedicalClinic; PostalAddress; GeoCoordinates; OpeningHoursSpecification; ContactPoint; Physician; WebSite,7 H2 / 0 H3 — ముఖ్యాంశాలు | రోజువారీ జీవితంలో దీని అర్థం | గమనించాల్సిన ప్యాటర్న్ | అంచనా మరియు చికిత్స,"index, follow",Complete,1 images; 0 missing alt; responsive Next images detected: false,23 internal links; appointment linked,3 external links,No exact duplicate detected in initial pass,unsupported superlative or cure claim,147 KB HTML; 1 images; lazy/responsive image review applied,viewport configured; semantic H1; image alt complete,appointment:true; call:true; WhatsApp:true; directions:true; local signals:true,canonical clinic/doctor naming consistent; claim review needed,MEDIUM,200,,620,unsupported superlative or cure claim
/te/blog/chronic-insomnia-guide,Medical informational page for chronic insomnia guide,దీర్ఘకాల ఇన్సోమ్నియాను మెరుగ్గా అర్థం చేసుకోవటం,దీర్ఘకాల ఇన్సోమ్నియాను మెరుగ్గా అర్థం చేసుకోవటం,దీర్ఘకాల ఇన్సోమ్నియాను మెరుగ్గా అర్థం చేసుకోవటం గురించి బాధ్యతాయుత తెలుగు సమాచారం. విజయవాడలో Krishna Neuro Psychiatric Centre వద్ద డా. పామర్తి కృష్ణ దాస్‌తో కన్సల్టేషన్ మరియు అపాయింట్‌మెంట్ వివరాలు.,దీర్ఘకాల ఇన్సోమ్నియాను మెరుగ్గా అర్థం చేసుకోవటం గురించి బాధ్యతాయుత తెలుగు సమాచారం. విజయవాడలో Krishna Neuro Psychiatric Centre వద్ద డా. పామర్తి కృష్ణ దాస్‌తో కన్సల్టేషన్ మరియు అపాయింట్‌మెంట్ వివరాలు.,దీర్ఘకాల ఇన్సోమ్నియాను మెరుగ్గా అర్థం చేసుకోవటం,దీర్ఘకాల ఇన్సోమ్నియాను మెరుగ్గా అర్థం చేసుకోవటం,Medical informational,దీర్ఘకాల ఇన్సోమ్నియాను మెరుగ్గా అర్థం చేసుకోవటం,Indexable — included in sitemap,https://www.krishnaneuropsychiatric.com/te/blog/chronic-insomnia-guide,MedicalClinic; PostalAddress; GeoCoordinates; OpeningHoursSpecification; ContactPoint; Physician; WebSite,7 H2 / 0 H3 — ముఖ్యాంశాలు | రోజువారీ జీవితంలో దీని అర్థం | గమనించాల్సిన ప్యాటర్న్ | అంచనా మరియు చికిత్స,"index, follow",Complete,1 images; 0 missing alt; responsive Next images detected: false,23 internal links; appointment linked,3 external links,No exact duplicate detected in initial pass,unsupported superlative or cure claim,146 KB HTML; 1 images; lazy/responsive image review applied,viewport configured; semantic H1; image alt complete,appointment:true; call:true; WhatsApp:true; directions:true; local signals:true,canonical clinic/doctor naming consistent; claim review needed,MEDIUM,200,,616,unsupported superlative or cure claim
/te/blog/depression-vs-sadness,Medical informational page for depression vs sadness,డిప్రెషన్ లేదా సాధారణ దిగులు? తేడా ఎలా తెలుసుకోవాలి,డిప్రెషన్ లేదా సాధారణ దిగులు? తేడా ఎలా తెలుసుకోవాలి,డిప్రెషన్ లేదా సాధారణ దిగులు? తేడా ఎలా తెలుసుకోవాలి గురించి బాధ్యతాయుత తెలుగు సమాచారం. విజయవాడలో Krishna Neuro Psychiatric Centre వద్ద డా. పామర్తి కృష్ణ దాస్‌తో కన్సల్టేషన్ మరియు అపాయింట్‌మెంట్ వివరాలు.,డిప్రెషన్ లేదా సాధారణ దిగులు? తేడా ఎలా తెలుసుకోవాలి గురించి బాధ్యతాయుత తెలుగు సమాచారం. విజయవాడలో Krishna Neuro Psychiatric Centre వద్ద డా. పామర్తి కృష్ణ దాస్‌తో కన్సల్టేషన్ మరియు అపాయింట్‌మెంట్ వివరాలు.,డిప్రెషన్ లేదా సాధారణ దిగులు? తేడా ఎలా తెలుసుకోవాలి,డిప్రెషన్ లేదా సాధారణ దిగులు? తేడా ఎలా తెలుసుకోవాలి,Medical informational,డిప్రెషన్ లేదా సాధారణ దిగులు? తేడా ఎలా తెలుసుకోవాలి,Indexable — included in sitemap,https://www.krishnaneuropsychiatric.com/te/blog/depression-vs-sadness,MedicalClinic; PostalAddress; GeoCoordinates; OpeningHoursSpecification; ContactPoint; Physician; WebSite,7 H2 / 0 H3 — ముఖ్యాంశాలు | రోజువారీ జీవితంలో దీని అర్థం | గమనించాల్సిన ప్యాటర్న్ | అంచనా మరియు చికిత్స,"index, follow",Complete,1 images; 0 missing alt; responsive Next images detected: false,23 internal links; appointment linked,3 external links,No exact duplicate detected in initial pass,unsupported superlative or cure claim,146 KB HTML; 1 images; lazy/responsive image review applied,viewport configured; semantic H1; image alt complete,appointment:true; call:true; WhatsApp:true; directions:true; local signals:true,canonical clinic/doctor naming consistent; claim review needed,MEDIUM,200,,621,unsupported superlative or cure claim
/te/blog/how-to-talk-to-someone-experiencing-psychosis,Medical informational page for how to talk to someone experiencing psychosis,సైకోసిస్ అనుభవిస్తున్న వ్యక్తితో ఎలా మాట్లాడాలి,సైకోసిస్ అనుభవిస్తున్న వ్యక్తితో ఎలా మాట్లాడాలి,సైకోసిస్ అనుభవిస్తున్న వ్యక్తితో ఎలా మాట్లాడాలి గురించి బాధ్యతాయుత తెలుగు సమాచారం. విజయవాడలో Krishna Neuro Psychiatric Centre వద్ద డా. పామర్తి కృష్ణ దాస్‌తో కన్సల్టేషన్ మరియు అపాయింట్‌మెంట్ వివరాలు.,సైకోసిస్ అనుభవిస్తున్న వ్యక్తితో ఎలా మాట్లాడాలి గురించి బాధ్యతాయుత తెలుగు సమాచారం. విజయవాడలో Krishna Neuro Psychiatric Centre వద్ద డా. పామర్తి కృష్ణ దాస్‌తో కన్సల్టేషన్ మరియు అపాయింట్‌మెంట్ వివరాలు.,సైకోసిస్ అనుభవిస్తున్న వ్యక్తితో ఎలా మాట్లాడాలి,సైకోసిస్ అనుభవిస్తున్న వ్యక్తితో ఎలా మాట్లాడాలి,Medical informational,సైకోసిస్ అనుభవిస్తున్న వ్యక్తితో ఎలా మాట్లాడాలి,Indexable — included in sitemap,https://www.krishnaneuropsychiatric.com/te/blog/how-to-talk-to-someone-experiencing-psychosis,MedicalClinic; PostalAddress; GeoCoordinates; OpeningHoursSpecification; ContactPoint; Physician; WebSite,7 H2 / 0 H3 — ముఖ్యాంశాలు | రోజువారీ జీవితంలో దీని అర్థం | గమనించాల్సిన ప్యాటర్న్ | అంచనా మరియు చికిత్స,"index, follow",Complete,1 images; 0 missing alt; responsive Next images detected: false,23 internal links; appointment linked,3 external links,No exact duplicate detected in initial pass,unsupported superlative or cure claim,146 KB HTML; 1 images; lazy/responsive image review applied,viewport configured; semantic H1; image alt complete,appointment:true; call:true; WhatsApp:true; directions:true; local signals:true,canonical clinic/doctor naming consistent; claim review needed,MEDIUM,200,,613,unsupported superlative or cure claim
/te/blog/normal-ageing-or-memory-problem,Medical informational page for normal ageing or memory problem,సాధారణ వృద్ధాప్యం లేదా జ్ఞాపక సమస్య?,సాధారణ వృద్ధాప్యం లేదా జ్ఞాపక సమస్య?,సాధారణ వృద్ధాప్యం లేదా జ్ఞాపక సమస్య? గురించి బాధ్యతాయుత తెలుగు సమాచారం. విజయవాడలో Krishna Neuro Psychiatric Centre వద్ద డా. పామర్తి కృష్ణ దాస్‌తో కన్సల్టేషన్ మరియు అపాయింట్‌మెంట్ వివరాలు.,సాధారణ వృద్ధాప్యం లేదా జ్ఞాపక సమస్య? గురించి బాధ్యతాయుత తెలుగు సమాచారం. విజయవాడలో Krishna Neuro Psychiatric Centre వద్ద డా. పామర్తి కృష్ణ దాస్‌తో కన్సల్టేషన్ మరియు అపాయింట్‌మెంట్ వివరాలు.,సాధారణ వృద్ధాప్యం లేదా జ్ఞాపక సమస్య?,సాధారణ వృద్ధాప్యం లేదా జ్ఞాపక సమస్య?,Medical informational,సాధారణ వృద్ధాప్యం లేదా జ్ఞాపక సమస్య?,Indexable — included in sitemap,https://www.krishnaneuropsychiatric.com/te/blog/normal-ageing-or-memory-problem,MedicalClinic; PostalAddress; GeoCoordinates; OpeningHoursSpecification; ContactPoint; Physician; WebSite,7 H2 / 0 H3 — ముఖ్యాంశాలు | రోజువారీ జీవితంలో దీని అర్థం | గమనించాల్సిన ప్యాటర్న్ | అంచనా మరియు చికిత్స,"index, follow",Complete,1 images; 0 missing alt; responsive Next images detected: false,23 internal links; appointment linked,3 external links,No exact duplicate detected in initial pass,unsupported superlative or cure claim,146 KB HTML; 1 images; lazy/responsive image review applied,viewport configured; semantic H1; image alt complete,appointment:true; call:true; WhatsApp:true; directions:true; local signals:true,canonical clinic/doctor naming consistent; claim review needed,MEDIUM,200,,617,unsupported superlative or cure claim
/te/blog/ocd-more-than-cleanliness,Medical informational page for ocd more than cleanliness,OCD శుభ్రత మాత్రమే కాదు,OCD శుభ్రత మాత్రమే కాదు,OCD శుభ్రత మాత్రమే కాదు గురించి బాధ్యతాయుత తెలుగు సమాచారం. విజయవాడలో Krishna Neuro Psychiatric Centre వద్ద డా. పామర్తి కృష్ణ దాస్‌తో కన్సల్టేషన్ మరియు అపాయింట్‌మెంట్ వివరాలు.,OCD శుభ్రత మాత్రమే కాదు గురించి బాధ్యతాయుత తెలుగు సమాచారం. విజయవాడలో Krishna Neuro Psychiatric Centre వద్ద డా. పామర్తి కృష్ణ దాస్‌తో కన్సల్టేషన్ మరియు అపాయింట్‌మెంట్ వివరాలు.,OCD శుభ్రత మాత్రమే కాదు,OCD శుభ్రత మాత్రమే కాదు,Medical informational,ocd శుభ్రత మాత్రమే కాదు,Indexable — included in sitemap,https://www.krishnaneuropsychiatric.com/te/blog/ocd-more-than-cleanliness,MedicalClinic; PostalAddress; GeoCoordinates; OpeningHoursSpecification; ContactPoint; Physician; WebSite,7 H2 / 0 H3 — ముఖ్యాంశాలు | రోజువారీ జీవితంలో దీని అర్థం | గమనించాల్సిన ప్యాటర్న్ | అంచనా మరియు చికిత్స,"index, follow",Complete,1 images; 0 missing alt; responsive Next images detected: false,23 internal links; appointment linked,3 external links,No exact duplicate detected in initial pass,unsupported superlative or cure claim,144 KB HTML; 1 images; lazy/responsive image review applied,viewport configured; semantic H1; image alt complete,appointment:true; call:true; WhatsApp:true; directions:true; local signals:true,canonical clinic/doctor naming consistent; claim review needed,MEDIUM,200,,611,unsupported superlative or cure claim
/te/blog/panic-attack-what-happens-and-what-helps,Medical informational page for panic attack what happens and what helps,పానిక్ అటాక్ సమయంలో శరీరంలో ఏమి జరుగుతుంది?,పానిక్ అటాక్ సమయంలో శరీరంలో ఏమి జరుగుతుంది?,పానిక్ అటాక్ సమయంలో శరీరంలో ఏమి జరుగుతుంది? గురించి బాధ్యతాయుత తెలుగు సమాచారం. విజయవాడలో Krishna Neuro Psychiatric Centre వద్ద డా. పామర్తి కృష్ణ దాస్‌తో కన్సల్టేషన్ మరియు అపాయింట్‌మెంట్ వివరాలు.,పానిక్ అటాక్ సమయంలో శరీరంలో ఏమి జరుగుతుంది? గురించి బాధ్యతాయుత తెలుగు సమాచారం. విజయవాడలో Krishna Neuro Psychiatric Centre వద్ద డా. పామర్తి కృష్ణ దాస్‌తో కన్సల్టేషన్ మరియు అపాయింట్‌మెంట్ వివరాలు.,పానిక్ అటాక్ సమయంలో శరీరంలో ఏమి జరుగుతుంది?,పానిక్ అటాక్ సమయంలో శరీరంలో ఏమి జరుగుతుంది?,Medical informational,పానిక్ అటాక్ సమయంలో శరీరంలో ఏమి జరుగుతుంది?,Indexable — included in sitemap,https://www.krishnaneuropsychiatric.com/te/blog/panic-attack-what-happens-and-what-helps,MedicalClinic; PostalAddress; GeoCoordinates; OpeningHoursSpecification; ContactPoint; Physician; WebSite,7 H2 / 0 H3 — ముఖ్యాంశాలు | రోజువారీ జీవితంలో దీని అర్థం | గమనించాల్సిన ప్యాటర్న్ | అంచనా మరియు చికిత్స,"index, follow",Complete,1 images; 0 missing alt; responsive Next images detected: false,23 internal links; appointment linked,3 external links,No exact duplicate detected in initial pass,unsupported superlative or cure claim,146 KB HTML; 1 images; lazy/responsive image review applied,viewport configured; semantic H1; image alt complete,appointment:true; call:true; WhatsApp:true; directions:true; local signals:true,canonical clinic/doctor naming consistent; claim review needed,MEDIUM,200,,621,unsupported superlative or cure claim
/te/blog/questions-before-psychiatric-medication,Medical informational page for questions before psychiatric medication,మానసిక మందులు ప్రారంభించే ముందు అడగాల్సిన ఏడు ప్రశ్నలు,మానసిక మందులు ప్రారంభించే ముందు అడగాల్సిన ఏడు ప్రశ్నలు,మానసిక మందులు ప్రారంభించే ముందు అడగాల్సిన ఏడు ప్రశ్నలు గురించి బాధ్యతాయుత తెలుగు సమాచారం. విజయవాడలో Krishna Neuro Psychiatric Centre వద్ద డా. పామర్తి కృష్ణ దాస్‌తో కన్సల్టేషన్ మరియు అపాయింట్‌మెంట్ వివరాలు.,మానసిక మందులు ప్రారంభించే ముందు అడగాల్సిన ఏడు ప్రశ్నలు గురించి బాధ్యతాయుత తెలుగు సమాచారం. విజయవాడలో Krishna Neuro Psychiatric Centre వద్ద డా. పామర్తి కృష్ణ దాస్‌తో కన్సల్టేషన్ మరియు అపాయింట్‌మెంట్ వివరాలు.,మానసిక మందులు ప్రారంభించే ముందు అడగాల్సిన ఏడు ప్రశ్నలు,మానసిక మందులు ప్రారంభించే ముందు అడగాల్సిన ఏడు ప్రశ్నలు,Medical informational,మానసిక మందులు ప్రారంభించే ముందు అడగాల్సిన ఏడు ప్రశ్నలు,Indexable — included in sitemap,https://www.krishnaneuropsychiatric.com/te/blog/questions-before-psychiatric-medication,MedicalClinic; PostalAddress; GeoCoordinates; OpeningHoursSpecification; ContactPoint; Physician; WebSite,7 H2 / 0 H3 — ముఖ్యాంశాలు | రోజువారీ జీవితంలో దీని అర్థం | గమనించాల్సిన ప్యాటర్న్ | అంచనా మరియు చికిత్స,"index, follow",Complete,1 images; 0 missing alt; responsive Next images detected: false,23 internal links; appointment linked,3 external links,No exact duplicate detected in initial pass,unsupported superlative or cure claim,146 KB HTML; 1 images; lazy/responsive image review applied,viewport configured; semantic H1; image alt complete,appointment:true; call:true; WhatsApp:true; directions:true; local signals:true,canonical clinic/doctor naming consistent; claim review needed,MEDIUM,200,,626,unsupported superlative or cure claim
/te/blog/when-should-a-child-see-a-psychiatrist,Medical informational page for when should a child see a psychiatrist,పిల్లవాడు సైకియాట్రిస్ట్‌ను ఎప్పుడు చూడాలి?,పిల్లవాడు సైకియాట్రిస్ట్‌ను ఎప్పుడు చూడాలి?,పిల్లవాడు సైకియాట్రిస్ట్‌ను ఎప్పుడు చూడాలి? గురించి బాధ్యతాయుత తెలుగు సమాచారం. విజయవాడలో Krishna Neuro Psychiatric Centre వద్ద డా. పామర్తి కృష్ణ దాస్‌తో కన్సల్టేషన్ మరియు అపాయింట్‌మెంట్ వివరాలు.,పిల్లవాడు సైకియాట్రిస్ట్‌ను ఎప్పుడు చూడాలి? గురించి బాధ్యతాయుత తెలుగు సమాచారం. విజయవాడలో Krishna Neuro Psychiatric Centre వద్ద డా. పామర్తి కృష్ణ దాస్‌తో కన్సల్టేషన్ మరియు అపాయింట్‌మెంట్ వివరాలు.,పిల్లవాడు సైకియాట్రిస్ట్‌ను ఎప్పుడు చూడాలి?,పిల్లవాడు సైకియాట్రిస్ట్‌ను ఎప్పుడు చూడాలి?,Medical informational,పిల్లవాడు సైకియాట్రిస్ట్‌ను ఎప్పుడు చూడాలి?,Indexable — included in sitemap,https://www.krishnaneuropsychiatric.com/te/blog/when-should-a-child-see-a-psychiatrist,MedicalClinic; PostalAddress; GeoCoordinates; OpeningHoursSpecification; ContactPoint; Physician; WebSite,7 H2 / 0 H3 — ముఖ్యాంశాలు | రోజువారీ జీవితంలో దీని అర్థం | గమనించాల్సిన ప్యాటర్న్ | అంచనా మరియు చికిత్స,"index, follow",Complete,1 images; 0 missing alt; responsive Next images detected: false,23 internal links; appointment linked,3 external links,No exact duplicate detected in initial pass,unsupported superlative or cure claim,146 KB HTML; 1 images; lazy/responsive image review applied,viewport configured; semantic H1; image alt complete,appointment:true; call:true; WhatsApp:true; directions:true; local signals:true,canonical clinic/doctor naming consistent; claim review needed,MEDIUM,200,,613,unsupported superlative or cure claim
/te/blog/when-to-see-a-psychiatrist,Medical informational page for when to see a psychiatrist,సైకియాట్రిస్ట్‌ను ఎప్పుడు సంప్రదించాలి?,సైకియాట్రిస్ట్‌ను ఎప్పుడు సంప్రదించాలి?,సైకియాట్రిస్ట్‌ను ఎప్పుడు సంప్రదించాలి? గురించి బాధ్యతాయుత తెలుగు సమాచారం. విజయవాడలో Krishna Neuro Psychiatric Centre వద్ద డా. పామర్తి కృష్ణ దాస్‌తో కన్సల్టేషన్ మరియు అపాయింట్‌మెంట్ వివరాలు.,సైకియాట్రిస్ట్‌ను ఎప్పుడు సంప్రదించాలి? గురించి బాధ్యతాయుత తెలుగు సమాచారం. విజయవాడలో Krishna Neuro Psychiatric Centre వద్ద డా. పామర్తి కృష్ణ దాస్‌తో కన్సల్టేషన్ మరియు అపాయింట్‌మెంట్ వివరాలు.,సైకియాట్రిస్ట్‌ను ఎప్పుడు సంప్రదించాలి?,సైకియాట్రిస్ట్‌ను ఎప్పుడు సంప్రదించాలి?,Medical informational,సైకియాట్రిస్ట్‌ను ఎప్పుడు సంప్రదించాలి?,Indexable — included in sitemap,https://www.krishnaneuropsychiatric.com/te/blog/when-to-see-a-psychiatrist,MedicalClinic; PostalAddress; GeoCoordinates; OpeningHoursSpecification; ContactPoint; Physician; WebSite,7 H2 / 0 H3 — ముఖ్యాంశాలు | రోజువారీ జీవితంలో దీని అర్థం | గమనించాల్సిన ప్యాటర్న్ | అంచనా మరియు చికిత్స,"index, follow",Complete,1 images; 0 missing alt; responsive Next images detected: false,23 internal links; appointment linked,3 external links,No exact duplicate detected in initial pass,unsupported superlative or cure claim,146 KB HTML; 1 images; lazy/responsive image review applied,viewport configured; semantic H1; image alt complete,appointment:true; call:true; WhatsApp:true; directions:true; local signals:true,canonical clinic/doctor naming consistent; claim review needed,MEDIUM,200,,617,unsupported superlative or cure claim
/te/conditions,Branded informational page for conditions,మానసిక ఆరోగ్య పరిస్థితులు,మానసిక ఆరోగ్య పరిస్థితులు,మానసిక ఆరోగ్య పరిస్థితులు గురించి బాధ్యతాయుత తెలుగు సమాచారం. విజయవాడలో Krishna Neuro Psychiatric Centre వద్ద డా. పామర్తి కృష్ణ దాస్‌తో కన్సల్టేషన్ మరియు అపాయింట్‌మెంట్ వివరాలు.,మానసిక ఆరోగ్య పరిస్థితులు గురించి బాధ్యతాయుత తెలుగు సమాచారం. విజయవాడలో Krishna Neuro Psychiatric Centre వద్ద డా. పామర్తి కృష్ణ దాస్‌తో కన్సల్టేషన్ మరియు అపాయింట్‌మెంట్ వివరాలు.,మానసిక ఆరోగ్య పరిస్థితులను సులభమైన తెలుగులో అర్థం చేసుకోండి.,మానసిక ఆరోగ్య పరిస్థితులను సులభమైన తెలుగులో అర్థం చేసుకోండి.,Branded informational,మానసిక ఆరోగ్య పరిస్థితులు,Indexable — included in sitemap,https://www.krishnaneuropsychiatric.com/te/conditions,MedicalClinic; PostalAddress; GeoCoordinates; OpeningHoursSpecification; ContactPoint; Physician; WebSite,31 H2 / 0 H3 — డిప్రెషన్ (నిరాశ) | యాంగ్జైటీ (ఆందోళన) | పానిక్ డిసార్డర్ | OCD (అబ్సెసివ్ కంపల్సివ్ డిసార్డర్),"index, follow",Complete,31 images; 0 missing alt; responsive Next images detected: false,53 internal links; appointment linked,3 external links,No exact duplicate detected in initial pass,unsupported superlative or cure claim,291 KB HTML; 31 images; lazy/responsive image review applied,viewport configured; semantic H1; image alt complete,appointment:true; call:true; WhatsApp:true; directions:true; local signals:true,canonical clinic/doctor naming consistent; claim review needed,MEDIUM,200,,1015,unsupported superlative or cure claim
/te/conditions/adhd,Medical informational with consultation intent page for adhd,ADHD చికిత్స విజయవాడ,ADHD చికిత్స విజయవాడ,ADHD చికిత్స విజయవాడ గురించి బాధ్యతాయుత తెలుగు సమాచారం. విజయవాడలో Krishna Neuro Psychiatric Centre వద్ద డా. పామర్తి కృష్ణ దాస్‌తో కన్సల్టేషన్ మరియు అపాయింట్‌మెంట్ వివరాలు.,ADHD చికిత్స విజయవాడ గురించి బాధ్యతాయుత తెలుగు సమాచారం. విజయవాడలో Krishna Neuro Psychiatric Centre వద్ద డా. పామర్తి కృష్ణ దాస్‌తో కన్సల్టేషన్ మరియు అపాయింట్‌మెంట్ వివరాలు.,ADHD: ఏమి జరుగుతుందో అర్థం చేసుకుని ఆశతో ముందుకు సాగండి.,ADHD: ఏమి జరుగుతుందో అర్థం చేసుకుని ఆశతో ముందుకు సాగండి.,Medical informational with consultation intent,adhd చికిత్స విజయవాడ,Indexable — included in sitemap,https://www.krishnaneuropsychiatric.com/te/conditions/adhd,MedicalClinic; PostalAddress; GeoCoordinates; OpeningHoursSpecification; ContactPoint; Physician; WebSite; FAQPage; Question; Answer,10 H2 / 0 H3 — మీరు లేదా కుటుంబం గమనించవచ్చేవి | సాధారణ కారణాలు మరియు ప్రభావాలు | ప్రమాద కారకాలు | నిర్ధారణ ఎలా చేస్తారు?,"index, follow",Complete,1 images; 0 missing alt; responsive Next images detected: false,27 internal links; appointment linked,3 external links,No exact duplicate detected in initial pass,unsupported superlative or cure claim,168 KB HTML; 1 images; lazy/responsive image review applied,viewport configured; semantic H1; image alt complete,appointment:true; call:true; WhatsApp:true; directions:true; local signals:true,canonical clinic/doctor naming consistent; claim review needed,MEDIUM,200,,725,unsupported superlative or cure claim
/te/conditions/adolescent-psychiatry,Medical informational with consultation intent page for adolescent psychiatry,కిశోరుల మానసిక ఆరోగ్యం చికిత్స విజయవాడ,కిశోరుల మానసిక ఆరోగ్యం చికిత్స విజయవాడ,కిశోరుల మానసిక ఆరోగ్యం చికిత్స విజయవాడ గురించి బాధ్యతాయుత తెలుగు సమాచారం. విజయవాడలో Krishna Neuro Psychiatric Centre వద్ద డా. పామర్తి కృష్ణ దాస్‌తో కన్సల్టేషన్ మరియు అపాయింట్‌మెంట్ వివరాలు.,కిశోరుల మానసిక ఆరోగ్యం చికిత్స విజయవాడ గురించి బాధ్యతాయుత తెలుగు సమాచారం. విజయవాడలో Krishna Neuro Psychiatric Centre వద్ద డా. పామర్తి కృష్ణ దాస్‌తో కన్సల్టేషన్ మరియు అపాయింట్‌మెంట్ వివరాలు.,కిశోరుల మానసిక ఆరోగ్యం: ఏమి జరుగుతుందో అర్థం చేసుకుని ఆశతో ముందుకు సాగండి.,కిశోరుల మానసిక ఆరోగ్యం: ఏమి జరుగుతుందో అర్థం చేసుకుని ఆశతో ముందుకు సాగండి.,Medical informational with consultation intent,కిశోరుల మానసిక ఆరోగ్యం చికిత్స విజయవాడ,Indexable — included in sitemap,https://www.krishnaneuropsychiatric.com/te/conditions/adolescent-psychiatry,MedicalClinic; PostalAddress; GeoCoordinates; OpeningHoursSpecification; ContactPoint; Physician; WebSite; FAQPage; Question; Answer,10 H2 / 0 H3 — మీరు లేదా కుటుంబం గమనించవచ్చేవి | సాధారణ కారణాలు మరియు ప్రభావాలు | ప్రమాద కారకాలు | నిర్ధారణ ఎలా చేస్తారు?,"index, follow",Complete,1 images; 0 missing alt; responsive Next images detected: false,27 internal links; appointment linked,3 external links,No exact duplicate detected in initial pass,unsupported superlative or cure claim,173 KB HTML; 1 images; lazy/responsive image review applied,viewport configured; semantic H1; image alt complete,appointment:true; call:true; WhatsApp:true; directions:true; local signals:true,canonical clinic/doctor naming consistent; claim review needed,MEDIUM,200,,763,unsupported superlative or cure claim
/te/conditions/alcohol-addiction,Medical informational with consultation intent page for alcohol addiction,ఆల్కహాల్ వ్యసనం చికిత్స విజయవాడ,ఆల్కహాల్ వ్యసనం చికిత్స విజయవాడ,ఆల్కహాల్ వ్యసనం చికిత్స విజయవాడ గురించి బాధ్యతాయుత తెలుగు సమాచారం. విజయవాడలో Krishna Neuro Psychiatric Centre వద్ద డా. పామర్తి కృష్ణ దాస్‌తో కన్సల్టేషన్ మరియు అపాయింట్‌మెంట్ వివరాలు.,ఆల్కహాల్ వ్యసనం చికిత్స విజయవాడ గురించి బాధ్యతాయుత తెలుగు సమాచారం. విజయవాడలో Krishna Neuro Psychiatric Centre వద్ద డా. పామర్తి కృష్ణ దాస్‌తో కన్సల్టేషన్ మరియు అపాయింట్‌మెంట్ వివరాలు.,ఆల్కహాల్ వ్యసనం: ఏమి జరుగుతుందో అర్థం చేసుకుని ఆశతో ముందుకు సాగండి.,ఆల్కహాల్ వ్యసనం: ఏమి జరుగుతుందో అర్థం చేసుకుని ఆశతో ముందుకు సాగండి.,Medical informational with consultation intent,ఆల్కహాల్ వ్యసనం చికిత్స విజయవాడ,Indexable — included in sitemap,https://www.krishnaneuropsychiatric.com/te/conditions/alcohol-addiction,MedicalClinic; PostalAddress; GeoCoordinates; OpeningHoursSpecification; ContactPoint; Physician; WebSite; FAQPage; Question; Answer,10 H2 / 0 H3 — మీరు లేదా కుటుంబం గమనించవచ్చేవి | సాధారణ కారణాలు మరియు ప్రభావాలు | ప్రమాద కారకాలు | నిర్ధారణ ఎలా చేస్తారు?,"index, follow",Complete,1 images; 0 missing alt; responsive Next images detected: false,27 internal links; appointment linked,3 external links,No exact duplicate detected in initial pass,unsupported superlative or cure claim,172 KB HTML; 1 images; lazy/responsive image review applied,viewport configured; semantic H1; image alt complete,appointment:true; call:true; WhatsApp:true; directions:true; local signals:true,canonical clinic/doctor naming consistent; claim review needed,MEDIUM,200,,754,unsupported superlative or cure claim
/te/conditions/alzheimers-disease,Medical informational with consultation intent page for alzheimers disease,అల్జీమర్స్ వ్యాధి చికిత్స విజయవాడ,అల్జీమర్స్ వ్యాధి చికిత్స విజయవాడ,అల్జీమర్స్ వ్యాధి చికిత్స విజయవాడ గురించి బాధ్యతాయుత తెలుగు సమాచారం. విజయవాడలో Krishna Neuro Psychiatric Centre వద్ద డా. పామర్తి కృష్ణ దాస్‌తో కన్సల్టేషన్ మరియు అపాయింట్‌మెంట్ వివరాలు.,అల్జీమర్స్ వ్యాధి చికిత్స విజయవాడ గురించి బాధ్యతాయుత తెలుగు సమాచారం. విజయవాడలో Krishna Neuro Psychiatric Centre వద్ద డా. పామర్తి కృష్ణ దాస్‌తో కన్సల్టేషన్ మరియు అపాయింట్‌మెంట్ వివరాలు.,అల్జీమర్స్ వ్యాధి: ఏమి జరుగుతుందో అర్థం చేసుకుని ఆశతో ముందుకు సాగండి.,అల్జీమర్స్ వ్యాధి: ఏమి జరుగుతుందో అర్థం చేసుకుని ఆశతో ముందుకు సాగండి.,Medical informational with consultation intent,అల్జీమర్స్ వ్యాధి చికిత్స విజయవాడ,Indexable — included in sitemap,https://www.krishnaneuropsychiatric.com/te/conditions/alzheimers-disease,MedicalClinic; PostalAddress; GeoCoordinates; OpeningHoursSpecification; ContactPoint; Physician; WebSite; FAQPage; Question; Answer,10 H2 / 0 H3 — మీరు లేదా కుటుంబం గమనించవచ్చేవి | సాధారణ కారణాలు మరియు ప్రభావాలు | ప్రమాద కారకాలు | నిర్ధారణ ఎలా చేస్తారు?,"index, follow",Complete,1 images; 0 missing alt; responsive Next images detected: false,27 internal links; appointment linked,3 external links,No exact duplicate detected in initial pass,unsupported superlative or cure claim,170 KB HTML; 1 images; lazy/responsive image review applied,viewport configured; semantic H1; image alt complete,appointment:true; call:true; WhatsApp:true; directions:true; local signals:true,canonical clinic/doctor naming consistent; claim review needed,MEDIUM,200,,727,unsupported superlative or cure claim
/te/conditions/anxiety,Medical informational with consultation intent page for anxiety,యాంగ్జైటీ (ఆందోళన) చికిత్స విజయవాడ,యాంగ్జైటీ (ఆందోళన) చికిత్స విజయవాడ,యాంగ్జైటీ (ఆందోళన) చికిత్స విజయవాడ గురించి బాధ్యతాయుత తెలుగు సమాచారం. విజయవాడలో Krishna Neuro Psychiatric Centre వద్ద డా. పామర్తి కృష్ణ దాస్‌తో కన్సల్టేషన్ మరియు అపాయింట్‌మెంట్ వివరాలు.,యాంగ్జైటీ (ఆందోళన) చికిత్స విజయవాడ గురించి బాధ్యతాయుత తెలుగు సమాచారం. విజయవాడలో Krishna Neuro Psychiatric Centre వద్ద డా. పామర్తి కృష్ణ దాస్‌తో కన్సల్టేషన్ మరియు అపాయింట్‌మెంట్ వివరాలు.,యాంగ్జైటీ (ఆందోళన): ఏమి జరుగుతుందో అర్థం చేసుకుని ఆశతో ముందుకు సాగండి.,యాంగ్జైటీ (ఆందోళన): ఏమి జరుగుతుందో అర్థం చేసుకుని ఆశతో ముందుకు సాగండి.,Medical informational with consultation intent,యాంగ్జైటీ (ఆందోళన) చికిత్స విజయవాడ,Indexable — included in sitemap,https://www.krishnaneuropsychiatric.com/te/conditions/anxiety,MedicalClinic; PostalAddress; GeoCoordinates; OpeningHoursSpecification; ContactPoint; Physician; WebSite; FAQPage; Question; Answer,10 H2 / 0 H3 — మీరు లేదా కుటుంబం గమనించవచ్చేవి | సాధారణ కారణాలు మరియు ప్రభావాలు | ప్రమాద కారకాలు | నిర్ధారణ ఎలా చేస్తారు?,"index, follow",Complete,1 images; 0 missing alt; responsive Next images detected: false,27 internal links; appointment linked,3 external links,No exact duplicate detected in initial pass,unsupported superlative or cure claim,170 KB HTML; 1 images; lazy/responsive image review applied,viewport configured; semantic H1; image alt complete,appointment:true; call:true; WhatsApp:true; directions:true; local signals:true,canonical clinic/doctor naming consistent; claim review needed,MEDIUM,200,,739,unsupported superlative or cure claim
/te/conditions/autism,Medical informational with consultation intent page for autism,ఆటిజం చికిత్స విజయవాడ,ఆటిజం చికిత్స విజయవాడ,ఆటిజం చికిత్స విజయవాడ గురించి బాధ్యతాయుత తెలుగు సమాచారం. విజయవాడలో Krishna Neuro Psychiatric Centre వద్ద డా. పామర్తి కృష్ణ దాస్‌తో కన్సల్టేషన్ మరియు అపాయింట్‌మెంట్ వివరాలు.,ఆటిజం చికిత్స విజయవాడ గురించి బాధ్యతాయుత తెలుగు సమాచారం. విజయవాడలో Krishna Neuro Psychiatric Centre వద్ద డా. పామర్తి కృష్ణ దాస్‌తో కన్సల్టేషన్ మరియు అపాయింట్‌మెంట్ వివరాలు.,ఆటిజం: ఏమి జరుగుతుందో అర్థం చేసుకుని ఆశతో ముందుకు సాగండి.,ఆటిజం: ఏమి జరుగుతుందో అర్థం చేసుకుని ఆశతో ముందుకు సాగండి.,Medical informational with consultation intent,ఆటిజం చికిత్స విజయవాడ,Indexable — included in sitemap,https://www.krishnaneuropsychiatric.com/te/conditions/autism,MedicalClinic; PostalAddress; GeoCoordinates; OpeningHoursSpecification; ContactPoint; Physician; WebSite; FAQPage; Question; Answer,10 H2 / 0 H3 — మీరు లేదా కుటుంబం గమనించవచ్చేవి | సాధారణ కారణాలు మరియు ప్రభావాలు | ప్రమాద కారకాలు | నిర్ధారణ ఎలా చేస్తారు?,"index, follow",Complete,1 images; 0 missing alt; responsive Next images detected: false,27 internal links; appointment linked,3 external links,No exact duplicate detected in initial pass,unsupported superlative or cure claim,169 KB HTML; 1 images; lazy/responsive image review applied,viewport configured; semantic H1; image alt complete,appointment:true; call:true; WhatsApp:true; directions:true; local signals:true,canonical clinic/doctor naming consistent; claim review needed,MEDIUM,200,,723,unsupported superlative or cure claim
/te/conditions/behavior-problems,Medical informational with consultation intent page for behavior problems,ప్రవర్తనా సమస్యలు చికిత్స విజయవాడ,ప్రవర్తనా సమస్యలు చికిత్స విజయవాడ,ప్రవర్తనా సమస్యలు చికిత్స విజయవాడ గురించి బాధ్యతాయుత తెలుగు సమాచారం. విజయవాడలో Krishna Neuro Psychiatric Centre వద్ద డా. పామర్తి కృష్ణ దాస్‌తో కన్సల్టేషన్ మరియు అపాయింట్‌మెంట్ వివరాలు.,ప్రవర్తనా సమస్యలు చికిత్స విజయవాడ గురించి బాధ్యతాయుత తెలుగు సమాచారం. విజయవాడలో Krishna Neuro Psychiatric Centre వద్ద డా. పామర్తి కృష్ణ దాస్‌తో కన్సల్టేషన్ మరియు అపాయింట్‌మెంట్ వివరాలు.,ప్రవర్తనా సమస్యలు: ఏమి జరుగుతుందో అర్థం చేసుకుని ఆశతో ముందుకు సాగండి.,ప్రవర్తనా సమస్యలు: ఏమి జరుగుతుందో అర్థం చేసుకుని ఆశతో ముందుకు సాగండి.,Medical informational with consultation intent,ప్రవర్తనా సమస్యలు చికిత్స విజయవాడ,Indexable — included in sitemap,https://www.krishnaneuropsychiatric.com/te/conditions/behavior-problems,MedicalClinic; PostalAddress; GeoCoordinates; OpeningHoursSpecification; ContactPoint; Physician; WebSite; FAQPage; Question; Answer,10 H2 / 0 H3 — మీరు లేదా కుటుంబం గమనించవచ్చేవి | సాధారణ కారణాలు మరియు ప్రభావాలు | ప్రమాద కారకాలు | నిర్ధారణ ఎలా చేస్తారు?,"index, follow",Complete,1 images; 0 missing alt; responsive Next images detected: false,27 internal links; appointment linked,3 external links,No exact duplicate detected in initial pass,unsupported superlative or cure claim,170 KB HTML; 1 images; lazy/responsive image review applied,viewport configured; semantic H1; image alt complete,appointment:true; call:true; WhatsApp:true; directions:true; local signals:true,canonical clinic/doctor naming consistent; claim review needed,MEDIUM,200,,728,unsupported superlative or cure claim
/te/conditions/bipolar-disorder,Medical informational with consultation intent page for bipolar disorder,బైపోలార్ డిసార్డర్ చికిత్స విజయవాడ,బైపోలార్ డిసార్డర్ చికిత్స విజయవాడ,బైపోలార్ డిసార్డర్ చికిత్స విజయవాడ గురించి బాధ్యతాయుత తెలుగు సమాచారం. విజయవాడలో Krishna Neuro Psychiatric Centre వద్ద డా. పామర్తి కృష్ణ దాస్‌తో కన్సల్టేషన్ మరియు అపాయింట్‌మెంట్ వివరాలు.,బైపోలార్ డిసార్డర్ చికిత్స విజయవాడ గురించి బాధ్యతాయుత తెలుగు సమాచారం. విజయవాడలో Krishna Neuro Psychiatric Centre వద్ద డా. పామర్తి కృష్ణ దాస్‌తో కన్సల్టేషన్ మరియు అపాయింట్‌మెంట్ వివరాలు.,బైపోలార్ డిసార్డర్: ఏమి జరుగుతుందో అర్థం చేసుకుని ఆశతో ముందుకు సాగండి.,బైపోలార్ డిసార్డర్: ఏమి జరుగుతుందో అర్థం చేసుకుని ఆశతో ముందుకు సాగండి.,Medical informational with consultation intent,బైపోలార్ డిసార్డర్ చికిత్స విజయవాడ,Indexable — included in sitemap,https://www.krishnaneuropsychiatric.com/te/conditions/bipolar-disorder,MedicalClinic; PostalAddress; GeoCoordinates; OpeningHoursSpecification; ContactPoint; Physician; WebSite; FAQPage; Question; Answer,10 H2 / 0 H3 — మీరు లేదా కుటుంబం గమనించవచ్చేవి | సాధారణ కారణాలు మరియు ప్రభావాలు | ప్రమాద కారకాలు | నిర్ధారణ ఎలా చేస్తారు?,"index, follow",Complete,1 images; 0 missing alt; responsive Next images detected: false,27 internal links; appointment linked,3 external links,No exact duplicate detected in initial pass,unsupported superlative or cure claim,173 KB HTML; 1 images; lazy/responsive image review applied,viewport configured; semantic H1; image alt complete,appointment:true; call:true; WhatsApp:true; directions:true; local signals:true,canonical clinic/doctor naming consistent; claim review needed,MEDIUM,200,,759,unsupported superlative or cure claim
/te/conditions/child-psychiatry,Medical informational with consultation intent page for child psychiatry,పిల్లల మానసిక ఆరోగ్యం చికిత్స విజయవాడ,పిల్లల మానసిక ఆరోగ్యం చికిత్స విజయవాడ,పిల్లల మానసిక ఆరోగ్యం చికిత్స విజయవాడ గురించి బాధ్యతాయుత తెలుగు సమాచారం. విజయవాడలో Krishna Neuro Psychiatric Centre వద్ద డా. పామర్తి కృష్ణ దాస్‌తో కన్సల్టేషన్ మరియు అపాయింట్‌మెంట్ వివరాలు.,పిల్లల మానసిక ఆరోగ్యం చికిత్స విజయవాడ గురించి బాధ్యతాయుత తెలుగు సమాచారం. విజయవాడలో Krishna Neuro Psychiatric Centre వద్ద డా. పామర్తి కృష్ణ దాస్‌తో కన్సల్టేషన్ మరియు అపాయింట్‌మెంట్ వివరాలు.,పిల్లల మానసిక ఆరోగ్యం: ఏమి జరుగుతుందో అర్థం చేసుకుని ఆశతో ముందుకు సాగండి.,పిల్లల మానసిక ఆరోగ్యం: ఏమి జరుగుతుందో అర్థం చేసుకుని ఆశతో ముందుకు సాగండి.,Medical informational with consultation intent,పిల్లల మానసిక ఆరోగ్యం చికిత్స విజయవాడ,Indexable — included in sitemap,https://www.krishnaneuropsychiatric.com/te/conditions/child-psychiatry,MedicalClinic; PostalAddress; GeoCoordinates; OpeningHoursSpecification; ContactPoint; Physician; WebSite; FAQPage; Question; Answer,10 H2 / 0 H3 — మీరు లేదా కుటుంబం గమనించవచ్చేవి | సాధారణ కారణాలు మరియు ప్రభావాలు | ప్రమాద కారకాలు | నిర్ధారణ ఎలా చేస్తారు?,"index, follow",Complete,1 images; 0 missing alt; responsive Next images detected: false,27 internal links; appointment linked,3 external links,No exact duplicate detected in initial pass,unsupported superlative or cure claim,170 KB HTML; 1 images; lazy/responsive image review applied,viewport configured; semantic H1; image alt complete,appointment:true; call:true; WhatsApp:true; directions:true; local signals:true,canonical clinic/doctor naming consistent; claim review needed,MEDIUM,200,,738,unsupported superlative or cure claim
/te/conditions/dementia,Medical informational with consultation intent page for dementia,డిమెన్షియా చికిత్స విజయవాడ,డిమెన్షియా చికిత్స విజయవాడ,డిమెన్షియా చికిత్స విజయవాడ గురించి బాధ్యతాయుత తెలుగు సమాచారం. విజయవాడలో Krishna Neuro Psychiatric Centre వద్ద డా. పామర్తి కృష్ణ దాస్‌తో కన్సల్టేషన్ మరియు అపాయింట్‌మెంట్ వివరాలు.,డిమెన్షియా చికిత్స విజయవాడ గురించి బాధ్యతాయుత తెలుగు సమాచారం. విజయవాడలో Krishna Neuro Psychiatric Centre వద్ద డా. పామర్తి కృష్ణ దాస్‌తో కన్సల్టేషన్ మరియు అపాయింట్‌మెంట్ వివరాలు.,డిమెన్షియా: ఏమి జరుగుతుందో అర్థం చేసుకుని ఆశతో ముందుకు సాగండి.,డిమెన్షియా: ఏమి జరుగుతుందో అర్థం చేసుకుని ఆశతో ముందుకు సాగండి.,Medical informational with consultation intent,డిమెన్షియా చికిత్స విజయవాడ,Indexable — included in sitemap,https://www.krishnaneuropsychiatric.com/te/conditions/dementia,MedicalClinic; PostalAddress; GeoCoordinates; OpeningHoursSpecification; ContactPoint; Physician; WebSite; FAQPage; Question; Answer,10 H2 / 0 H3 — మీరు లేదా కుటుంబం గమనించవచ్చేవి | సాధారణ కారణాలు మరియు ప్రభావాలు | ప్రమాద కారకాలు | నిర్ధారణ ఎలా చేస్తారు?,"index, follow",Complete,1 images; 0 missing alt; responsive Next images detected: false,27 internal links; appointment linked,3 external links,No exact duplicate detected in initial pass,unsupported superlative or cure claim,169 KB HTML; 1 images; lazy/responsive image review applied,viewport configured; semantic H1; image alt complete,appointment:true; call:true; WhatsApp:true; directions:true; local signals:true,canonical clinic/doctor naming consistent; claim review needed,MEDIUM,200,,723,unsupported superlative or cure claim
/te/conditions/depression,Medical informational with consultation intent page for depression,డిప్రెషన్ (నిరాశ) చికిత్స విజయవాడ,డిప్రెషన్ (నిరాశ) చికిత్స విజయవాడ,డిప్రెషన్ (నిరాశ) చికిత్స విజయవాడ గురించి బాధ్యతాయుత తెలుగు సమాచారం. విజయవాడలో Krishna Neuro Psychiatric Centre వద్ద డా. పామర్తి కృష్ణ దాస్‌తో కన్సల్టేషన్ మరియు అపాయింట్‌మెంట్ వివరాలు.,డిప్రెషన్ (నిరాశ) చికిత్స విజయవాడ గురించి బాధ్యతాయుత తెలుగు సమాచారం. విజయవాడలో Krishna Neuro Psychiatric Centre వద్ద డా. పామర్తి కృష్ణ దాస్‌తో కన్సల్టేషన్ మరియు అపాయింట్‌మెంట్ వివరాలు.,డిప్రెషన్ (నిరాశ): ఏమి జరుగుతుందో అర్థం చేసుకుని ఆశతో ముందుకు సాగండి.,డిప్రెషన్ (నిరాశ): ఏమి జరుగుతుందో అర్థం చేసుకుని ఆశతో ముందుకు సాగండి.,Medical informational with consultation intent,డిప్రెషన్ (నిరాశ) చికిత్స విజయవాడ,Indexable — included in sitemap,https://www.krishnaneuropsychiatric.com/te/conditions/depression,MedicalClinic; PostalAddress; GeoCoordinates; OpeningHoursSpecification; ContactPoint; Physician; WebSite; FAQPage; Question; Answer,10 H2 / 0 H3 — మీరు లేదా కుటుంబం గమనించవచ్చేవి | సాధారణ కారణాలు మరియు ప్రభావాలు | ప్రమాద కారకాలు | నిర్ధారణ ఎలా చేస్తారు?,"index, follow",Complete,1 images; 0 missing alt; responsive Next images detected: false,27 internal links; appointment linked,3 external links,No exact duplicate detected in initial pass,unsupported superlative or cure claim,173 KB HTML; 1 images; lazy/responsive image review applied,viewport configured; semantic H1; image alt complete,appointment:true; call:true; WhatsApp:true; directions:true; local signals:true,canonical clinic/doctor naming consistent; claim review needed,MEDIUM,200,,765,unsupported superlative or cure claim
/te/conditions/drug-addiction,Medical informational with consultation intent page for drug addiction,డ్రగ్ వ్యసనం చికిత్స విజయవాడ,డ్రగ్ వ్యసనం చికిత్స విజయవాడ,డ్రగ్ వ్యసనం చికిత్స విజయవాడ గురించి బాధ్యతాయుత తెలుగు సమాచారం. విజయవాడలో Krishna Neuro Psychiatric Centre వద్ద డా. పామర్తి కృష్ణ దాస్‌తో కన్సల్టేషన్ మరియు అపాయింట్‌మెంట్ వివరాలు.,డ్రగ్ వ్యసనం చికిత్స విజయవాడ గురించి బాధ్యతాయుత తెలుగు సమాచారం. విజయవాడలో Krishna Neuro Psychiatric Centre వద్ద డా. పామర్తి కృష్ణ దాస్‌తో కన్సల్టేషన్ మరియు అపాయింట్‌మెంట్ వివరాలు.,డ్రగ్ వ్యసనం: ఏమి జరుగుతుందో అర్థం చేసుకుని ఆశతో ముందుకు సాగండి.,డ్రగ్ వ్యసనం: ఏమి జరుగుతుందో అర్థం చేసుకుని ఆశతో ముందుకు సాగండి.,Medical informational with consultation intent,డ్రగ్ వ్యసనం చికిత్స విజయవాడ,Indexable — included in sitemap,https://www.krishnaneuropsychiatric.com/te/conditions/drug-addiction,MedicalClinic; PostalAddress; GeoCoordinates; OpeningHoursSpecification; ContactPoint; Physician; WebSite; FAQPage; Question; Answer,10 H2 / 0 H3 — మీరు లేదా కుటుంబం గమనించవచ్చేవి | సాధారణ కారణాలు మరియు ప్రభావాలు | ప్రమాద కారకాలు | నిర్ధారణ ఎలా చేస్తారు?,"index, follow",Complete,1 images; 0 missing alt; responsive Next images detected: false,27 internal links; appointment linked,3 external links,No exact duplicate detected in initial pass,unsupported superlative or cure claim,172 KB HTML; 1 images; lazy/responsive image review applied,viewport configured; semantic H1; image alt complete,appointment:true; call:true; WhatsApp:true; directions:true; local signals:true,canonical clinic/doctor naming consistent; claim review needed,MEDIUM,200,,756,unsupported superlative or cure claim
/te/conditions/family-counselling,Medical informational with consultation intent page for family counselling,కుటుంబ కౌన్సెలింగ్ చికిత్స విజయవాడ,కుటుంబ కౌన్సెలింగ్ చికిత్స విజయవాడ,కుటుంబ కౌన్సెలింగ్ చికిత్స విజయవాడ గురించి బాధ్యతాయుత తెలుగు సమాచారం. విజయవాడలో Krishna Neuro Psychiatric Centre వద్ద డా. పామర్తి కృష్ణ దాస్‌తో కన్సల్టేషన్ మరియు అపాయింట్‌మెంట్ వివరాలు.,కుటుంబ కౌన్సెలింగ్ చికిత్స విజయవాడ గురించి బాధ్యతాయుత తెలుగు సమాచారం. విజయవాడలో Krishna Neuro Psychiatric Centre వద్ద డా. పామర్తి కృష్ణ దాస్‌తో కన్సల్టేషన్ మరియు అపాయింట్‌మెంట్ వివరాలు.,కుటుంబ కౌన్సెలింగ్: ఏమి జరుగుతుందో అర్థం చేసుకుని ఆశతో ముందుకు సాగండి.,కుటుంబ కౌన్సెలింగ్: ఏమి జరుగుతుందో అర్థం చేసుకుని ఆశతో ముందుకు సాగండి.,Medical informational with consultation intent,కుటుంబ కౌన్సెలింగ్ చికిత్స విజయవాడ,Indexable — included in sitemap,https://www.krishnaneuropsychiatric.com/te/conditions/family-counselling,MedicalClinic; PostalAddress; GeoCoordinates; OpeningHoursSpecification; ContactPoint; Physician; WebSite; FAQPage; Question; Answer,10 H2 / 0 H3 — మీరు లేదా కుటుంబం గమనించవచ్చేవి | సాధారణ కారణాలు మరియు ప్రభావాలు | ప్రమాద కారకాలు | నిర్ధారణ ఎలా చేస్తారు?,"index, follow",Complete,1 images; 0 missing alt; responsive Next images detected: false,27 internal links; appointment linked,3 external links,No exact duplicate detected in initial pass,unsupported superlative or cure claim,170 KB HTML; 1 images; lazy/responsive image review applied,viewport configured; semantic H1; image alt complete,appointment:true; call:true; WhatsApp:true; directions:true; local signals:true,canonical clinic/doctor naming consistent; claim review needed,MEDIUM,200,,727,unsupported superlative or cure claim
/te/conditions/grief-counselling,Medical informational with consultation intent page for grief counselling,దుఃఖం / నష్టం కౌన్సెలింగ్ చికిత్స విజయవాడ,దుఃఖం / నష్టం కౌన్సెలింగ్ చికిత్స విజయవాడ,దుఃఖం / నష్టం కౌన్సెలింగ్ చికిత్స విజయవాడ గురించి బాధ్యతాయుత తెలుగు సమాచారం. విజయవాడలో Krishna Neuro Psychiatric Centre వద్ద డా. పామర్తి కృష్ణ దాస్‌తో కన్సల్టేషన్ మరియు అపాయింట్‌మెంట్ వివరాలు.,దుఃఖం / నష్టం కౌన్సెలింగ్ చికిత్స విజయవాడ గురించి బాధ్యతాయుత తెలుగు సమాచారం. విజయవాడలో Krishna Neuro Psychiatric Centre వద్ద డా. పామర్తి కృష్ణ దాస్‌తో కన్సల్టేషన్ మరియు అపాయింట్‌మెంట్ వివరాలు.,దుఃఖం / నష్టం కౌన్సెలింగ్: ఏమి జరుగుతుందో అర్థం చేసుకుని ఆశతో ముందుకు సాగండి.,దుఃఖం / నష్టం కౌన్సెలింగ్: ఏమి జరుగుతుందో అర్థం చేసుకుని ఆశతో ముందుకు సాగండి.,Medical informational with consultation intent,దుఃఖం / నష్టం కౌన్సెలింగ్ చికిత్స విజయవాడ,Indexable — included in sitemap,https://www.krishnaneuropsychiatric.com/te/conditions/grief-counselling,MedicalClinic; PostalAddress; GeoCoordinates; OpeningHoursSpecification; ContactPoint; Physician; WebSite; FAQPage; Question; Answer,10 H2 / 0 H3 — మీరు లేదా కుటుంబం గమనించవచ్చేవి | సాధారణ కారణాలు మరియు ప్రభావాలు | ప్రమాద కారకాలు | నిర్ధారణ ఎలా చేస్తారు?,"index, follow",Complete,1 images; 0 missing alt; responsive Next images detected: false,27 internal links; appointment linked,3 external links,No exact duplicate detected in initial pass,unsupported superlative or cure claim,171 KB HTML; 1 images; lazy/responsive image review applied,viewport configured; semantic H1; image alt complete,appointment:true; call:true; WhatsApp:true; directions:true; local signals:true,canonical clinic/doctor naming consistent; claim review needed,MEDIUM,200,,755,unsupported superlative or cure claim
/te/conditions/learning-disorders,Medical informational with consultation intent page for learning disorders,లెర్నింగ్ డిసార్డర్స్ చికిత్స విజయవాడ,లెర్నింగ్ డిసార్డర్స్ చికిత్స విజయవాడ,లెర్నింగ్ డిసార్డర్స్ చికిత్స విజయవాడ గురించి బాధ్యతాయుత తెలుగు సమాచారం. విజయవాడలో Krishna Neuro Psychiatric Centre వద్ద డా. పామర్తి కృష్ణ దాస్‌తో కన్సల్టేషన్ మరియు అపాయింట్‌మెంట్ వివరాలు.,లెర్నింగ్ డిసార్డర్స్ చికిత్స విజయవాడ గురించి బాధ్యతాయుత తెలుగు సమాచారం. విజయవాడలో Krishna Neuro Psychiatric Centre వద్ద డా. పామర్తి కృష్ణ దాస్‌తో కన్సల్టేషన్ మరియు అపాయింట్‌మెంట్ వివరాలు.,లెర్నింగ్ డిసార్డర్స్: ఏమి జరుగుతుందో అర్థం చేసుకుని ఆశతో ముందుకు సాగండి.,లెర్నింగ్ డిసార్డర్స్: ఏమి జరుగుతుందో అర్థం చేసుకుని ఆశతో ముందుకు సాగండి.,Medical informational with consultation intent,లెర్నింగ్ డిసార్డర్స్ చికిత్స విజయవాడ,Indexable — included in sitemap,https://www.krishnaneuropsychiatric.com/te/conditions/learning-disorders,MedicalClinic; PostalAddress; GeoCoordinates; OpeningHoursSpecification; ContactPoint; Physician; WebSite; FAQPage; Question; Answer,10 H2 / 0 H3 — మీరు లేదా కుటుంబం గమనించవచ్చేవి | సాధారణ కారణాలు మరియు ప్రభావాలు | ప్రమాద కారకాలు | నిర్ధారణ ఎలా చేస్తారు?,"index, follow",Complete,1 images; 0 missing alt; responsive Next images detected: false,27 internal links; appointment linked,3 external links,No exact duplicate detected in initial pass,unsupported superlative or cure claim,170 KB HTML; 1 images; lazy/responsive image review applied,viewport configured; semantic H1; image alt complete,appointment:true; call:true; WhatsApp:true; directions:true; local signals:true,canonical clinic/doctor naming consistent; claim review needed,MEDIUM,200,,733,unsupported superlative or cure claim
/te/conditions/memory-problems,Medical informational with consultation intent page for memory problems,జ్ఞాపకశక్తి సమస్యలు చికిత్స విజయవాడ,జ్ఞాపకశక్తి సమస్యలు చికిత్స విజయవాడ,జ్ఞాపకశక్తి సమస్యలు చికిత్స విజయవాడ గురించి బాధ్యతాయుత తెలుగు సమాచారం. విజయవాడలో Krishna Neuro Psychiatric Centre వద్ద డా. పామర్తి కృష్ణ దాస్‌తో కన్సల్టేషన్ మరియు అపాయింట్‌మెంట్ వివరాలు.,జ్ఞాపకశక్తి సమస్యలు చికిత్స విజయవాడ గురించి బాధ్యతాయుత తెలుగు సమాచారం. విజయవాడలో Krishna Neuro Psychiatric Centre వద్ద డా. పామర్తి కృష్ణ దాస్‌తో కన్సల్టేషన్ మరియు అపాయింట్‌మెంట్ వివరాలు.,జ్ఞాపకశక్తి సమస్యలు: ఏమి జరుగుతుందో అర్థం చేసుకుని ఆశతో ముందుకు సాగండి.,జ్ఞాపకశక్తి సమస్యలు: ఏమి జరుగుతుందో అర్థం చేసుకుని ఆశతో ముందుకు సాగండి.,Medical informational with consultation intent,జ్ఞాపకశక్తి సమస్యలు చికిత్స విజయవాడ,Indexable — included in sitemap,https://www.krishnaneuropsychiatric.com/te/conditions/memory-problems,MedicalClinic; PostalAddress; GeoCoordinates; OpeningHoursSpecification; ContactPoint; Physician; WebSite; FAQPage; Question; Answer,10 H2 / 0 H3 — మీరు లేదా కుటుంబం గమనించవచ్చేవి | సాధారణ కారణాలు మరియు ప్రభావాలు | ప్రమాద కారకాలు | నిర్ధారణ ఎలా చేస్తారు?,"index, follow",Complete,1 images; 0 missing alt; responsive Next images detected: false,27 internal links; appointment linked,3 external links,No exact duplicate detected in initial pass,unsupported superlative or cure claim,170 KB HTML; 1 images; lazy/responsive image review applied,viewport configured; semantic H1; image alt complete,appointment:true; call:true; WhatsApp:true; directions:true; local signals:true,canonical clinic/doctor naming consistent; claim review needed,MEDIUM,200,,730,unsupported superlative or cure claim
/te/conditions/ocd,Medical informational with consultation intent page for ocd,OCD (అబ్సెసివ్ కంపల్సివ్ డిసార్డర్) చికిత్స విజయవాడ,OCD (అబ్సెసివ్ కంపల్సివ్ డిసార్డర్) చికిత్స విజయవాడ,OCD (అబ్సెసివ్ కంపల్సివ్ డిసార్డర్) చికిత్స విజయవాడ గురించి బాధ్యతాయుత తెలుగు సమాచారం. విజయవాడలో Krishna Neuro Psychiatric Centre వద్ద డా. పామర్తి కృష్ణ దాస్‌తో కన్సల్టేషన్ మరియు అపాయింట్‌మెంట్ వివరాలు.,OCD (అబ్సెసివ్ కంపల్సివ్ డిసార్డర్) చికిత్స విజయవాడ గురించి బాధ్యతాయుత తెలుగు సమాచారం. విజయవాడలో Krishna Neuro Psychiatric Centre వద్ద డా. పామర్తి కృష్ణ దాస్‌తో కన్సల్టేషన్ మరియు అపాయింట్‌మెంట్ వివరాలు.,OCD (అబ్సెసివ్ కంపల్సివ్ డిసార్డర్): ఏమి జరుగుతుందో అర్థం చేసుకుని ఆశతో ముందుకు సాగండి.,OCD (అబ్సెసివ్ కంపల్సివ్ డిసార్డర్): ఏమి జరుగుతుందో అర్థం చేసుకుని ఆశతో ముందుకు సాగండి.,Medical informational with consultation intent,ocd (అబ్సెసివ్ కంపల్సివ్ డిసార్డర్) చికిత్స విజయవాడ,Indexable — included in sitemap,https://www.krishnaneuropsychiatric.com/te/conditions/ocd,MedicalClinic; PostalAddress; GeoCoordinates; OpeningHoursSpecification; ContactPoint; Physician; WebSite; FAQPage; Question; Answer,10 H2 / 0 H3 — మీరు లేదా కుటుంబం గమనించవచ్చేవి | సాధారణ కారణాలు మరియు ప్రభావాలు | ప్రమాద కారకాలు | నిర్ధారణ ఎలా చేస్తారు?,"index, follow",Complete,1 images; 0 missing alt; responsive Next images detected: false,27 internal links; appointment linked,3 external links,No exact duplicate detected in initial pass,unsupported superlative or cure claim,170 KB HTML; 1 images; lazy/responsive image review applied,viewport configured; semantic H1; image alt complete,appointment:true; call:true; WhatsApp:true; directions:true; local signals:true,canonical clinic/doctor naming consistent; claim review needed,MEDIUM,200,,756,unsupported superlative or cure claim
/te/conditions/old-age-psychiatry,Medical informational with consultation intent page for old age psychiatry,వృద్ధాప్య మానసిక ఆరోగ్యం చికిత్స విజయవాడ,వృద్ధాప్య మానసిక ఆరోగ్యం చికిత్స విజయవాడ,వృద్ధాప్య మానసిక ఆరోగ్యం చికిత్స విజయవాడ గురించి బాధ్యతాయుత తెలుగు సమాచారం. విజయవాడలో Krishna Neuro Psychiatric Centre వద్ద డా. పామర్తి కృష్ణ దాస్‌తో కన్సల్టేషన్ మరియు అపాయింట్‌మెంట్ వివరాలు.,వృద్ధాప్య మానసిక ఆరోగ్యం చికిత్స విజయవాడ గురించి బాధ్యతాయుత తెలుగు సమాచారం. విజయవాడలో Krishna Neuro Psychiatric Centre వద్ద డా. పామర్తి కృష్ణ దాస్‌తో కన్సల్టేషన్ మరియు అపాయింట్‌మెంట్ వివరాలు.,వృద్ధాప్య మానసిక ఆరోగ్యం: ఏమి జరుగుతుందో అర్థం చేసుకుని ఆశతో ముందుకు సాగండి.,వృద్ధాప్య మానసిక ఆరోగ్యం: ఏమి జరుగుతుందో అర్థం చేసుకుని ఆశతో ముందుకు సాగండి.,Medical informational with consultation intent,వృద్ధాప్య మానసిక ఆరోగ్యం చికిత్స విజయవాడ,Indexable — included in sitemap,https://www.krishnaneuropsychiatric.com/te/conditions/old-age-psychiatry,MedicalClinic; PostalAddress; GeoCoordinates; OpeningHoursSpecification; ContactPoint; Physician; WebSite; FAQPage; Question; Answer,10 H2 / 0 H3 — మీరు లేదా కుటుంబం గమనించవచ్చేవి | సాధారణ కారణాలు మరియు ప్రభావాలు | ప్రమాద కారకాలు | నిర్ధారణ ఎలా చేస్తారు?,"index, follow",Complete,1 images; 0 missing alt; responsive Next images detected: false,27 internal links; appointment linked,3 external links,No exact duplicate detected in initial pass,unsupported superlative or cure claim,170 KB HTML; 1 images; lazy/responsive image review applied,viewport configured; semantic H1; image alt complete,appointment:true; call:true; WhatsApp:true; directions:true; local signals:true,canonical clinic/doctor naming consistent; claim review needed,MEDIUM,200,,735,unsupported superlative or cure claim
/te/conditions/panic-disorder,Medical informational with consultation intent page for panic disorder,పానిక్ డిసార్డర్ చికిత్స విజయవాడ,పానిక్ డిసార్డర్ చికిత్స విజయవాడ,పానిక్ డిసార్డర్ చికిత్స విజయవాడ గురించి బాధ్యతాయుత తెలుగు సమాచారం. విజయవాడలో Krishna Neuro Psychiatric Centre వద్ద డా. పామర్తి కృష్ణ దాస్‌తో కన్సల్టేషన్ మరియు అపాయింట్‌మెంట్ వివరాలు.,పానిక్ డిసార్డర్ చికిత్స విజయవాడ గురించి బాధ్యతాయుత తెలుగు సమాచారం. విజయవాడలో Krishna Neuro Psychiatric Centre వద్ద డా. పామర్తి కృష్ణ దాస్‌తో కన్సల్టేషన్ మరియు అపాయింట్‌మెంట్ వివరాలు.,పానిక్ డిసార్డర్: ఏమి జరుగుతుందో అర్థం చేసుకుని ఆశతో ముందుకు సాగండి.,పానిక్ డిసార్డర్: ఏమి జరుగుతుందో అర్థం చేసుకుని ఆశతో ముందుకు సాగండి.,Medical informational with consultation intent,పానిక్ డిసార్డర్ చికిత్స విజయవాడ,Indexable — included in sitemap,https://www.krishnaneuropsychiatric.com/te/conditions/panic-disorder,MedicalClinic; PostalAddress; GeoCoordinates; OpeningHoursSpecification; ContactPoint; Physician; WebSite; FAQPage; Question; Answer,10 H2 / 0 H3 — మీరు లేదా కుటుంబం గమనించవచ్చేవి | సాధారణ కారణాలు మరియు ప్రభావాలు | ప్రమాద కారకాలు | నిర్ధారణ ఎలా చేస్తారు?,"index, follow",Complete,1 images; 0 missing alt; responsive Next images detected: false,27 internal links; appointment linked,3 external links,No exact duplicate detected in initial pass,unsupported superlative or cure claim,170 KB HTML; 1 images; lazy/responsive image review applied,viewport configured; semantic H1; image alt complete,appointment:true; call:true; WhatsApp:true; directions:true; local signals:true,canonical clinic/doctor naming consistent; claim review needed,MEDIUM,200,,736,unsupported superlative or cure claim
/te/conditions/personality-disorders,Medical informational with consultation intent page for personality disorders,పర్సనాలిటీ డిసార్డర్స్ చికిత్స విజయవాడ,పర్సనాలిటీ డిసార్డర్స్ చికిత్స విజయవాడ,పర్సనాలిటీ డిసార్డర్స్ చికిత్స విజయవాడ గురించి బాధ్యతాయుత తెలుగు సమాచారం. విజయవాడలో Krishna Neuro Psychiatric Centre వద్ద డా. పామర్తి కృష్ణ దాస్‌తో కన్సల్టేషన్ మరియు అపాయింట్‌మెంట్ వివరాలు.,పర్సనాలిటీ డిసార్డర్స్ చికిత్స విజయవాడ గురించి బాధ్యతాయుత తెలుగు సమాచారం. విజయవాడలో Krishna Neuro Psychiatric Centre వద్ద డా. పామర్తి కృష్ణ దాస్‌తో కన్సల్టేషన్ మరియు అపాయింట్‌మెంట్ వివరాలు.,పర్సనాలిటీ డిసార్డర్స్: ఏమి జరుగుతుందో అర్థం చేసుకుని ఆశతో ముందుకు సాగండి.,పర్సనాలిటీ డిసార్డర్స్: ఏమి జరుగుతుందో అర్థం చేసుకుని ఆశతో ముందుకు సాగండి.,Medical informational with consultation intent,పర్సనాలిటీ డిసార్డర్స్ చికిత్స విజయవాడ,Indexable — included in sitemap,https://www.krishnaneuropsychiatric.com/te/conditions/personality-disorders,MedicalClinic; PostalAddress; GeoCoordinates; OpeningHoursSpecification; ContactPoint; Physician; WebSite; FAQPage; Question; Answer,10 H2 / 0 H3 — మీరు లేదా కుటుంబం గమనించవచ్చేవి | సాధారణ కారణాలు మరియు ప్రభావాలు | ప్రమాద కారకాలు | నిర్ధారణ ఎలా చేస్తారు?,"index, follow",Complete,1 images; 0 missing alt; responsive Next images detected: false,27 internal links; appointment linked,3 external links,No exact duplicate detected in initial pass,unsupported superlative or cure claim,171 KB HTML; 1 images; lazy/responsive image review applied,viewport configured; semantic H1; image alt complete,appointment:true; call:true; WhatsApp:true; directions:true; local signals:true,canonical clinic/doctor naming consistent; claim review needed,MEDIUM,200,,732,unsupported superlative or cure claim
/te/conditions/postpartum-depression,Medical informational with consultation intent page for postpartum depression,ప్రసవానంతర డిప్రెషన్ చికిత్స విజయవాడ,ప్రసవానంతర డిప్రెషన్ చికిత్స విజయవాడ,ప్రసవానంతర డిప్రెషన్ చికిత్స విజయవాడ గురించి బాధ్యతాయుత తెలుగు సమాచారం. విజయవాడలో Krishna Neuro Psychiatric Centre వద్ద డా. పామర్తి కృష్ణ దాస్‌తో కన్సల్టేషన్ మరియు అపాయింట్‌మెంట్ వివరాలు.,ప్రసవానంతర డిప్రెషన్ చికిత్స విజయవాడ గురించి బాధ్యతాయుత తెలుగు సమాచారం. విజయవాడలో Krishna Neuro Psychiatric Centre వద్ద డా. పామర్తి కృష్ణ దాస్‌తో కన్సల్టేషన్ మరియు అపాయింట్‌మెంట్ వివరాలు.,ప్రసవానంతర డిప్రెషన్: ఏమి జరుగుతుందో అర్థం చేసుకుని ఆశతో ముందుకు సాగండి.,ప్రసవానంతర డిప్రెషన్: ఏమి జరుగుతుందో అర్థం చేసుకుని ఆశతో ముందుకు సాగండి.,Medical informational with consultation intent,ప్రసవానంతర డిప్రెషన్ చికిత్స విజయవాడ,Indexable — included in sitemap,https://www.krishnaneuropsychiatric.com/te/conditions/postpartum-depression,MedicalClinic; PostalAddress; GeoCoordinates; OpeningHoursSpecification; ContactPoint; Physician; WebSite; FAQPage; Question; Answer,10 H2 / 0 H3 — మీరు లేదా కుటుంబం గమనించవచ్చేవి | సాధారణ కారణాలు మరియు ప్రభావాలు | ప్రమాద కారకాలు | నిర్ధారణ ఎలా చేస్తారు?,"index, follow",Complete,1 images; 0 missing alt; responsive Next images detected: false,27 internal links; appointment linked,3 external links,No exact duplicate detected in initial pass,unsupported superlative or cure claim,173 KB HTML; 1 images; lazy/responsive image review applied,viewport configured; semantic H1; image alt complete,appointment:true; call:true; WhatsApp:true; directions:true; local signals:true,canonical clinic/doctor naming consistent; claim review needed,MEDIUM,200,,763,unsupported superlative or cure claim
/te/conditions/psychosis,Medical informational with consultation intent page for psychosis,సైకోసిస్ చికిత్స విజయవాడ,సైకోసిస్ చికిత్స విజయవాడ,సైకోసిస్ చికిత్స విజయవాడ గురించి బాధ్యతాయుత తెలుగు సమాచారం. విజయవాడలో Krishna Neuro Psychiatric Centre వద్ద డా. పామర్తి కృష్ణ దాస్‌తో కన్సల్టేషన్ మరియు అపాయింట్‌మెంట్ వివరాలు.,సైకోసిస్ చికిత్స విజయవాడ గురించి బాధ్యతాయుత తెలుగు సమాచారం. విజయవాడలో Krishna Neuro Psychiatric Centre వద్ద డా. పామర్తి కృష్ణ దాస్‌తో కన్సల్టేషన్ మరియు అపాయింట్‌మెంట్ వివరాలు.,సైకోసిస్: ఏమి జరుగుతుందో అర్థం చేసుకుని ఆశతో ముందుకు సాగండి.,సైకోసిస్: ఏమి జరుగుతుందో అర్థం చేసుకుని ఆశతో ముందుకు సాగండి.,Medical informational with consultation intent,సైకోసిస్ చికిత్స విజయవాడ,Indexable — included in sitemap,https://www.krishnaneuropsychiatric.com/te/conditions/psychosis,MedicalClinic; PostalAddress; GeoCoordinates; OpeningHoursSpecification; ContactPoint; Physician; WebSite; FAQPage; Question; Answer,10 H2 / 0 H3 — మీరు లేదా కుటుంబం గమనించవచ్చేవి | సాధారణ కారణాలు మరియు ప్రభావాలు | ప్రమాద కారకాలు | నిర్ధారణ ఎలా చేస్తారు?,"index, follow",Complete,1 images; 0 missing alt; responsive Next images detected: false,27 internal links; appointment linked,3 external links,No exact duplicate detected in initial pass,unsupported superlative or cure claim,172 KB HTML; 1 images; lazy/responsive image review applied,viewport configured; semantic H1; image alt complete,appointment:true; call:true; WhatsApp:true; directions:true; local signals:true,canonical clinic/doctor naming consistent; claim review needed,MEDIUM,200,,755,unsupported superlative or cure claim
/te/conditions/relationship-counselling,Medical informational with consultation intent page for relationship counselling,దాంపత్య / సంబంధ కౌన్సెలింగ్ చికిత్స విజయవాడ,దాంపత్య / సంబంధ కౌన్సెలింగ్ చికిత్స విజయవాడ,దాంపత్య / సంబంధ కౌన్సెలింగ్ చికిత్స విజయవాడ గురించి బాధ్యతాయుత తెలుగు సమాచారం. విజయవాడలో Krishna Neuro Psychiatric Centre వద్ద డా. పామర్తి కృష్ణ దాస్‌తో కన్సల్టేషన్ మరియు అపాయింట్‌మెంట్ వివరాలు.,దాంపత్య / సంబంధ కౌన్సెలింగ్ చికిత్స విజయవాడ గురించి బాధ్యతాయుత తెలుగు సమాచారం. విజయవాడలో Krishna Neuro Psychiatric Centre వద్ద డా. పామర్తి కృష్ణ దాస్‌తో కన్సల్టేషన్ మరియు అపాయింట్‌మెంట్ వివరాలు.,దాంపత్య / సంబంధ కౌన్సెలింగ్: ఏమి జరుగుతుందో అర్థం చేసుకుని ఆశతో ముందుకు సాగండి.,దాంపత్య / సంబంధ కౌన్సెలింగ్: ఏమి జరుగుతుందో అర్థం చేసుకుని ఆశతో ముందుకు సాగండి.,Medical informational with consultation intent,దాంపత్య / సంబంధ కౌన్సెలింగ్ చికిత్స విజయవాడ,Indexable — included in sitemap,https://www.krishnaneuropsychiatric.com/te/conditions/relationship-counselling,MedicalClinic; PostalAddress; GeoCoordinates; OpeningHoursSpecification; ContactPoint; Physician; WebSite; FAQPage; Question; Answer,10 H2 / 0 H3 — మీరు లేదా కుటుంబం గమనించవచ్చేవి | సాధారణ కారణాలు మరియు ప్రభావాలు | ప్రమాద కారకాలు | నిర్ధారణ ఎలా చేస్తారు?,"index, follow",Complete,1 images; 0 missing alt; responsive Next images detected: false,27 internal links; appointment linked,3 external links,No exact duplicate detected in initial pass,unsupported superlative or cure claim,171 KB HTML; 1 images; lazy/responsive image review applied,viewport configured; semantic H1; image alt complete,appointment:true; call:true; WhatsApp:true; directions:true; local signals:true,canonical clinic/doctor naming consistent; claim review needed,MEDIUM,200,,747,unsupported superlative or cure claim
/te/conditions/schizophrenia,Medical informational with consultation intent page for schizophrenia,స్కిజోఫ్రీనియా చికిత్స విజయవాడ,స్కిజోఫ్రీనియా చికిత్స విజయవాడ,స్కిజోఫ్రీనియా చికిత్స విజయవాడ గురించి బాధ్యతాయుత తెలుగు సమాచారం. విజయవాడలో Krishna Neuro Psychiatric Centre వద్ద డా. పామర్తి కృష్ణ దాస్‌తో కన్సల్టేషన్ మరియు అపాయింట్‌మెంట్ వివరాలు.,స్కిజోఫ్రీనియా చికిత్స విజయవాడ గురించి బాధ్యతాయుత తెలుగు సమాచారం. విజయవాడలో Krishna Neuro Psychiatric Centre వద్ద డా. పామర్తి కృష్ణ దాస్‌తో కన్సల్టేషన్ మరియు అపాయింట్‌మెంట్ వివరాలు.,స్కిజోఫ్రీనియా: ఏమి జరుగుతుందో అర్థం చేసుకుని ఆశతో ముందుకు సాగండి.,స్కిజోఫ్రీనియా: ఏమి జరుగుతుందో అర్థం చేసుకుని ఆశతో ముందుకు సాగండి.,Medical informational with consultation intent,స్కిజోఫ్రీనియా చికిత్స విజయవాడ,Indexable — included in sitemap,https://www.krishnaneuropsychiatric.com/te/conditions/schizophrenia,MedicalClinic; PostalAddress; GeoCoordinates; OpeningHoursSpecification; ContactPoint; Physician; WebSite; FAQPage; Question; Answer,10 H2 / 0 H3 — మీరు లేదా కుటుంబం గమనించవచ్చేవి | సాధారణ కారణాలు మరియు ప్రభావాలు | ప్రమాద కారకాలు | నిర్ధారణ ఎలా చేస్తారు?,"index, follow",Complete,1 images; 0 missing alt; responsive Next images detected: false,27 internal links; appointment linked,3 external links,No exact duplicate detected in initial pass,unsupported superlative or cure claim,172 KB HTML; 1 images; lazy/responsive image review applied,viewport configured; semantic H1; image alt complete,appointment:true; call:true; WhatsApp:true; directions:true; local signals:true,canonical clinic/doctor naming consistent; claim review needed,MEDIUM,200,,754,unsupported superlative or cure claim
/te/conditions/sexual-disorders,Medical informational with consultation intent page for sexual disorders,లైంగిక ఆరోగ్య సమస్యలు చికిత్స విజయవాడ,లైంగిక ఆరోగ్య సమస్యలు చికిత్స విజయవాడ,లైంగిక ఆరోగ్య సమస్యలు చికిత్స విజయవాడ గురించి బాధ్యతాయుత తెలుగు సమాచారం. విజయవాడలో Krishna Neuro Psychiatric Centre వద్ద డా. పామర్తి కృష్ణ దాస్‌తో కన్సల్టేషన్ మరియు అపాయింట్‌మెంట్ వివరాలు.,లైంగిక ఆరోగ్య సమస్యలు చికిత్స విజయవాడ గురించి బాధ్యతాయుత తెలుగు సమాచారం. విజయవాడలో Krishna Neuro Psychiatric Centre వద్ద డా. పామర్తి కృష్ణ దాస్‌తో కన్సల్టేషన్ మరియు అపాయింట్‌మెంట్ వివరాలు.,లైంగిక ఆరోగ్య సమస్యలు: ఏమి జరుగుతుందో అర్థం చేసుకుని ఆశతో ముందుకు సాగండి.,లైంగిక ఆరోగ్య సమస్యలు: ఏమి జరుగుతుందో అర్థం చేసుకుని ఆశతో ముందుకు సాగండి.,Medical informational with consultation intent,లైంగిక ఆరోగ్య సమస్యలు చికిత్స విజయవాడ,Indexable — included in sitemap,https://www.krishnaneuropsychiatric.com/te/conditions/sexual-disorders,MedicalClinic; PostalAddress; GeoCoordinates; OpeningHoursSpecification; ContactPoint; Physician; WebSite; FAQPage; Question; Answer,10 H2 / 0 H3 — మీరు లేదా కుటుంబం గమనించవచ్చేవి | సాధారణ కారణాలు మరియు ప్రభావాలు | ప్రమాద కారకాలు | నిర్ధారణ ఎలా చేస్తారు?,"index, follow",Complete,1 images; 0 missing alt; responsive Next images detected: false,27 internal links; appointment linked,3 external links,No exact duplicate detected in initial pass,unsupported superlative or cure claim,170 KB HTML; 1 images; lazy/responsive image review applied,viewport configured; semantic H1; image alt complete,appointment:true; call:true; WhatsApp:true; directions:true; local signals:true,canonical clinic/doctor naming consistent; claim review needed,MEDIUM,200,,745,unsupported superlative or cure claim
/te/conditions/sleep-disorders,Medical informational with consultation intent page for sleep disorders,నిద్ర సమస్యలు చికిత్స విజయవాడ,నిద్ర సమస్యలు చికిత్స విజయవాడ,నిద్ర సమస్యలు చికిత్స విజయవాడ గురించి బాధ్యతాయుత తెలుగు సమాచారం. విజయవాడలో Krishna Neuro Psychiatric Centre వద్ద డా. పామర్తి కృష్ణ దాస్‌తో కన్సల్టేషన్ మరియు అపాయింట్‌మెంట్ వివరాలు.,నిద్ర సమస్యలు చికిత్స విజయవాడ గురించి బాధ్యతాయుత తెలుగు సమాచారం. విజయవాడలో Krishna Neuro Psychiatric Centre వద్ద డా. పామర్తి కృష్ణ దాస్‌తో కన్సల్టేషన్ మరియు అపాయింట్‌మెంట్ వివరాలు.,నిద్ర సమస్యలు: ఏమి జరుగుతుందో అర్థం చేసుకుని ఆశతో ముందుకు సాగండి.,నిద్ర సమస్యలు: ఏమి జరుగుతుందో అర్థం చేసుకుని ఆశతో ముందుకు సాగండి.,Medical informational with consultation intent,నిద్ర సమస్యలు చికిత్స విజయవాడ,Indexable — included in sitemap,https://www.krishnaneuropsychiatric.com/te/conditions/sleep-disorders,MedicalClinic; PostalAddress; GeoCoordinates; OpeningHoursSpecification; ContactPoint; Physician; WebSite; FAQPage; Question; Answer,10 H2 / 0 H3 — మీరు లేదా కుటుంబం గమనించవచ్చేవి | సాధారణ కారణాలు మరియు ప్రభావాలు | ప్రమాద కారకాలు | నిర్ధారణ ఎలా చేస్తారు?,"index, follow",Complete,1 images; 0 missing alt; responsive Next images detected: false,27 internal links; appointment linked,3 external links,No exact duplicate detected in initial pass,unsupported superlative or cure claim,169 KB HTML; 1 images; lazy/responsive image review applied,viewport configured; semantic H1; image alt complete,appointment:true; call:true; WhatsApp:true; directions:true; local signals:true,canonical clinic/doctor naming consistent; claim review needed,MEDIUM,200,,734,unsupported superlative or cure claim
/te/conditions/smoking-addiction,Medical informational with consultation intent page for smoking addiction,పొగాకు / నికోటిన్ వ్యసనం చికిత్స విజయవాడ,పొగాకు / నికోటిన్ వ్యసనం చికిత్స విజయవాడ,పొగాకు / నికోటిన్ వ్యసనం చికిత్స విజయవాడ గురించి బాధ్యతాయుత తెలుగు సమాచారం. విజయవాడలో Krishna Neuro Psychiatric Centre వద్ద డా. పామర్తి కృష్ణ దాస్‌తో కన్సల్టేషన్ మరియు అపాయింట్‌మెంట్ వివరాలు.,పొగాకు / నికోటిన్ వ్యసనం చికిత్స విజయవాడ గురించి బాధ్యతాయుత తెలుగు సమాచారం. విజయవాడలో Krishna Neuro Psychiatric Centre వద్ద డా. పామర్తి కృష్ణ దాస్‌తో కన్సల్టేషన్ మరియు అపాయింట్‌మెంట్ వివరాలు.,పొగాకు / నికోటిన్ వ్యసనం: ఏమి జరుగుతుందో అర్థం చేసుకుని ఆశతో ముందుకు సాగండి.,పొగాకు / నికోటిన్ వ్యసనం: ఏమి జరుగుతుందో అర్థం చేసుకుని ఆశతో ముందుకు సాగండి.,Medical informational with consultation intent,పొగాకు / నికోటిన్ వ్యసనం చికిత్స విజయవాడ,Indexable — included in sitemap,https://www.krishnaneuropsychiatric.com/te/conditions/smoking-addiction,MedicalClinic; PostalAddress; GeoCoordinates; OpeningHoursSpecification; ContactPoint; Physician; WebSite; FAQPage; Question; Answer,10 H2 / 0 H3 — మీరు లేదా కుటుంబం గమనించవచ్చేవి | సాధారణ కారణాలు మరియు ప్రభావాలు | ప్రమాద కారకాలు | నిర్ధారణ ఎలా చేస్తారు?,"index, follow",Complete,1 images; 0 missing alt; responsive Next images detected: false,27 internal links; appointment linked,3 external links,No exact duplicate detected in initial pass,unsupported superlative or cure claim,170 KB HTML; 1 images; lazy/responsive image review applied,viewport configured; semantic H1; image alt complete,appointment:true; call:true; WhatsApp:true; directions:true; local signals:true,canonical clinic/doctor naming consistent; claim review needed,MEDIUM,200,,740,unsupported superlative or cure claim
/te/conditions/stress,Medical informational with consultation intent page for stress,ఒత్తిడి (స్ట్రెస్) చికిత్స విజయవాడ,ఒత్తిడి (స్ట్రెస్) చికిత్స విజయవాడ,ఒత్తిడి (స్ట్రెస్) చికిత్స విజయవాడ గురించి బాధ్యతాయుత తెలుగు సమాచారం. విజయవాడలో Krishna Neuro Psychiatric Centre వద్ద డా. పామర్తి కృష్ణ దాస్‌తో కన్సల్టేషన్ మరియు అపాయింట్‌మెంట్ వివరాలు.,ఒత్తిడి (స్ట్రెస్) చికిత్స విజయవాడ గురించి బాధ్యతాయుత తెలుగు సమాచారం. విజయవాడలో Krishna Neuro Psychiatric Centre వద్ద డా. పామర్తి కృష్ణ దాస్‌తో కన్సల్టేషన్ మరియు అపాయింట్‌మెంట్ వివరాలు.,ఒత్తిడి (స్ట్రెస్): ఏమి జరుగుతుందో అర్థం చేసుకుని ఆశతో ముందుకు సాగండి.,ఒత్తిడి (స్ట్రెస్): ఏమి జరుగుతుందో అర్థం చేసుకుని ఆశతో ముందుకు సాగండి.,Medical informational with consultation intent,ఒత్తిడి (స్ట్రెస్) చికిత్స విజయవాడ,Indexable — included in sitemap,https://www.krishnaneuropsychiatric.com/te/conditions/stress,MedicalClinic; PostalAddress; GeoCoordinates; OpeningHoursSpecification; ContactPoint; Physician; WebSite; FAQPage; Question; Answer,10 H2 / 0 H3 — మీరు లేదా కుటుంబం గమనించవచ్చేవి | సాధారణ కారణాలు మరియు ప్రభావాలు | ప్రమాద కారకాలు | నిర్ధారణ ఎలా చేస్తారు?,"index, follow",Complete,1 images; 0 missing alt; responsive Next images detected: false,27 internal links; appointment linked,3 external links,No exact duplicate detected in initial pass,unsupported superlative or cure claim,170 KB HTML; 1 images; lazy/responsive image review applied,viewport configured; semantic H1; image alt complete,appointment:true; call:true; WhatsApp:true; directions:true; local signals:true,canonical clinic/doctor naming consistent; claim review needed,MEDIUM,200,,736,unsupported superlative or cure claim
/te/conditions/suicidal-thoughts,Medical informational with consultation intent page for suicidal thoughts,ఆత్మహత్య ఆలోచనలు చికిత్స విజయవాడ,ఆత్మహత్య ఆలోచనలు చికిత్స విజయవాడ,ఆత్మహత్య ఆలోచనలు చికిత్స విజయవాడ గురించి బాధ్యతాయుత తెలుగు సమాచారం. విజయవాడలో Krishna Neuro Psychiatric Centre వద్ద డా. పామర్తి కృష్ణ దాస్‌తో కన్సల్టేషన్ మరియు అపాయింట్‌మెంట్ వివరాలు.,ఆత్మహత్య ఆలోచనలు చికిత్స విజయవాడ గురించి బాధ్యతాయుత తెలుగు సమాచారం. విజయవాడలో Krishna Neuro Psychiatric Centre వద్ద డా. పామర్తి కృష్ణ దాస్‌తో కన్సల్టేషన్ మరియు అపాయింట్‌మెంట్ వివరాలు.,ఆత్మహత్య ఆలోచనలు: ఏమి జరుగుతుందో అర్థం చేసుకుని ఆశతో ముందుకు సాగండి.,ఆత్మహత్య ఆలోచనలు: ఏమి జరుగుతుందో అర్థం చేసుకుని ఆశతో ముందుకు సాగండి.,Medical informational with consultation intent,ఆత్మహత్య ఆలోచనలు చికిత్స విజయవాడ,Indexable — included in sitemap,https://www.krishnaneuropsychiatric.com/te/conditions/suicidal-thoughts,MedicalClinic; PostalAddress; GeoCoordinates; OpeningHoursSpecification; ContactPoint; Physician; WebSite; FAQPage; Question; Answer,10 H2 / 0 H3 — మీరు లేదా కుటుంబం గమనించవచ్చేవి | సాధారణ కారణాలు మరియు ప్రభావాలు | ప్రమాద కారకాలు | నిర్ధారణ ఎలా చేస్తారు?,"index, follow",Complete,1 images; 0 missing alt; responsive Next images detected: false,27 internal links; appointment linked,3 external links,No exact duplicate detected in initial pass,unsupported superlative or cure claim,173 KB HTML; 1 images; lazy/responsive image review applied,viewport configured; semantic H1; image alt complete,appointment:true; call:true; WhatsApp:true; directions:true; local signals:true,canonical clinic/doctor naming consistent; claim review needed,MEDIUM,200,,761,unsupported superlative or cure claim
/te/conditions/womens-mental-health,Medical informational with consultation intent page for womens mental health,మహిళల మానసిక ఆరోగ్యం చికిత్స విజయవాడ,మహిళల మానసిక ఆరోగ్యం చికిత్స విజయవాడ,మహిళల మానసిక ఆరోగ్యం చికిత్స విజయవాడ గురించి బాధ్యతాయుత తెలుగు సమాచారం. విజయవాడలో Krishna Neuro Psychiatric Centre వద్ద డా. పామర్తి కృష్ణ దాస్‌తో కన్సల్టేషన్ మరియు అపాయింట్‌మెంట్ వివరాలు.,మహిళల మానసిక ఆరోగ్యం చికిత్స విజయవాడ గురించి బాధ్యతాయుత తెలుగు సమాచారం. విజయవాడలో Krishna Neuro Psychiatric Centre వద్ద డా. పామర్తి కృష్ణ దాస్‌తో కన్సల్టేషన్ మరియు అపాయింట్‌మెంట్ వివరాలు.,మహిళల మానసిక ఆరోగ్యం: ఏమి జరుగుతుందో అర్థం చేసుకుని ఆశతో ముందుకు సాగండి.,మహిళల మానసిక ఆరోగ్యం: ఏమి జరుగుతుందో అర్థం చేసుకుని ఆశతో ముందుకు సాగండి.,Medical informational with consultation intent,మహిళల మానసిక ఆరోగ్యం చికిత్స విజయవాడ,Indexable — included in sitemap,https://www.krishnaneuropsychiatric.com/te/conditions/womens-mental-health,MedicalClinic; PostalAddress; GeoCoordinates; OpeningHoursSpecification; ContactPoint; Physician; WebSite; FAQPage; Question; Answer,10 H2 / 0 H3 — మీరు లేదా కుటుంబం గమనించవచ్చేవి | సాధారణ కారణాలు మరియు ప్రభావాలు | ప్రమాద కారకాలు | నిర్ధారణ ఎలా చేస్తారు?,"index, follow",Complete,1 images; 0 missing alt; responsive Next images detected: false,27 internal links; appointment linked,3 external links,No exact duplicate detected in initial pass,unsupported superlative or cure claim,170 KB HTML; 1 images; lazy/responsive image review applied,viewport configured; semantic H1; image alt complete,appointment:true; call:true; WhatsApp:true; directions:true; local signals:true,canonical clinic/doctor naming consistent; claim review needed,MEDIUM,200,,743,unsupported superlative or cure claim
/te/contact,Local navigational / transactional page for contact,క్లినిక్ సంప్రదింపు,క్లినిక్ సంప్రదింపు,క్లినిక్ సంప్రదింపు గురించి బాధ్యతాయుత తెలుగు సమాచారం. విజయవాడలో Krishna Neuro Psychiatric Centre వద్ద డా. పామర్తి కృష్ణ దాస్‌తో కన్సల్టేషన్ మరియు అపాయింట్‌మెంట్ వివరాలు.,క్లినిక్ సంప్రదింపు గురించి బాధ్యతాయుత తెలుగు సమాచారం. విజయవాడలో Krishna Neuro Psychiatric Centre వద్ద డా. పామర్తి కృష్ణ దాస్‌తో కన్సల్టేషన్ మరియు అపాయింట్‌మెంట్ వివరాలు.,మీకు సులభమైన విధంగా క్లినిక్‌ను సంప్రదించండి.,మీకు సులభమైన విధంగా క్లినిక్‌ను సంప్రదించండి.,Local navigational / transactional,కృష్ణ న్యూరో సైకియాట్రిక్ సెంటర్ సంప్రదింపు,Indexable — included in sitemap,https://www.krishnaneuropsychiatric.com/te/contact,MedicalClinic; PostalAddress; GeoCoordinates; OpeningHoursSpecification; ContactPoint; Physician; WebSite,5 H2 / 0 H3 — వాయిస్ కాల్స్ | WhatsApp మరియు అపాయింట్‌మెంట్లు | చిరునామా | సమయాలు,"index, follow",Complete,1 images; 0 missing alt; responsive Next images detected: false,23 internal links; appointment linked,3 external links,No exact duplicate detected in initial pass,unsupported superlative or cure claim,137 KB HTML; 1 images; lazy/responsive image review applied,viewport configured; semantic H1; image alt complete,appointment:true; call:true; WhatsApp:true; directions:true; local signals:true,canonical clinic/doctor naming consistent; claim review needed,MEDIUM,200,,478,unsupported superlative or cure claim
/te/doctor/pamarthi-krishna-das,Branded navigational / local clinical page for pamarthi krishna das,డా. పామర్తి కృష్ణ దాస్ | విజయవాడ సైకియాట్రిస్ట్,డా. పామర్తి కృష్ణ దాస్ | విజయవాడ సైకియాట్రిస్ట్,డా. పామర్తి కృష్ణ దాస్ | విజయవాడ సైకియాట్రిస్ట్ గురించి బాధ్యతాయుత తెలుగు సమాచారం. విజయవాడలో Krishna Neuro Psychiatric Centre వద్ద డా. పామర్తి కృష్ణ దాస్‌తో కన్సల్టేషన్ మరియు అపాయింట్‌మెంట్ వివరాలు.,డా. పామర్తి కృష్ణ దాస్ | విజయవాడ సైకియాట్రిస్ట్ గురించి బాధ్యతాయుత తెలుగు సమాచారం. విజయవాడలో Krishna Neuro Psychiatric Centre వద్ద డా. పామర్తి కృష్ణ దాస్‌తో కన్సల్టేషన్ మరియు అపాయింట్‌మెంట్ వివరాలు.,డా. పామర్తి కృష్ణ దాస్,డా. పామర్తి కృష్ణ దాస్,Branded navigational / local clinical,డా. పామర్తి కృష్ణ దాస్,Indexable — included in sitemap,https://www.krishnaneuropsychiatric.com/te/doctor/pamarthi-krishna-das,MedicalClinic; PostalAddress; GeoCoordinates; OpeningHoursSpecification; ContactPoint; Physician; WebSite,4 H2 / 0 H3 — ముందుగా అర్థం చేసుకోవటం | ఆలోచించి మందులు | నిజ జీవితంలో కోలుకోవటం | ఒక స్పష్టమైన సంభాషణతో మొదటి అడుగు వేయండి.,"index, follow",Complete,1 images; 0 missing alt; responsive Next images detected: false,23 internal links; appointment linked,3 external links,No exact duplicate detected in initial pass,unsupported superlative or cure claim,138 KB HTML; 1 images; lazy/responsive image review applied,viewport configured; semantic H1; image alt complete,appointment:true; call:true; WhatsApp:true; directions:true; local signals:true,canonical clinic/doctor naming consistent; claim review needed,MEDIUM,200,,503,unsupported superlative or cure claim
/te/emergency,Urgent safety information page for emergency,మానసిక ఆరోగ్య అత్యవసర సహాయం,మానసిక ఆరోగ్య అత్యవసర సహాయం,మానసిక ఆరోగ్య అత్యవసర సహాయం గురించి బాధ్యతాయుత తెలుగు సమాచారం. విజయవాడలో Krishna Neuro Psychiatric Centre వద్ద డా. పామర్తి కృష్ణ దాస్‌తో కన్సల్టేషన్ మరియు అపాయింట్‌మెంట్ వివరాలు.,మానసిక ఆరోగ్య అత్యవసర సహాయం గురించి బాధ్యతాయుత తెలుగు సమాచారం. విజయవాడలో Krishna Neuro Psychiatric Centre వద్ద డా. పామర్తి కృష్ణ దాస్‌తో కన్సల్టేషన్ మరియు అపాయింట్‌మెంట్ వివరాలు.,ఎవరైనా భద్రంగా ఉండకపోతే ఇప్పుడే చర్య తీసుకోండి.,ఎవరైనా భద్రంగా ఉండకపోతే ఇప్పుడే చర్య తీసుకోండి.,Urgent safety information,మానసిక ఆరోగ్య అత్యవసర సహాయం,Indexable — included in sitemap,https://www.krishnaneuropsychiatric.com/te/emergency,MedicalClinic; PostalAddress; GeoCoordinates; OpeningHoursSpecification; ContactPoint; Physician; WebSite,3 H2 / 0 H3 — 112కు కాల్ చేయాల్సిన పరిస్థితులు | సహాయం వచ్చే వరకు | Tele-MANAS,"index, follow",Complete,1 images; 0 missing alt; responsive Next images detected: false,22 internal links; appointment linked,3 external links,No exact duplicate detected in initial pass,unsupported superlative or cure claim,131 KB HTML; 1 images; lazy/responsive image review applied,viewport configured; semantic H1; image alt complete,appointment:true; call:true; WhatsApp:true; directions:true; local signals:true,canonical clinic/doctor naming consistent; claim review needed,MEDIUM,200,,477,unsupported superlative or cure claim
/te/faq,Informational / appointment support page for faq,తరచుగా అడిగే ప్రశ్నలు,తరచుగా అడిగే ప్రశ్నలు,తరచుగా అడిగే ప్రశ్నలు గురించి బాధ్యతాయుత తెలుగు సమాచారం. విజయవాడలో Krishna Neuro Psychiatric Centre వద్ద డా. పామర్తి కృష్ణ దాస్‌తో కన్సల్టేషన్ మరియు అపాయింట్‌మెంట్ వివరాలు.,తరచుగా అడిగే ప్రశ్నలు గురించి బాధ్యతాయుత తెలుగు సమాచారం. విజయవాడలో Krishna Neuro Psychiatric Centre వద్ద డా. పామర్తి కృష్ణ దాస్‌తో కన్సల్టేషన్ మరియు అపాయింట్‌మెంట్ వివరాలు.,సైకియాట్రిక్ కన్సల్టేషన్ గురించి తరచుగా అడిగే ప్రశ్నలు,సైకియాట్రిక్ కన్సల్టేషన్ గురించి తరచుగా అడిగే ప్రశ్నలు,Informational / appointment support,తరచుగా అడిగే ప్రశ్నలు,Indexable — included in sitemap,https://www.krishnaneuropsychiatric.com/te/faq,MedicalClinic; PostalAddress; GeoCoordinates; OpeningHoursSpecification; ContactPoint; Physician; WebSite; FAQPage; Question; Answer,1 H2 / 0 H3 — ఒక స్పష్టమైన సంభాషణతో మొదటి అడుగు వేయండి.,"index, follow",Complete,1 images; 0 missing alt; responsive Next images detected: false,23 internal links; appointment linked,3 external links,No exact duplicate detected in initial pass,unsupported superlative or cure claim,162 KB HTML; 1 images; lazy/responsive image review applied,viewport configured; semantic H1; image alt complete,appointment:true; call:true; WhatsApp:true; directions:true; local signals:true,canonical clinic/doctor naming consistent; claim review needed,MEDIUM,200,,647,unsupported superlative or cure claim
/te/faqs,Legacy URL preserving existing SEO equity,Permanent redirect to /te/faq,Keep permanent redirect to /te/faq,N/A — redirect,N/A — redirect,N/A — redirect,N/A — redirect,Legacy navigation,faqs,Redirect — not indexable,/te/faq,Inherited from destination,N/A,Permanent 308,Inherited from destination,N/A,Internal links updated to destination,N/A,Consolidated by redirect,None — equity preserved,Redirect only; negligible,Destination audited,Destination audited,Destination audited,NO CHANGE,308,/te/faq,,
/te/gallery,Branded visual / trust page for gallery,క్లినిక్ గ్యాలరీ,క్లినిక్ గ్యాలరీ,క్లినిక్ గ్యాలరీ గురించి బాధ్యతాయుత తెలుగు సమాచారం. విజయవాడలో Krishna Neuro Psychiatric Centre వద్ద డా. పామర్తి కృష్ణ దాస్‌తో కన్సల్టేషన్ మరియు అపాయింట్‌మెంట్ వివరాలు.,క్లినిక్ గ్యాలరీ గురించి బాధ్యతాయుత తెలుగు సమాచారం. విజయవాడలో Krishna Neuro Psychiatric Centre వద్ద డా. పామర్తి కృష్ణ దాస్‌తో కన్సల్టేషన్ మరియు అపాయింట్‌మెంట్ వివరాలు.,"గ్యాలరీ: అవగాహన, విద్య మరియు సమాజ సంరక్షణ.","గ్యాలరీ: అవగాహన, విద్య మరియు సమాజ సంరక్షణ.",Branded visual / trust,క్లినిక్ గ్యాలరీ,Indexable — included in sitemap,https://www.krishnaneuropsychiatric.com/te/gallery,MedicalClinic; PostalAddress; GeoCoordinates; OpeningHoursSpecification; ContactPoint; Physician; WebSite,1 H2 / 1 H3 — అసలు Facebook సోర్స్‌లు,"index, follow",Complete,32 images; 0 missing alt; responsive Next images detected: false,22 internal links; appointment linked,33 external links,No exact duplicate detected in initial pass,unsupported superlative or cure claim,231 KB HTML; 32 images; lazy/responsive image review applied,viewport configured; semantic H1; image alt complete,appointment:true; call:true; WhatsApp:true; directions:true; local signals:true,canonical clinic/doctor naming consistent; claim review needed,MEDIUM,200,,672,unsupported superlative or cure claim
/te/locations,Local access / directions page for locations,విజయవాడ సమీప ప్రాంతాల కోసం సైకియాట్రిస్ట్,విజయవాడ సమీప ప్రాంతాల కోసం సైకియాట్రిస్ట్,విజయవాడ సమీప ప్రాంతాల కోసం సైకియాట్రిస్ట్ గురించి బాధ్యతాయుత తెలుగు సమాచారం. విజయవాడలో Krishna Neuro Psychiatric Centre వద్ద డా. పామర్తి కృష్ణ దాస్‌తో కన్సల్టేషన్ మరియు అపాయింట్‌మెంట్ వివరాలు.,విజయవాడ సమీప ప్రాంతాల కోసం సైకియాట్రిస్ట్ గురించి బాధ్యతాయుత తెలుగు సమాచారం. విజయవాడలో Krishna Neuro Psychiatric Centre వద్ద డా. పామర్తి కృష్ణ దాస్‌తో కన్సల్టేషన్ మరియు అపాయింట్‌మెంట్ వివరాలు.,విజయవాడ మరియు సమీప ప్రాంతాల కోసం సైకియాట్రిక్ సంరక్షణ.,విజయవాడ మరియు సమీప ప్రాంతాల కోసం సైకియాట్రిక్ సంరక్షణ.,Local access / directions,విజయవాడ సమీప ప్రాంతాల కోసం సైకియాట్రిస్ట్,Noindex,https://www.krishnaneuropsychiatric.com/te/locations,MedicalClinic; PostalAddress; GeoCoordinates; OpeningHoursSpecification; ContactPoint; Physician; WebSite,13 H2 / 0 H3 — బెంజ్ సర్కిల్ సమీపంలో సైకియాట్రిస్ట్ | పటమట సమీపంలో సైకియాట్రిస్ట్ | పోరంకి సమీపంలో సైకియాట్రిస్ట్ | కానూరు సమీపంలో సైకియాట్రిస్ట్,"noindex, follow",Complete,1 images; 0 missing alt; responsive Next images detected: false,35 internal links; appointment linked,3 external links,No exact duplicate detected in initial pass,unsupported superlative or cure claim,153 KB HTML; 1 images; lazy/responsive image review applied,viewport configured; semantic H1; image alt complete,appointment:true; call:true; WhatsApp:true; directions:true; local signals:true,canonical clinic/doctor naming consistent; claim review needed,HIGH,200,,575,"unsupported superlative or cure claim; duplicate title with /te/locations/psychiatrist-in-suryaraopet, /te/locations/psychiatrist-near-gannavaram, /te/locations/psychiatrist-near-gollapudi, /te/locations/psychiatrist-near-gunadala, /te/locations/psychiatrist-near-mangalagiri, /te/locations/psychiatrist-near-benz-circle, /te/locations/psychiatrist-near-ibrahimpatnam, /te/locations/psychiatrist-near-kanuru, /te/locations/psychiatrist-near-auto-nagar, /te/locations/psychiatrist-near-patamata, /te/locations/psychiatrist-near-penamaluru, /te/locations/psychiatrist-near-poranki; duplicate description with /te/locations/psychiatrist-in-suryaraopet, /te/locations/psychiatrist-near-gannavaram, /te/locations/psychiatrist-near-gollapudi, /te/locations/psychiatrist-near-gunadala, /te/locations/psychiatrist-near-mangalagiri, /te/locations/psychiatrist-near-benz-circle, /te/locations/psychiatrist-near-ibrahimpatnam, /te/locations/psychiatrist-near-kanuru, /te/locations/psychiatrist-near-auto-nagar, /te/locations/psychiatrist-near-patamata, /te/locations/psychiatrist-near-penamaluru, /te/locations/psychiatrist-near-poranki"
/te/locations/psychiatrist-in-suryaraopet,Local access / directions page for psychiatrist in suryaraopet,విజయవాడ సమీప ప్రాంతాల కోసం సైకియాట్రిస్ట్,విజయవాడ సమీప ప్రాంతాల కోసం సైకియాట్రిస్ట్,విజయవాడ సమీప ప్రాంతాల కోసం సైకియాట్రిస్ట్ గురించి బాధ్యతాయుత తెలుగు సమాచారం. విజయవాడలో Krishna Neuro Psychiatric Centre వద్ద డా. పామర్తి కృష్ణ దాస్‌తో కన్సల్టేషన్ మరియు అపాయింట్‌మెంట్ వివరాలు.,విజయవాడ సమీప ప్రాంతాల కోసం సైకియాట్రిస్ట్ గురించి బాధ్యతాయుత తెలుగు సమాచారం. విజయవాడలో Krishna Neuro Psychiatric Centre వద్ద డా. పామర్తి కృష్ణ దాస్‌తో కన్సల్టేషన్ మరియు అపాయింట్‌మెంట్ వివరాలు.,సూర్యారావుపేట సమీపంలో సైకియాట్రిస్ట్,సూర్యారావుపేట సమీపంలో సైకియాట్రిస్ట్,Local access / directions,విజయవాడ సమీప ప్రాంతాల కోసం సైకియాట్రిస్ట్,Noindex,https://www.krishnaneuropsychiatric.com/te/locations/psychiatrist-in-suryaraopet,MedicalClinic; PostalAddress; GeoCoordinates; OpeningHoursSpecification; ContactPoint; Physician; WebSite,2 H2 / 0 H3 — సమయం నిర్ధారించి బయలుదేరండి. | సూర్యారావుపేట నుంచి అపాయింట్‌మెంట్‌ను ఒక కాల్‌తో ప్లాన్ చేయండి.,"noindex, follow",Complete,1 images; 0 missing alt; responsive Next images detected: false,23 internal links; appointment linked,3 external links,No exact duplicate detected in initial pass,unsupported superlative or cure claim,138 KB HTML; 1 images; lazy/responsive image review applied,viewport configured; semantic H1; image alt complete,appointment:true; call:true; WhatsApp:true; directions:true; local signals:true,canonical clinic/doctor naming consistent; claim review needed,HIGH,200,,493,"unsupported superlative or cure claim; duplicate title with /te/locations, /te/locations/psychiatrist-near-gannavaram, /te/locations/psychiatrist-near-gollapudi, /te/locations/psychiatrist-near-gunadala, /te/locations/psychiatrist-near-mangalagiri, /te/locations/psychiatrist-near-benz-circle, /te/locations/psychiatrist-near-ibrahimpatnam, /te/locations/psychiatrist-near-kanuru, /te/locations/psychiatrist-near-auto-nagar, /te/locations/psychiatrist-near-patamata, /te/locations/psychiatrist-near-penamaluru, /te/locations/psychiatrist-near-poranki; duplicate description with /te/locations, /te/locations/psychiatrist-near-gannavaram, /te/locations/psychiatrist-near-gollapudi, /te/locations/psychiatrist-near-gunadala, /te/locations/psychiatrist-near-mangalagiri, /te/locations/psychiatrist-near-benz-circle, /te/locations/psychiatrist-near-ibrahimpatnam, /te/locations/psychiatrist-near-kanuru, /te/locations/psychiatrist-near-auto-nagar, /te/locations/psychiatrist-near-patamata, /te/locations/psychiatrist-near-penamaluru, /te/locations/psychiatrist-near-poranki"
/te/locations/psychiatrist-near-auto-nagar,Local access / directions page for psychiatrist near auto nagar,విజయవాడ సమీప ప్రాంతాల కోసం సైకియాట్రిస్ట్,విజయవాడ సమీప ప్రాంతాల కోసం సైకియాట్రిస్ట్,విజయవాడ సమీప ప్రాంతాల కోసం సైకియాట్రిస్ట్ గురించి బాధ్యతాయుత తెలుగు సమాచారం. విజయవాడలో Krishna Neuro Psychiatric Centre వద్ద డా. పామర్తి కృష్ణ దాస్‌తో కన్సల్టేషన్ మరియు అపాయింట్‌మెంట్ వివరాలు.,విజయవాడ సమీప ప్రాంతాల కోసం సైకియాట్రిస్ట్ గురించి బాధ్యతాయుత తెలుగు సమాచారం. విజయవాడలో Krishna Neuro Psychiatric Centre వద్ద డా. పామర్తి కృష్ణ దాస్‌తో కన్సల్టేషన్ మరియు అపాయింట్‌మెంట్ వివరాలు.,ఆటో నగర్ సమీపంలో సైకియాట్రిస్ట్,ఆటో నగర్ సమీపంలో సైకియాట్రిస్ట్,Local access / directions,విజయవాడ సమీప ప్రాంతాల కోసం సైకియాట్రిస్ట్,Noindex,https://www.krishnaneuropsychiatric.com/te/locations/psychiatrist-near-auto-nagar,MedicalClinic; PostalAddress; GeoCoordinates; OpeningHoursSpecification; ContactPoint; Physician; WebSite,2 H2 / 0 H3 — సమయం నిర్ధారించి బయలుదేరండి. | ఆటో నగర్ నుంచి అపాయింట్‌మెంట్‌ను ఒక కాల్‌తో ప్లాన్ చేయండి.,"noindex, follow",Complete,1 images; 0 missing alt; responsive Next images detected: false,23 internal links; appointment linked,3 external links,No exact duplicate detected in initial pass,unsupported superlative or cure claim,137 KB HTML; 1 images; lazy/responsive image review applied,viewport configured; semantic H1; image alt complete,appointment:true; call:true; WhatsApp:true; directions:true; local signals:true,canonical clinic/doctor naming consistent; claim review needed,HIGH,200,,498,"unsupported superlative or cure claim; duplicate title with /te/locations/psychiatrist-in-suryaraopet, /te/locations, /te/locations/psychiatrist-near-gannavaram, /te/locations/psychiatrist-near-gollapudi, /te/locations/psychiatrist-near-gunadala, /te/locations/psychiatrist-near-mangalagiri, /te/locations/psychiatrist-near-benz-circle, /te/locations/psychiatrist-near-ibrahimpatnam, /te/locations/psychiatrist-near-kanuru, /te/locations/psychiatrist-near-patamata, /te/locations/psychiatrist-near-penamaluru, /te/locations/psychiatrist-near-poranki; duplicate description with /te/locations/psychiatrist-in-suryaraopet, /te/locations, /te/locations/psychiatrist-near-gannavaram, /te/locations/psychiatrist-near-gollapudi, /te/locations/psychiatrist-near-gunadala, /te/locations/psychiatrist-near-mangalagiri, /te/locations/psychiatrist-near-benz-circle, /te/locations/psychiatrist-near-ibrahimpatnam, /te/locations/psychiatrist-near-kanuru, /te/locations/psychiatrist-near-patamata, /te/locations/psychiatrist-near-penamaluru, /te/locations/psychiatrist-near-poranki"
/te/locations/psychiatrist-near-benz-circle,Local access / directions page for psychiatrist near benz circle,విజయవాడ సమీప ప్రాంతాల కోసం సైకియాట్రిస్ట్,విజయవాడ సమీప ప్రాంతాల కోసం సైకియాట్రిస్ట్,విజయవాడ సమీప ప్రాంతాల కోసం సైకియాట్రిస్ట్ గురించి బాధ్యతాయుత తెలుగు సమాచారం. విజయవాడలో Krishna Neuro Psychiatric Centre వద్ద డా. పామర్తి కృష్ణ దాస్‌తో కన్సల్టేషన్ మరియు అపాయింట్‌మెంట్ వివరాలు.,విజయవాడ సమీప ప్రాంతాల కోసం సైకియాట్రిస్ట్ గురించి బాధ్యతాయుత తెలుగు సమాచారం. విజయవాడలో Krishna Neuro Psychiatric Centre వద్ద డా. పామర్తి కృష్ణ దాస్‌తో కన్సల్టేషన్ మరియు అపాయింట్‌మెంట్ వివరాలు.,బెంజ్ సర్కిల్ సమీపంలో సైకియాట్రిస్ట్,బెంజ్ సర్కిల్ సమీపంలో సైకియాట్రిస్ట్,Local access / directions,విజయవాడ సమీప ప్రాంతాల కోసం సైకియాట్రిస్ట్,Noindex,https://www.krishnaneuropsychiatric.com/te/locations/psychiatrist-near-benz-circle,MedicalClinic; PostalAddress; GeoCoordinates; OpeningHoursSpecification; ContactPoint; Physician; WebSite,2 H2 / 0 H3 — సమయం నిర్ధారించి బయలుదేరండి. | బెంజ్ సర్కిల్ నుంచి అపాయింట్‌మెంట్‌ను ఒక కాల్‌తో ప్లాన్ చేయండి.,"noindex, follow",Complete,1 images; 0 missing alt; responsive Next images detected: false,23 internal links; appointment linked,3 external links,No exact duplicate detected in initial pass,unsupported superlative or cure claim,138 KB HTML; 1 images; lazy/responsive image review applied,viewport configured; semantic H1; image alt complete,appointment:true; call:true; WhatsApp:true; directions:true; local signals:true,canonical clinic/doctor naming consistent; claim review needed,HIGH,200,,498,"unsupported superlative or cure claim; duplicate title with /te/locations/psychiatrist-in-suryaraopet, /te/locations, /te/locations/psychiatrist-near-gannavaram, /te/locations/psychiatrist-near-gollapudi, /te/locations/psychiatrist-near-gunadala, /te/locations/psychiatrist-near-mangalagiri, /te/locations/psychiatrist-near-ibrahimpatnam, /te/locations/psychiatrist-near-kanuru, /te/locations/psychiatrist-near-auto-nagar, /te/locations/psychiatrist-near-patamata, /te/locations/psychiatrist-near-penamaluru, /te/locations/psychiatrist-near-poranki; duplicate description with /te/locations/psychiatrist-in-suryaraopet, /te/locations, /te/locations/psychiatrist-near-gannavaram, /te/locations/psychiatrist-near-gollapudi, /te/locations/psychiatrist-near-gunadala, /te/locations/psychiatrist-near-mangalagiri, /te/locations/psychiatrist-near-ibrahimpatnam, /te/locations/psychiatrist-near-kanuru, /te/locations/psychiatrist-near-auto-nagar, /te/locations/psychiatrist-near-patamata, /te/locations/psychiatrist-near-penamaluru, /te/locations/psychiatrist-near-poranki"
/te/locations/psychiatrist-near-gannavaram,Local access / directions page for psychiatrist near gannavaram,విజయవాడ సమీప ప్రాంతాల కోసం సైకియాట్రిస్ట్,విజయవాడ సమీప ప్రాంతాల కోసం సైకియాట్రిస్ట్,విజయవాడ సమీప ప్రాంతాల కోసం సైకియాట్రిస్ట్ గురించి బాధ్యతాయుత తెలుగు సమాచారం. విజయవాడలో Krishna Neuro Psychiatric Centre వద్ద డా. పామర్తి కృష్ణ దాస్‌తో కన్సల్టేషన్ మరియు అపాయింట్‌మెంట్ వివరాలు.,విజయవాడ సమీప ప్రాంతాల కోసం సైకియాట్రిస్ట్ గురించి బాధ్యతాయుత తెలుగు సమాచారం. విజయవాడలో Krishna Neuro Psychiatric Centre వద్ద డా. పామర్తి కృష్ణ దాస్‌తో కన్సల్టేషన్ మరియు అపాయింట్‌మెంట్ వివరాలు.,గన్నవరం సమీపంలో సైకియాట్రిస్ట్,గన్నవరం సమీపంలో సైకియాట్రిస్ట్,Local access / directions,విజయవాడ సమీప ప్రాంతాల కోసం సైకియాట్రిస్ట్,Noindex,https://www.krishnaneuropsychiatric.com/te/locations/psychiatrist-near-gannavaram,MedicalClinic; PostalAddress; GeoCoordinates; OpeningHoursSpecification; ContactPoint; Physician; WebSite,2 H2 / 0 H3 — సమయం నిర్ధారించి బయలుదేరండి. | గన్నవరం నుంచి అపాయింట్‌మెంట్‌ను ఒక కాల్‌తో ప్లాన్ చేయండి.,"noindex, follow",Complete,1 images; 0 missing alt; responsive Next images detected: false,23 internal links; appointment linked,3 external links,No exact duplicate detected in initial pass,unsupported superlative or cure claim,137 KB HTML; 1 images; lazy/responsive image review applied,viewport configured; semantic H1; image alt complete,appointment:true; call:true; WhatsApp:true; directions:true; local signals:true,canonical clinic/doctor naming consistent; claim review needed,HIGH,200,,493,"unsupported superlative or cure claim; duplicate title with /te/locations/psychiatrist-in-suryaraopet, /te/locations, /te/locations/psychiatrist-near-gollapudi, /te/locations/psychiatrist-near-gunadala, /te/locations/psychiatrist-near-mangalagiri, /te/locations/psychiatrist-near-benz-circle, /te/locations/psychiatrist-near-ibrahimpatnam, /te/locations/psychiatrist-near-kanuru, /te/locations/psychiatrist-near-auto-nagar, /te/locations/psychiatrist-near-patamata, /te/locations/psychiatrist-near-penamaluru, /te/locations/psychiatrist-near-poranki; duplicate description with /te/locations/psychiatrist-in-suryaraopet, /te/locations, /te/locations/psychiatrist-near-gollapudi, /te/locations/psychiatrist-near-gunadala, /te/locations/psychiatrist-near-mangalagiri, /te/locations/psychiatrist-near-benz-circle, /te/locations/psychiatrist-near-ibrahimpatnam, /te/locations/psychiatrist-near-kanuru, /te/locations/psychiatrist-near-auto-nagar, /te/locations/psychiatrist-near-patamata, /te/locations/psychiatrist-near-penamaluru, /te/locations/psychiatrist-near-poranki"
/te/locations/psychiatrist-near-gollapudi,Local access / directions page for psychiatrist near gollapudi,విజయవాడ సమీప ప్రాంతాల కోసం సైకియాట్రిస్ట్,విజయవాడ సమీప ప్రాంతాల కోసం సైకియాట్రిస్ట్,విజయవాడ సమీప ప్రాంతాల కోసం సైకియాట్రిస్ట్ గురించి బాధ్యతాయుత తెలుగు సమాచారం. విజయవాడలో Krishna Neuro Psychiatric Centre వద్ద డా. పామర్తి కృష్ణ దాస్‌తో కన్సల్టేషన్ మరియు అపాయింట్‌మెంట్ వివరాలు.,విజయవాడ సమీప ప్రాంతాల కోసం సైకియాట్రిస్ట్ గురించి బాధ్యతాయుత తెలుగు సమాచారం. విజయవాడలో Krishna Neuro Psychiatric Centre వద్ద డా. పామర్తి కృష్ణ దాస్‌తో కన్సల్టేషన్ మరియు అపాయింట్‌మెంట్ వివరాలు.,గొల్లపూడి సమీపంలో సైకియాట్రిస్ట్,గొల్లపూడి సమీపంలో సైకియాట్రిస్ట్,Local access / directions,విజయవాడ సమీప ప్రాంతాల కోసం సైకియాట్రిస్ట్,Noindex,https://www.krishnaneuropsychiatric.com/te/locations/psychiatrist-near-gollapudi,MedicalClinic; PostalAddress; GeoCoordinates; OpeningHoursSpecification; ContactPoint; Physician; WebSite,2 H2 / 0 H3 — సమయం నిర్ధారించి బయలుదేరండి. | గొల్లపూడి నుంచి అపాయింట్‌మెంట్‌ను ఒక కాల్‌తో ప్లాన్ చేయండి.,"noindex, follow",Complete,1 images; 0 missing alt; responsive Next images detected: false,23 internal links; appointment linked,3 external links,No exact duplicate detected in initial pass,unsupported superlative or cure claim,137 KB HTML; 1 images; lazy/responsive image review applied,viewport configured; semantic H1; image alt complete,appointment:true; call:true; WhatsApp:true; directions:true; local signals:true,canonical clinic/doctor naming consistent; claim review needed,HIGH,200,,493,"unsupported superlative or cure claim; duplicate title with /te/locations/psychiatrist-in-suryaraopet, /te/locations, /te/locations/psychiatrist-near-gannavaram, /te/locations/psychiatrist-near-gunadala, /te/locations/psychiatrist-near-mangalagiri, /te/locations/psychiatrist-near-benz-circle, /te/locations/psychiatrist-near-ibrahimpatnam, /te/locations/psychiatrist-near-kanuru, /te/locations/psychiatrist-near-auto-nagar, /te/locations/psychiatrist-near-patamata, /te/locations/psychiatrist-near-penamaluru, /te/locations/psychiatrist-near-poranki; duplicate description with /te/locations/psychiatrist-in-suryaraopet, /te/locations, /te/locations/psychiatrist-near-gannavaram, /te/locations/psychiatrist-near-gunadala, /te/locations/psychiatrist-near-mangalagiri, /te/locations/psychiatrist-near-benz-circle, /te/locations/psychiatrist-near-ibrahimpatnam, /te/locations/psychiatrist-near-kanuru, /te/locations/psychiatrist-near-auto-nagar, /te/locations/psychiatrist-near-patamata, /te/locations/psychiatrist-near-penamaluru, /te/locations/psychiatrist-near-poranki"
/te/locations/psychiatrist-near-gunadala,Local access / directions page for psychiatrist near gunadala,విజయవాడ సమీప ప్రాంతాల కోసం సైకియాట్రిస్ట్,విజయవాడ సమీప ప్రాంతాల కోసం సైకియాట్రిస్ట్,విజయవాడ సమీప ప్రాంతాల కోసం సైకియాట్రిస్ట్ గురించి బాధ్యతాయుత తెలుగు సమాచారం. విజయవాడలో Krishna Neuro Psychiatric Centre వద్ద డా. పామర్తి కృష్ణ దాస్‌తో కన్సల్టేషన్ మరియు అపాయింట్‌మెంట్ వివరాలు.,విజయవాడ సమీప ప్రాంతాల కోసం సైకియాట్రిస్ట్ గురించి బాధ్యతాయుత తెలుగు సమాచారం. విజయవాడలో Krishna Neuro Psychiatric Centre వద్ద డా. పామర్తి కృష్ణ దాస్‌తో కన్సల్టేషన్ మరియు అపాయింట్‌మెంట్ వివరాలు.,గుణదల సమీపంలో సైకియాట్రిస్ట్,గుణదల సమీపంలో సైకియాట్రిస్ట్,Local access / directions,విజయవాడ సమీప ప్రాంతాల కోసం సైకియాట్రిస్ట్,Noindex,https://www.krishnaneuropsychiatric.com/te/locations/psychiatrist-near-gunadala,MedicalClinic; PostalAddress; GeoCoordinates; OpeningHoursSpecification; ContactPoint; Physician; WebSite,2 H2 / 0 H3 — సమయం నిర్ధారించి బయలుదేరండి. | గుణదల నుంచి అపాయింట్‌మెంట్‌ను ఒక కాల్‌తో ప్లాన్ చేయండి.,"noindex, follow",Complete,1 images; 0 missing alt; responsive Next images detected: false,23 internal links; appointment linked,3 external links,No exact duplicate detected in initial pass,unsupported superlative or cure claim,137 KB HTML; 1 images; lazy/responsive image review applied,viewport configured; semantic H1; image alt complete,appointment:true; call:true; WhatsApp:true; directions:true; local signals:true,canonical clinic/doctor naming consistent; claim review needed,HIGH,200,,493,"unsupported superlative or cure claim; duplicate title with /te/locations/psychiatrist-in-suryaraopet, /te/locations, /te/locations/psychiatrist-near-gannavaram, /te/locations/psychiatrist-near-gollapudi, /te/locations/psychiatrist-near-mangalagiri, /te/locations/psychiatrist-near-benz-circle, /te/locations/psychiatrist-near-ibrahimpatnam, /te/locations/psychiatrist-near-kanuru, /te/locations/psychiatrist-near-auto-nagar, /te/locations/psychiatrist-near-patamata, /te/locations/psychiatrist-near-penamaluru, /te/locations/psychiatrist-near-poranki; duplicate description with /te/locations/psychiatrist-in-suryaraopet, /te/locations, /te/locations/psychiatrist-near-gannavaram, /te/locations/psychiatrist-near-gollapudi, /te/locations/psychiatrist-near-mangalagiri, /te/locations/psychiatrist-near-benz-circle, /te/locations/psychiatrist-near-ibrahimpatnam, /te/locations/psychiatrist-near-kanuru, /te/locations/psychiatrist-near-auto-nagar, /te/locations/psychiatrist-near-patamata, /te/locations/psychiatrist-near-penamaluru, /te/locations/psychiatrist-near-poranki"
/te/locations/psychiatrist-near-ibrahimpatnam,Local access / directions page for psychiatrist near ibrahimpatnam,విజయవాడ సమీప ప్రాంతాల కోసం సైకియాట్రిస్ట్,విజయవాడ సమీప ప్రాంతాల కోసం సైకియాట్రిస్ట్,విజయవాడ సమీప ప్రాంతాల కోసం సైకియాట్రిస్ట్ గురించి బాధ్యతాయుత తెలుగు సమాచారం. విజయవాడలో Krishna Neuro Psychiatric Centre వద్ద డా. పామర్తి కృష్ణ దాస్‌తో కన్సల్టేషన్ మరియు అపాయింట్‌మెంట్ వివరాలు.,విజయవాడ సమీప ప్రాంతాల కోసం సైకియాట్రిస్ట్ గురించి బాధ్యతాయుత తెలుగు సమాచారం. విజయవాడలో Krishna Neuro Psychiatric Centre వద్ద డా. పామర్తి కృష్ణ దాస్‌తో కన్సల్టేషన్ మరియు అపాయింట్‌మెంట్ వివరాలు.,ఇబ్రహీంపట్నం సమీపంలో సైకియాట్రిస్ట్,ఇబ్రహీంపట్నం సమీపంలో సైకియాట్రిస్ట్,Local access / directions,విజయవాడ సమీప ప్రాంతాల కోసం సైకియాట్రిస్ట్,Noindex,https://www.krishnaneuropsychiatric.com/te/locations/psychiatrist-near-ibrahimpatnam,MedicalClinic; PostalAddress; GeoCoordinates; OpeningHoursSpecification; ContactPoint; Physician; WebSite,2 H2 / 0 H3 — సమయం నిర్ధారించి బయలుదేరండి. | ఇబ్రహీంపట్నం నుంచి అపాయింట్‌మెంట్‌ను ఒక కాల్‌తో ప్లాన్ చేయండి.,"noindex, follow",Complete,1 images; 0 missing alt; responsive Next images detected: false,23 internal links; appointment linked,3 external links,No exact duplicate detected in initial pass,unsupported superlative or cure claim,138 KB HTML; 1 images; lazy/responsive image review applied,viewport configured; semantic H1; image alt complete,appointment:true; call:true; WhatsApp:true; directions:true; local signals:true,canonical clinic/doctor naming consistent; claim review needed,HIGH,200,,493,"unsupported superlative or cure claim; duplicate title with /te/locations/psychiatrist-in-suryaraopet, /te/locations, /te/locations/psychiatrist-near-gannavaram, /te/locations/psychiatrist-near-gollapudi, /te/locations/psychiatrist-near-gunadala, /te/locations/psychiatrist-near-mangalagiri, /te/locations/psychiatrist-near-benz-circle, /te/locations/psychiatrist-near-kanuru, /te/locations/psychiatrist-near-auto-nagar, /te/locations/psychiatrist-near-patamata, /te/locations/psychiatrist-near-penamaluru, /te/locations/psychiatrist-near-poranki; duplicate description with /te/locations/psychiatrist-in-suryaraopet, /te/locations, /te/locations/psychiatrist-near-gannavaram, /te/locations/psychiatrist-near-gollapudi, /te/locations/psychiatrist-near-gunadala, /te/locations/psychiatrist-near-mangalagiri, /te/locations/psychiatrist-near-benz-circle, /te/locations/psychiatrist-near-kanuru, /te/locations/psychiatrist-near-auto-nagar, /te/locations/psychiatrist-near-patamata, /te/locations/psychiatrist-near-penamaluru, /te/locations/psychiatrist-near-poranki"
/te/locations/psychiatrist-near-kanuru,Local access / directions page for psychiatrist near kanuru,విజయవాడ సమీప ప్రాంతాల కోసం సైకియాట్రిస్ట్,విజయవాడ సమీప ప్రాంతాల కోసం సైకియాట్రిస్ట్,విజయవాడ సమీప ప్రాంతాల కోసం సైకియాట్రిస్ట్ గురించి బాధ్యతాయుత తెలుగు సమాచారం. విజయవాడలో Krishna Neuro Psychiatric Centre వద్ద డా. పామర్తి కృష్ణ దాస్‌తో కన్సల్టేషన్ మరియు అపాయింట్‌మెంట్ వివరాలు.,విజయవాడ సమీప ప్రాంతాల కోసం సైకియాట్రిస్ట్ గురించి బాధ్యతాయుత తెలుగు సమాచారం. విజయవాడలో Krishna Neuro Psychiatric Centre వద్ద డా. పామర్తి కృష్ణ దాస్‌తో కన్సల్టేషన్ మరియు అపాయింట్‌మెంట్ వివరాలు.,కానూరు సమీపంలో సైకియాట్రిస్ట్,కానూరు సమీపంలో సైకియాట్రిస్ట్,Local access / directions,విజయవాడ సమీప ప్రాంతాల కోసం సైకియాట్రిస్ట్,Noindex,https://www.krishnaneuropsychiatric.com/te/locations/psychiatrist-near-kanuru,MedicalClinic; PostalAddress; GeoCoordinates; OpeningHoursSpecification; ContactPoint; Physician; WebSite,2 H2 / 0 H3 — సమయం నిర్ధారించి బయలుదేరండి. | కానూరు నుంచి అపాయింట్‌మెంట్‌ను ఒక కాల్‌తో ప్లాన్ చేయండి.,"noindex, follow",Complete,1 images; 0 missing alt; responsive Next images detected: false,23 internal links; appointment linked,3 external links,No exact duplicate detected in initial pass,unsupported superlative or cure claim,137 KB HTML; 1 images; lazy/responsive image review applied,viewport configured; semantic H1; image alt complete,appointment:true; call:true; WhatsApp:true; directions:true; local signals:true,canonical clinic/doctor naming consistent; claim review needed,HIGH,200,,493,"unsupported superlative or cure claim; duplicate title with /te/locations/psychiatrist-in-suryaraopet, /te/locations, /te/locations/psychiatrist-near-gannavaram, /te/locations/psychiatrist-near-gollapudi, /te/locations/psychiatrist-near-gunadala, /te/locations/psychiatrist-near-mangalagiri, /te/locations/psychiatrist-near-benz-circle, /te/locations/psychiatrist-near-ibrahimpatnam, /te/locations/psychiatrist-near-auto-nagar, /te/locations/psychiatrist-near-patamata, /te/locations/psychiatrist-near-penamaluru, /te/locations/psychiatrist-near-poranki; duplicate description with /te/locations/psychiatrist-in-suryaraopet, /te/locations, /te/locations/psychiatrist-near-gannavaram, /te/locations/psychiatrist-near-gollapudi, /te/locations/psychiatrist-near-gunadala, /te/locations/psychiatrist-near-mangalagiri, /te/locations/psychiatrist-near-benz-circle, /te/locations/psychiatrist-near-ibrahimpatnam, /te/locations/psychiatrist-near-auto-nagar, /te/locations/psychiatrist-near-patamata, /te/locations/psychiatrist-near-penamaluru, /te/locations/psychiatrist-near-poranki"
/te/locations/psychiatrist-near-mangalagiri,Local access / directions page for psychiatrist near mangalagiri,విజయవాడ సమీప ప్రాంతాల కోసం సైకియాట్రిస్ట్,విజయవాడ సమీప ప్రాంతాల కోసం సైకియాట్రిస్ట్,విజయవాడ సమీప ప్రాంతాల కోసం సైకియాట్రిస్ట్ గురించి బాధ్యతాయుత తెలుగు సమాచారం. విజయవాడలో Krishna Neuro Psychiatric Centre వద్ద డా. పామర్తి కృష్ణ దాస్‌తో కన్సల్టేషన్ మరియు అపాయింట్‌మెంట్ వివరాలు.,విజయవాడ సమీప ప్రాంతాల కోసం సైకియాట్రిస్ట్ గురించి బాధ్యతాయుత తెలుగు సమాచారం. విజయవాడలో Krishna Neuro Psychiatric Centre వద్ద డా. పామర్తి కృష్ణ దాస్‌తో కన్సల్టేషన్ మరియు అపాయింట్‌మెంట్ వివరాలు.,మంగళగిరి సమీపంలో సైకియాట్రిస్ట్,మంగళగిరి సమీపంలో సైకియాట్రిస్ట్,Local access / directions,విజయవాడ సమీప ప్రాంతాల కోసం సైకియాట్రిస్ట్,Noindex,https://www.krishnaneuropsychiatric.com/te/locations/psychiatrist-near-mangalagiri,MedicalClinic; PostalAddress; GeoCoordinates; OpeningHoursSpecification; ContactPoint; Physician; WebSite,2 H2 / 0 H3 — సమయం నిర్ధారించి బయలుదేరండి. | మంగళగిరి నుంచి అపాయింట్‌మెంట్‌ను ఒక కాల్‌తో ప్లాన్ చేయండి.,"noindex, follow",Complete,1 images; 0 missing alt; responsive Next images detected: false,23 internal links; appointment linked,3 external links,No exact duplicate detected in initial pass,unsupported superlative or cure claim,137 KB HTML; 1 images; lazy/responsive image review applied,viewport configured; semantic H1; image alt complete,appointment:true; call:true; WhatsApp:true; directions:true; local signals:true,canonical clinic/doctor naming consistent; claim review needed,HIGH,200,,493,"unsupported superlative or cure claim; duplicate title with /te/locations/psychiatrist-in-suryaraopet, /te/locations, /te/locations/psychiatrist-near-gannavaram, /te/locations/psychiatrist-near-gollapudi, /te/locations/psychiatrist-near-gunadala, /te/locations/psychiatrist-near-benz-circle, /te/locations/psychiatrist-near-ibrahimpatnam, /te/locations/psychiatrist-near-kanuru, /te/locations/psychiatrist-near-auto-nagar, /te/locations/psychiatrist-near-patamata, /te/locations/psychiatrist-near-penamaluru, /te/locations/psychiatrist-near-poranki; duplicate description with /te/locations/psychiatrist-in-suryaraopet, /te/locations, /te/locations/psychiatrist-near-gannavaram, /te/locations/psychiatrist-near-gollapudi, /te/locations/psychiatrist-near-gunadala, /te/locations/psychiatrist-near-benz-circle, /te/locations/psychiatrist-near-ibrahimpatnam, /te/locations/psychiatrist-near-kanuru, /te/locations/psychiatrist-near-auto-nagar, /te/locations/psychiatrist-near-patamata, /te/locations/psychiatrist-near-penamaluru, /te/locations/psychiatrist-near-poranki"
/te/locations/psychiatrist-near-patamata,Local access / directions page for psychiatrist near patamata,విజయవాడ సమీప ప్రాంతాల కోసం సైకియాట్రిస్ట్,విజయవాడ సమీప ప్రాంతాల కోసం సైకియాట్రిస్ట్,విజయవాడ సమీప ప్రాంతాల కోసం సైకియాట్రిస్ట్ గురించి బాధ్యతాయుత తెలుగు సమాచారం. విజయవాడలో Krishna Neuro Psychiatric Centre వద్ద డా. పామర్తి కృష్ణ దాస్‌తో కన్సల్టేషన్ మరియు అపాయింట్‌మెంట్ వివరాలు.,విజయవాడ సమీప ప్రాంతాల కోసం సైకియాట్రిస్ట్ గురించి బాధ్యతాయుత తెలుగు సమాచారం. విజయవాడలో Krishna Neuro Psychiatric Centre వద్ద డా. పామర్తి కృష్ణ దాస్‌తో కన్సల్టేషన్ మరియు అపాయింట్‌మెంట్ వివరాలు.,పటమట సమీపంలో సైకియాట్రిస్ట్,పటమట సమీపంలో సైకియాట్రిస్ట్,Local access / directions,విజయవాడ సమీప ప్రాంతాల కోసం సైకియాట్రిస్ట్,Noindex,https://www.krishnaneuropsychiatric.com/te/locations/psychiatrist-near-patamata,MedicalClinic; PostalAddress; GeoCoordinates; OpeningHoursSpecification; ContactPoint; Physician; WebSite,2 H2 / 0 H3 — సమయం నిర్ధారించి బయలుదేరండి. | పటమట నుంచి అపాయింట్‌మెంట్‌ను ఒక కాల్‌తో ప్లాన్ చేయండి.,"noindex, follow",Complete,1 images; 0 missing alt; responsive Next images detected: false,23 internal links; appointment linked,3 external links,No exact duplicate detected in initial pass,unsupported superlative or cure claim,137 KB HTML; 1 images; lazy/responsive image review applied,viewport configured; semantic H1; image alt complete,appointment:true; call:true; WhatsApp:true; directions:true; local signals:true,canonical clinic/doctor naming consistent; claim review needed,HIGH,200,,493,"unsupported superlative or cure claim; duplicate title with /te/locations/psychiatrist-in-suryaraopet, /te/locations, /te/locations/psychiatrist-near-gannavaram, /te/locations/psychiatrist-near-gollapudi, /te/locations/psychiatrist-near-gunadala, /te/locations/psychiatrist-near-mangalagiri, /te/locations/psychiatrist-near-benz-circle, /te/locations/psychiatrist-near-ibrahimpatnam, /te/locations/psychiatrist-near-kanuru, /te/locations/psychiatrist-near-auto-nagar, /te/locations/psychiatrist-near-penamaluru, /te/locations/psychiatrist-near-poranki; duplicate description with /te/locations/psychiatrist-in-suryaraopet, /te/locations, /te/locations/psychiatrist-near-gannavaram, /te/locations/psychiatrist-near-gollapudi, /te/locations/psychiatrist-near-gunadala, /te/locations/psychiatrist-near-mangalagiri, /te/locations/psychiatrist-near-benz-circle, /te/locations/psychiatrist-near-ibrahimpatnam, /te/locations/psychiatrist-near-kanuru, /te/locations/psychiatrist-near-auto-nagar, /te/locations/psychiatrist-near-penamaluru, /te/locations/psychiatrist-near-poranki"
/te/locations/psychiatrist-near-penamaluru,Local access / directions page for psychiatrist near penamaluru,విజయవాడ సమీప ప్రాంతాల కోసం సైకియాట్రిస్ట్,విజయవాడ సమీప ప్రాంతాల కోసం సైకియాట్రిస్ట్,విజయవాడ సమీప ప్రాంతాల కోసం సైకియాట్రిస్ట్ గురించి బాధ్యతాయుత తెలుగు సమాచారం. విజయవాడలో Krishna Neuro Psychiatric Centre వద్ద డా. పామర్తి కృష్ణ దాస్‌తో కన్సల్టేషన్ మరియు అపాయింట్‌మెంట్ వివరాలు.,విజయవాడ సమీప ప్రాంతాల కోసం సైకియాట్రిస్ట్ గురించి బాధ్యతాయుత తెలుగు సమాచారం. విజయవాడలో Krishna Neuro Psychiatric Centre వద్ద డా. పామర్తి కృష్ణ దాస్‌తో కన్సల్టేషన్ మరియు అపాయింట్‌మెంట్ వివరాలు.,పెనమలూరు సమీపంలో సైకియాట్రిస్ట్,పెనమలూరు సమీపంలో సైకియాట్రిస్ట్,Local access / directions,విజయవాడ సమీప ప్రాంతాల కోసం సైకియాట్రిస్ట్,Noindex,https://www.krishnaneuropsychiatric.com/te/locations/psychiatrist-near-penamaluru,MedicalClinic; PostalAddress; GeoCoordinates; OpeningHoursSpecification; ContactPoint; Physician; WebSite,2 H2 / 0 H3 — సమయం నిర్ధారించి బయలుదేరండి. | పెనమలూరు నుంచి అపాయింట్‌మెంట్‌ను ఒక కాల్‌తో ప్లాన్ చేయండి.,"noindex, follow",Complete,1 images; 0 missing alt; responsive Next images detected: false,23 internal links; appointment linked,3 external links,No exact duplicate detected in initial pass,unsupported superlative or cure claim,137 KB HTML; 1 images; lazy/responsive image review applied,viewport configured; semantic H1; image alt complete,appointment:true; call:true; WhatsApp:true; directions:true; local signals:true,canonical clinic/doctor naming consistent; claim review needed,HIGH,200,,493,"unsupported superlative or cure claim; duplicate title with /te/locations/psychiatrist-in-suryaraopet, /te/locations, /te/locations/psychiatrist-near-gannavaram, /te/locations/psychiatrist-near-gollapudi, /te/locations/psychiatrist-near-gunadala, /te/locations/psychiatrist-near-mangalagiri, /te/locations/psychiatrist-near-benz-circle, /te/locations/psychiatrist-near-ibrahimpatnam, /te/locations/psychiatrist-near-kanuru, /te/locations/psychiatrist-near-auto-nagar, /te/locations/psychiatrist-near-patamata, /te/locations/psychiatrist-near-poranki; duplicate description with /te/locations/psychiatrist-in-suryaraopet, /te/locations, /te/locations/psychiatrist-near-gannavaram, /te/locations/psychiatrist-near-gollapudi, /te/locations/psychiatrist-near-gunadala, /te/locations/psychiatrist-near-mangalagiri, /te/locations/psychiatrist-near-benz-circle, /te/locations/psychiatrist-near-ibrahimpatnam, /te/locations/psychiatrist-near-kanuru, /te/locations/psychiatrist-near-auto-nagar, /te/locations/psychiatrist-near-patamata, /te/locations/psychiatrist-near-poranki"
/te/locations/psychiatrist-near-poranki,Local access / directions page for psychiatrist near poranki,విజయవాడ సమీప ప్రాంతాల కోసం సైకియాట్రిస్ట్,విజయవాడ సమీప ప్రాంతాల కోసం సైకియాట్రిస్ట్,విజయవాడ సమీప ప్రాంతాల కోసం సైకియాట్రిస్ట్ గురించి బాధ్యతాయుత తెలుగు సమాచారం. విజయవాడలో Krishna Neuro Psychiatric Centre వద్ద డా. పామర్తి కృష్ణ దాస్‌తో కన్సల్టేషన్ మరియు అపాయింట్‌మెంట్ వివరాలు.,విజయవాడ సమీప ప్రాంతాల కోసం సైకియాట్రిస్ట్ గురించి బాధ్యతాయుత తెలుగు సమాచారం. విజయవాడలో Krishna Neuro Psychiatric Centre వద్ద డా. పామర్తి కృష్ణ దాస్‌తో కన్సల్టేషన్ మరియు అపాయింట్‌మెంట్ వివరాలు.,పోరంకి సమీపంలో సైకియాట్రిస్ట్,పోరంకి సమీపంలో సైకియాట్రిస్ట్,Local access / directions,విజయవాడ సమీప ప్రాంతాల కోసం సైకియాట్రిస్ట్,Noindex,https://www.krishnaneuropsychiatric.com/te/locations/psychiatrist-near-poranki,MedicalClinic; PostalAddress; GeoCoordinates; OpeningHoursSpecification; ContactPoint; Physician; WebSite,2 H2 / 0 H3 — సమయం నిర్ధారించి బయలుదేరండి. | పోరంకి నుంచి అపాయింట్‌మెంట్‌ను ఒక కాల్‌తో ప్లాన్ చేయండి.,"noindex, follow",Complete,1 images; 0 missing alt; responsive Next images detected: false,23 internal links; appointment linked,3 external links,No exact duplicate detected in initial pass,unsupported superlative or cure claim,137 KB HTML; 1 images; lazy/responsive image review applied,viewport configured; semantic H1; image alt complete,appointment:true; call:true; WhatsApp:true; directions:true; local signals:true,canonical clinic/doctor naming consistent; claim review needed,HIGH,200,,493,"unsupported superlative or cure claim; duplicate title with /te/locations/psychiatrist-in-suryaraopet, /te/locations, /te/locations/psychiatrist-near-gannavaram, /te/locations/psychiatrist-near-gollapudi, /te/locations/psychiatrist-near-gunadala, /te/locations/psychiatrist-near-mangalagiri, /te/locations/psychiatrist-near-benz-circle, /te/locations/psychiatrist-near-ibrahimpatnam, /te/locations/psychiatrist-near-kanuru, /te/locations/psychiatrist-near-auto-nagar, /te/locations/psychiatrist-near-patamata, /te/locations/psychiatrist-near-penamaluru; duplicate description with /te/locations/psychiatrist-in-suryaraopet, /te/locations, /te/locations/psychiatrist-near-gannavaram, /te/locations/psychiatrist-near-gollapudi, /te/locations/psychiatrist-near-gunadala, /te/locations/psychiatrist-near-mangalagiri, /te/locations/psychiatrist-near-benz-circle, /te/locations/psychiatrist-near-ibrahimpatnam, /te/locations/psychiatrist-near-kanuru, /te/locations/psychiatrist-near-auto-nagar, /te/locations/psychiatrist-near-patamata, /te/locations/psychiatrist-near-penamaluru"
/te/patient-journey,Branded informational page for patient journey,రోగి ప్రయాణం,రోగి ప్రయాణం,రోగి ప్రయాణం గురించి బాధ్యతాయుత తెలుగు సమాచారం. విజయవాడలో Krishna Neuro Psychiatric Centre వద్ద డా. పామర్తి కృష్ణ దాస్‌తో కన్సల్టేషన్ మరియు అపాయింట్‌మెంట్ వివరాలు.,రోగి ప్రయాణం గురించి బాధ్యతాయుత తెలుగు సమాచారం. విజయవాడలో Krishna Neuro Psychiatric Centre వద్ద డా. పామర్తి కృష్ణ దాస్‌తో కన్సల్టేషన్ మరియు అపాయింట్‌మెంట్ వివరాలు.,ఒక్కో స్పష్టమైన అడుగుతో రోగి ప్రయాణం.,ఒక్కో స్పష్టమైన అడుగుతో రోగి ప్రయాణం.,Branded informational,రోగి ప్రయాణం,Indexable — included in sitemap,https://www.krishnaneuropsychiatric.com/te/patient-journey,MedicalClinic; PostalAddress; GeoCoordinates; OpeningHoursSpecification; ContactPoint; Physician; WebSite,8 H2 / 0 H3 — దశ 1: అపాయింట్‌మెంట్ కోరండి | దశ 2: మొదటి కన్సల్టేషన్ | దశ 3: పూర్తి అంచనా | దశ 4: పని నిర్ధారణ,"index, follow",Complete,1 images; 0 missing alt; responsive Next images detected: false,23 internal links; appointment linked,3 external links,No exact duplicate detected in initial pass,unsupported superlative or cure claim,141 KB HTML; 1 images; lazy/responsive image review applied,viewport configured; semantic H1; image alt complete,appointment:true; call:true; WhatsApp:true; directions:true; local signals:true,canonical clinic/doctor naming consistent; claim review needed,MEDIUM,200,,529,unsupported superlative or cure claim
/te/privacy-policy,Legal / trust page for privacy policy,గోప్యతా విధానం,గోప్యతా విధానం,గోప్యతా విధానం గురించి బాధ్యతాయుత తెలుగు సమాచారం. విజయవాడలో Krishna Neuro Psychiatric Centre వద్ద డా. పామర్తి కృష్ణ దాస్‌తో కన్సల్టేషన్ మరియు అపాయింట్‌మెంట్ వివరాలు.,గోప్యతా విధానం గురించి బాధ్యతాయుత తెలుగు సమాచారం. విజయవాడలో Krishna Neuro Psychiatric Centre వద్ద డా. పామర్తి కృష్ణ దాస్‌తో కన్సల్టేషన్ మరియు అపాయింట్‌మెంట్ వివరాలు.,గోప్యతా విధానం,గోప్యతా విధానం,Legal / trust,గోప్యతా విధానం,Indexable — included in sitemap,https://www.krishnaneuropsychiatric.com/te/privacy-policy,MedicalClinic; PostalAddress; GeoCoordinates; OpeningHoursSpecification; ContactPoint; Physician; WebSite,5 H2 / 0 H3 — మీరు ఇచ్చే సమాచారం | డెలివరీ | వాడుక మరియు గోప్యత | అనలిటిక్స్ మరియు బాహ్య సేవలు,"index, follow",Complete,1 images; 0 missing alt; responsive Next images detected: false,22 internal links; appointment linked,3 external links,No exact duplicate detected in initial pass,unsupported superlative or cure claim,131 KB HTML; 1 images; lazy/responsive image review applied,viewport configured; semantic H1; image alt complete,appointment:true; call:true; WhatsApp:true; directions:true; local signals:true,canonical clinic/doctor naming consistent; claim review needed,MEDIUM,200,,499,unsupported superlative or cure claim
/te/psychiatrist-in-vijayawada,Local transactional page for psychiatrist in vijayawada,విజయవాడలో సైకియాట్రిస్ట్,విజయవాడలో సైకియాట్రిస్ట్,విజయవాడలో సైకియాట్రిస్ట్ గురించి బాధ్యతాయుత తెలుగు సమాచారం. విజయవాడలో Krishna Neuro Psychiatric Centre వద్ద డా. పామర్తి కృష్ణ దాస్‌తో కన్సల్టేషన్ మరియు అపాయింట్‌మెంట్ వివరాలు.,విజయవాడలో సైకియాట్రిస్ట్ గురించి బాధ్యతాయుత తెలుగు సమాచారం. విజయవాడలో Krishna Neuro Psychiatric Centre వద్ద డా. పామర్తి కృష్ణ దాస్‌తో కన్సల్టేషన్ మరియు అపాయింట్‌మెంట్ వివరాలు.,గౌరవం మరియు ఆధారాలతో కూడిన విజయవాడ సైకియాట్రిక్ సంరక్షణ.,గౌరవం మరియు ఆధారాలతో కూడిన విజయవాడ సైకియాట్రిక్ సంరక్షణ.,Local transactional,విజయవాడలో సైకియాట్రిస్ట్,Indexable — included in sitemap,https://www.krishnaneuropsychiatric.com/te/psychiatrist-in-vijayawada,MedicalClinic; PostalAddress; GeoCoordinates; OpeningHoursSpecification; ContactPoint; Physician; WebSite,4 H2 / 0 H3 — సైకియాట్రిస్ట్ ఎందుకు? | సేవల పరిధి | క్లినిక్ | ఒక స్పష్టమైన సంభాషణతో మొదటి అడుగు వేయండి.,"index, follow",Complete,1 images; 0 missing alt; responsive Next images detected: false,23 internal links; appointment linked,3 external links,No exact duplicate detected in initial pass,No material content issue,136 KB HTML; 1 images; lazy/responsive image review applied,viewport configured; semantic H1; image alt complete,appointment:true; call:true; WhatsApp:true; directions:true; local signals:true,canonical clinic/doctor naming consistent; claim review needed,NO CHANGE,200,,490,None
/te/resources,Branded informational page for resources,మానసిక ఆరోగ్య వనరులు,మానసిక ఆరోగ్య వనరులు,మానసిక ఆరోగ్య వనరులు గురించి బాధ్యతాయుత తెలుగు సమాచారం. విజయవాడలో Krishna Neuro Psychiatric Centre వద్ద డా. పామర్తి కృష్ణ దాస్‌తో కన్సల్టేషన్ మరియు అపాయింట్‌మెంట్ వివరాలు.,మానసిక ఆరోగ్య వనరులు గురించి బాధ్యతాయుత తెలుగు సమాచారం. విజయవాడలో Krishna Neuro Psychiatric Centre వద్ద డా. పామర్తి కృష్ణ దాస్‌తో కన్సల్టేషన్ మరియు అపాయింట్‌మెంట్ వివరాలు.,మంచి సమాచారం భయాన్ని తగ్గించాలి.,మంచి సమాచారం భయాన్ని తగ్గించాలి.,Branded informational,మానసిక ఆరోగ్య వనరులు,Indexable — included in sitemap,https://www.krishnaneuropsychiatric.com/te/resources,MedicalClinic; PostalAddress; GeoCoordinates; OpeningHoursSpecification; ContactPoint; Physician; WebSite,4 H2 / 0 H3 — లక్షణాలను అర్థం చేసుకోండి | మొదటి అపాయింట్‌మెంట్‌కు సిద్ధం | ప్రభుత్వ సహాయం | ఒక స్పష్టమైన సంభాషణతో మొదటి అడుగు వేయండి.,"index, follow",Complete,1 images; 0 missing alt; responsive Next images detected: false,23 internal links; appointment linked,3 external links,No exact duplicate detected in initial pass,unsupported superlative or cure claim,134 KB HTML; 1 images; lazy/responsive image review applied,viewport configured; semantic H1; image alt complete,appointment:true; call:true; WhatsApp:true; directions:true; local signals:true,canonical clinic/doctor naming consistent; claim review needed,MEDIUM,200,,481,unsupported superlative or cure claim
/te/services,Branded informational page for services,సైకియాట్రిక్ సేవలు,సైకియాట్రిక్ సేవలు,సైకియాట్రిక్ సేవలు గురించి బాధ్యతాయుత తెలుగు సమాచారం. విజయవాడలో Krishna Neuro Psychiatric Centre వద్ద డా. పామర్తి కృష్ణ దాస్‌తో కన్సల్టేషన్ మరియు అపాయింట్‌మెంట్ వివరాలు.,సైకియాట్రిక్ సేవలు గురించి బాధ్యతాయుత తెలుగు సమాచారం. విజయవాడలో Krishna Neuro Psychiatric Centre వద్ద డా. పామర్తి కృష్ణ దాస్‌తో కన్సల్టేషన్ మరియు అపాయింట్‌మెంట్ వివరాలు.,అవసరానికి తగిన సేవ—ఒకే విధానం అందరికీ కాదు.,అవసరానికి తగిన సేవ—ఒకే విధానం అందరికీ కాదు.,Branded informational,సైకియాట్రిక్ సేవలు,Indexable — included in sitemap,https://www.krishnaneuropsychiatric.com/te/services,MedicalClinic; PostalAddress; GeoCoordinates; OpeningHoursSpecification; ContactPoint; Physician; WebSite,11 H2 / 0 H3 — మానసిక వైద్య సంప్రదింపు | మందుల నిర్వహణ | కౌన్సెలింగ్ | కుటుంబ కౌన్సెలింగ్,"index, follow",Complete,1 images; 0 missing alt; responsive Next images detected: false,33 internal links; appointment linked,3 external links,No exact duplicate detected in initial pass,unsupported superlative or cure claim,147 KB HTML; 1 images; lazy/responsive image review applied,viewport configured; semantic H1; image alt complete,appointment:true; call:true; WhatsApp:true; directions:true; local signals:true,canonical clinic/doctor naming consistent; claim review needed,MEDIUM,200,,572,unsupported superlative or cure claim
/te/services/child-psychiatry,Service / consultation intent page for child psychiatry,పిల్లలు మరియు కిశోరుల సైకియాట్రీ విజయవాడ,పిల్లలు మరియు కిశోరుల సైకియాట్రీ విజయవాడ,పిల్లలు మరియు కిశోరుల సైకియాట్రీ విజయవాడ గురించి బాధ్యతాయుత తెలుగు సమాచారం. విజయవాడలో Krishna Neuro Psychiatric Centre వద్ద డా. పామర్తి కృష్ణ దాస్‌తో కన్సల్టేషన్ మరియు అపాయింట్‌మెంట్ వివరాలు.,పిల్లలు మరియు కిశోరుల సైకియాట్రీ విజయవాడ గురించి బాధ్యతాయుత తెలుగు సమాచారం. విజయవాడలో Krishna Neuro Psychiatric Centre వద్ద డా. పామర్తి కృష్ణ దాస్‌తో కన్సల్టేషన్ మరియు అపాయింట్‌మెంట్ వివరాలు.,పిల్లలు మరియు కిశోరుల సైకియాట్రీ,పిల్లలు మరియు కిశోరుల సైకియాట్రీ,Service / consultation intent,పిల్లలు మరియు కిశోరుల సైకియాట్రీ విజయవాడ,Indexable — included in sitemap,https://www.krishnaneuropsychiatric.com/te/services/child-psychiatry,MedicalClinic; PostalAddress; GeoCoordinates; OpeningHoursSpecification; ContactPoint; Physician; WebSite,4 H2 / 0 H3 — ఈ సేవలో ఉండేవి | ఎవరికి ఉపయోగపడవచ్చు? | సేవ ఎలా పనిచేస్తుంది? | పిల్లలు మరియు కిశోరుల సైకియాట్రీ మీ అవసరానికి తగినదా అని అడగండి.,"index, follow",Complete,1 images; 0 missing alt; responsive Next images detected: false,23 internal links; appointment linked,3 external links,No exact duplicate detected in initial pass,unsupported superlative or cure claim,142 KB HTML; 1 images; lazy/responsive image review applied,viewport configured; semantic H1; image alt complete,appointment:true; call:true; WhatsApp:true; directions:true; local signals:true,canonical clinic/doctor naming consistent; claim review needed,MEDIUM,200,,497,unsupported superlative or cure claim
/te/services/counselling,Service / consultation intent page for counselling,కౌన్సెలింగ్ విజయవాడ,కౌన్సెలింగ్ విజయవాడ,కౌన్సెలింగ్ విజయవాడ గురించి బాధ్యతాయుత తెలుగు సమాచారం. విజయవాడలో Krishna Neuro Psychiatric Centre వద్ద డా. పామర్తి కృష్ణ దాస్‌తో కన్సల్టేషన్ మరియు అపాయింట్‌మెంట్ వివరాలు.,కౌన్సెలింగ్ విజయవాడ గురించి బాధ్యతాయుత తెలుగు సమాచారం. విజయవాడలో Krishna Neuro Psychiatric Centre వద్ద డా. పామర్తి కృష్ణ దాస్‌తో కన్సల్టేషన్ మరియు అపాయింట్‌మెంట్ వివరాలు.,కౌన్సెలింగ్,కౌన్సెలింగ్,Service / consultation intent,కౌన్సెలింగ్ విజయవాడ,Indexable — included in sitemap,https://www.krishnaneuropsychiatric.com/te/services/counselling,MedicalClinic; PostalAddress; GeoCoordinates; OpeningHoursSpecification; ContactPoint; Physician; WebSite,4 H2 / 0 H3 — ఈ సేవలో ఉండేవి | ఎవరికి ఉపయోగపడవచ్చు? | సేవ ఎలా పనిచేస్తుంది? | కౌన్సెలింగ్ మీ అవసరానికి తగినదా అని అడగండి.,"index, follow",Complete,1 images; 0 missing alt; responsive Next images detected: false,23 internal links; appointment linked,3 external links,No exact duplicate detected in initial pass,unsupported superlative or cure claim,141 KB HTML; 1 images; lazy/responsive image review applied,viewport configured; semantic H1; image alt complete,appointment:true; call:true; WhatsApp:true; directions:true; local signals:true,canonical clinic/doctor naming consistent; claim review needed,MEDIUM,200,,487,unsupported superlative or cure claim
/te/services/de-addiction,Service / consultation intent page for de addiction,వ్యసన విముక్తి సేవలు విజయవాడ,వ్యసన విముక్తి సేవలు విజయవాడ,వ్యసన విముక్తి సేవలు విజయవాడ గురించి బాధ్యతాయుత తెలుగు సమాచారం. విజయవాడలో Krishna Neuro Psychiatric Centre వద్ద డా. పామర్తి కృష్ణ దాస్‌తో కన్సల్టేషన్ మరియు అపాయింట్‌మెంట్ వివరాలు.,వ్యసన విముక్తి సేవలు విజయవాడ గురించి బాధ్యతాయుత తెలుగు సమాచారం. విజయవాడలో Krishna Neuro Psychiatric Centre వద్ద డా. పామర్తి కృష్ణ దాస్‌తో కన్సల్టేషన్ మరియు అపాయింట్‌మెంట్ వివరాలు.,వ్యసన విముక్తి సేవలు,వ్యసన విముక్తి సేవలు,Service / consultation intent,వ్యసన విముక్తి సేవలు విజయవాడ,Indexable — included in sitemap,https://www.krishnaneuropsychiatric.com/te/services/de-addiction,MedicalClinic; PostalAddress; GeoCoordinates; OpeningHoursSpecification; ContactPoint; Physician; WebSite,4 H2 / 0 H3 — ఈ సేవలో ఉండేవి | ఎవరికి ఉపయోగపడవచ్చు? | సేవ ఎలా పనిచేస్తుంది? | వ్యసన విముక్తి సేవలు మీ అవసరానికి తగినదా అని అడగండి.,"index, follow",Complete,1 images; 0 missing alt; responsive Next images detected: false,23 internal links; appointment linked,3 external links,No exact duplicate detected in initial pass,unsupported superlative or cure claim,141 KB HTML; 1 images; lazy/responsive image review applied,viewport configured; semantic H1; image alt complete,appointment:true; call:true; WhatsApp:true; directions:true; local signals:true,canonical clinic/doctor naming consistent; claim review needed,MEDIUM,200,,498,unsupported superlative or cure claim
/te/services/emergency-consultation,Service / consultation intent page for emergency consultation,అత్యవసర కన్సల్టేషన్ మార్గదర్శకం విజయవాడ,అత్యవసర కన్సల్టేషన్ మార్గదర్శకం విజయవాడ,అత్యవసర కన్సల్టేషన్ మార్గదర్శకం విజయవాడ గురించి బాధ్యతాయుత తెలుగు సమాచారం. విజయవాడలో Krishna Neuro Psychiatric Centre వద్ద డా. పామర్తి కృష్ణ దాస్‌తో కన్సల్టేషన్ మరియు అపాయింట్‌మెంట్ వివరాలు.,అత్యవసర కన్సల్టేషన్ మార్గదర్శకం విజయవాడ గురించి బాధ్యతాయుత తెలుగు సమాచారం. విజయవాడలో Krishna Neuro Psychiatric Centre వద్ద డా. పామర్తి కృష్ణ దాస్‌తో కన్సల్టేషన్ మరియు అపాయింట్‌మెంట్ వివరాలు.,అత్యవసర కన్సల్టేషన్ మార్గదర్శకం,అత్యవసర కన్సల్టేషన్ మార్గదర్శకం,Service / consultation intent,అత్యవసర కన్సల్టేషన్ మార్గదర్శకం విజయవాడ,Indexable — included in sitemap,https://www.krishnaneuropsychiatric.com/te/services/emergency-consultation,MedicalClinic; PostalAddress; GeoCoordinates; OpeningHoursSpecification; ContactPoint; Physician; WebSite,4 H2 / 0 H3 — ఈ సేవలో ఉండేవి | ఎవరికి ఉపయోగపడవచ్చు? | సేవ ఎలా పనిచేస్తుంది? | అత్యవసర కన్సల్టేషన్ మార్గదర్శకం మీ అవసరానికి తగినదా అని అడగండి.,"index, follow",Complete,1 images; 0 missing alt; responsive Next images detected: false,23 internal links; appointment linked,3 external links,No exact duplicate detected in initial pass,unsupported superlative or cure claim,142 KB HTML; 1 images; lazy/responsive image review applied,viewport configured; semantic H1; image alt complete,appointment:true; call:true; WhatsApp:true; directions:true; local signals:true,canonical clinic/doctor naming consistent; claim review needed,MEDIUM,200,,505,unsupported superlative or cure claim
/te/services/family-counselling,Service / consultation intent page for family counselling,కుటుంబ కౌన్సెలింగ్ విజయవాడ,కుటుంబ కౌన్సెలింగ్ విజయవాడ,కుటుంబ కౌన్సెలింగ్ విజయవాడ గురించి బాధ్యతాయుత తెలుగు సమాచారం. విజయవాడలో Krishna Neuro Psychiatric Centre వద్ద డా. పామర్తి కృష్ణ దాస్‌తో కన్సల్టేషన్ మరియు అపాయింట్‌మెంట్ వివరాలు.,కుటుంబ కౌన్సెలింగ్ విజయవాడ గురించి బాధ్యతాయుత తెలుగు సమాచారం. విజయవాడలో Krishna Neuro Psychiatric Centre వద్ద డా. పామర్తి కృష్ణ దాస్‌తో కన్సల్టేషన్ మరియు అపాయింట్‌మెంట్ వివరాలు.,కుటుంబ కౌన్సెలింగ్,కుటుంబ కౌన్సెలింగ్,Service / consultation intent,కుటుంబ కౌన్సెలింగ్ విజయవాడ,Indexable — included in sitemap,https://www.krishnaneuropsychiatric.com/te/services/family-counselling,MedicalClinic; PostalAddress; GeoCoordinates; OpeningHoursSpecification; ContactPoint; Physician; WebSite,4 H2 / 0 H3 — ఈ సేవలో ఉండేవి | ఎవరికి ఉపయోగపడవచ్చు? | సేవ ఎలా పనిచేస్తుంది? | కుటుంబ కౌన్సెలింగ్ మీ అవసరానికి తగినదా అని అడగండి.,"index, follow",Complete,1 images; 0 missing alt; responsive Next images detected: false,23 internal links; appointment linked,3 external links,No exact duplicate detected in initial pass,unsupported superlative or cure claim,141 KB HTML; 1 images; lazy/responsive image review applied,viewport configured; semantic H1; image alt complete,appointment:true; call:true; WhatsApp:true; directions:true; local signals:true,canonical clinic/doctor naming consistent; claim review needed,MEDIUM,200,,486,unsupported superlative or cure claim
/te/services/medication-management,Service / consultation intent page for medication management,మందుల నిర్వహణ విజయవాడ,మందుల నిర్వహణ విజయవాడ,మందుల నిర్వహణ విజయవాడ గురించి బాధ్యతాయుత తెలుగు సమాచారం. విజయవాడలో Krishna Neuro Psychiatric Centre వద్ద డా. పామర్తి కృష్ణ దాస్‌తో కన్సల్టేషన్ మరియు అపాయింట్‌మెంట్ వివరాలు.,మందుల నిర్వహణ విజయవాడ గురించి బాధ్యతాయుత తెలుగు సమాచారం. విజయవాడలో Krishna Neuro Psychiatric Centre వద్ద డా. పామర్తి కృష్ణ దాస్‌తో కన్సల్టేషన్ మరియు అపాయింట్‌మెంట్ వివరాలు.,మందుల నిర్వహణ,మందుల నిర్వహణ,Service / consultation intent,మందుల నిర్వహణ విజయవాడ,Indexable — included in sitemap,https://www.krishnaneuropsychiatric.com/te/services/medication-management,MedicalClinic; PostalAddress; GeoCoordinates; OpeningHoursSpecification; ContactPoint; Physician; WebSite,4 H2 / 0 H3 — ఈ సేవలో ఉండేవి | ఎవరికి ఉపయోగపడవచ్చు? | సేవ ఎలా పనిచేస్తుంది? | మందుల నిర్వహణ మీ అవసరానికి తగినదా అని అడగండి.,"index, follow",Complete,1 images; 0 missing alt; responsive Next images detected: false,23 internal links; appointment linked,3 external links,No exact duplicate detected in initial pass,unsupported superlative or cure claim,141 KB HTML; 1 images; lazy/responsive image review applied,viewport configured; semantic H1; image alt complete,appointment:true; call:true; WhatsApp:true; directions:true; local signals:true,canonical clinic/doctor naming consistent; claim review needed,MEDIUM,200,,493,unsupported superlative or cure claim
/te/services/psychiatric-consultation,Service / consultation intent page for psychiatric consultation,మానసిక వైద్య సంప్రదింపు విజయవాడ,మానసిక వైద్య సంప్రదింపు విజయవాడ,మానసిక వైద్య సంప్రదింపు విజయవాడ గురించి బాధ్యతాయుత తెలుగు సమాచారం. విజయవాడలో Krishna Neuro Psychiatric Centre వద్ద డా. పామర్తి కృష్ణ దాస్‌తో కన్సల్టేషన్ మరియు అపాయింట్‌మెంట్ వివరాలు.,మానసిక వైద్య సంప్రదింపు విజయవాడ గురించి బాధ్యతాయుత తెలుగు సమాచారం. విజయవాడలో Krishna Neuro Psychiatric Centre వద్ద డా. పామర్తి కృష్ణ దాస్‌తో కన్సల్టేషన్ మరియు అపాయింట్‌మెంట్ వివరాలు.,మానసిక వైద్య సంప్రదింపు,మానసిక వైద్య సంప్రదింపు,Service / consultation intent,మానసిక వైద్య సంప్రదింపు విజయవాడ,Indexable — included in sitemap,https://www.krishnaneuropsychiatric.com/te/services/psychiatric-consultation,MedicalClinic; PostalAddress; GeoCoordinates; OpeningHoursSpecification; ContactPoint; Physician; WebSite,4 H2 / 0 H3 — ఈ సేవలో ఉండేవి | ఎవరికి ఉపయోగపడవచ్చు? | సేవ ఎలా పనిచేస్తుంది? | మానసిక వైద్య సంప్రదింపు మీ అవసరానికి తగినదా అని అడగండి.,"index, follow",Complete,1 images; 0 missing alt; responsive Next images detected: false,23 internal links; appointment linked,3 external links,No exact duplicate detected in initial pass,unsupported superlative or cure claim,141 KB HTML; 1 images; lazy/responsive image review applied,viewport configured; semantic H1; image alt complete,appointment:true; call:true; WhatsApp:true; directions:true; local signals:true,canonical clinic/doctor naming consistent; claim review needed,MEDIUM,200,,500,unsupported superlative or cure claim
/te/services/sleep-clinic,Service / consultation intent page for sleep clinic,స్లీప్ క్లినిక్ విజయవాడ,స్లీప్ క్లినిక్ విజయవాడ,స్లీప్ క్లినిక్ విజయవాడ గురించి బాధ్యతాయుత తెలుగు సమాచారం. విజయవాడలో Krishna Neuro Psychiatric Centre వద్ద డా. పామర్తి కృష్ణ దాస్‌తో కన్సల్టేషన్ మరియు అపాయింట్‌మెంట్ వివరాలు.,స్లీప్ క్లినిక్ విజయవాడ గురించి బాధ్యతాయుత తెలుగు సమాచారం. విజయవాడలో Krishna Neuro Psychiatric Centre వద్ద డా. పామర్తి కృష్ణ దాస్‌తో కన్సల్టేషన్ మరియు అపాయింట్‌మెంట్ వివరాలు.,స్లీప్ క్లినిక్,స్లీప్ క్లినిక్,Service / consultation intent,స్లీప్ క్లినిక్ విజయవాడ,Indexable — included in sitemap,https://www.krishnaneuropsychiatric.com/te/services/sleep-clinic,MedicalClinic; PostalAddress; GeoCoordinates; OpeningHoursSpecification; ContactPoint; Physician; WebSite,4 H2 / 0 H3 — ఈ సేవలో ఉండేవి | ఎవరికి ఉపయోగపడవచ్చు? | సేవ ఎలా పనిచేస్తుంది? | స్లీప్ క్లినిక్ మీ అవసరానికి తగినదా అని అడగండి.,"index, follow",Complete,1 images; 0 missing alt; responsive Next images detected: false,23 internal links; appointment linked,3 external links,No exact duplicate detected in initial pass,unsupported superlative or cure claim,141 KB HTML; 1 images; lazy/responsive image review applied,viewport configured; semantic H1; image alt complete,appointment:true; call:true; WhatsApp:true; directions:true; local signals:true,canonical clinic/doctor naming consistent; claim review needed,MEDIUM,200,,497,unsupported superlative or cure claim
/te/services/stress-management,Service / consultation intent page for stress management,ఒత్తిడి నిర్వహణ విజయవాడ,ఒత్తిడి నిర్వహణ విజయవాడ,ఒత్తిడి నిర్వహణ విజయవాడ గురించి బాధ్యతాయుత తెలుగు సమాచారం. విజయవాడలో Krishna Neuro Psychiatric Centre వద్ద డా. పామర్తి కృష్ణ దాస్‌తో కన్సల్టేషన్ మరియు అపాయింట్‌మెంట్ వివరాలు.,ఒత్తిడి నిర్వహణ విజయవాడ గురించి బాధ్యతాయుత తెలుగు సమాచారం. విజయవాడలో Krishna Neuro Psychiatric Centre వద్ద డా. పామర్తి కృష్ణ దాస్‌తో కన్సల్టేషన్ మరియు అపాయింట్‌మెంట్ వివరాలు.,ఒత్తిడి నిర్వహణ,ఒత్తిడి నిర్వహణ,Service / consultation intent,ఒత్తిడి నిర్వహణ విజయవాడ,Indexable — included in sitemap,https://www.krishnaneuropsychiatric.com/te/services/stress-management,MedicalClinic; PostalAddress; GeoCoordinates; OpeningHoursSpecification; ContactPoint; Physician; WebSite,4 H2 / 0 H3 — ఈ సేవలో ఉండేవి | ఎవరికి ఉపయోగపడవచ్చు? | సేవ ఎలా పనిచేస్తుంది? | ఒత్తిడి నిర్వహణ మీ అవసరానికి తగినదా అని అడగండి.,"index, follow",Complete,1 images; 0 missing alt; responsive Next images detected: false,23 internal links; appointment linked,3 external links,No exact duplicate detected in initial pass,unsupported superlative or cure claim,141 KB HTML; 1 images; lazy/responsive image review applied,viewport configured; semantic H1; image alt complete,appointment:true; call:true; WhatsApp:true; directions:true; local signals:true,canonical clinic/doctor naming consistent; claim review needed,MEDIUM,200,,494,unsupported superlative or cure claim
/te/services/tele-consultation,Service / consultation intent page for tele consultation,టెలి కన్సల్టేషన్ విజయవాడ,టెలి కన్సల్టేషన్ విజయవాడ,టెలి కన్సల్టేషన్ విజయవాడ గురించి బాధ్యతాయుత తెలుగు సమాచారం. విజయవాడలో Krishna Neuro Psychiatric Centre వద్ద డా. పామర్తి కృష్ణ దాస్‌తో కన్సల్టేషన్ మరియు అపాయింట్‌మెంట్ వివరాలు.,టెలి కన్సల్టేషన్ విజయవాడ గురించి బాధ్యతాయుత తెలుగు సమాచారం. విజయవాడలో Krishna Neuro Psychiatric Centre వద్ద డా. పామర్తి కృష్ణ దాస్‌తో కన్సల్టేషన్ మరియు అపాయింట్‌మెంట్ వివరాలు.,టెలి కన్సల్టేషన్,టెలి కన్సల్టేషన్,Service / consultation intent,టెలి కన్సల్టేషన్ విజయవాడ,Indexable — included in sitemap,https://www.krishnaneuropsychiatric.com/te/services/tele-consultation,MedicalClinic; PostalAddress; GeoCoordinates; OpeningHoursSpecification; ContactPoint; Physician; WebSite,4 H2 / 0 H3 — ఈ సేవలో ఉండేవి | ఎవరికి ఉపయోగపడవచ్చు? | సేవ ఎలా పనిచేస్తుంది? | టెలి కన్సల్టేషన్ మీ అవసరానికి తగినదా అని అడగండి.,"index, follow",Complete,1 images; 0 missing alt; responsive Next images detected: false,23 internal links; appointment linked,3 external links,No exact duplicate detected in initial pass,unsupported superlative or cure claim,141 KB HTML; 1 images; lazy/responsive image review applied,viewport configured; semantic H1; image alt complete,appointment:true; call:true; WhatsApp:true; directions:true; local signals:true,canonical clinic/doctor naming consistent; claim review needed,MEDIUM,200,,491,unsupported superlative or cure claim
/te/terms,Legal / trust page for terms,వెబ్‌సైట్ నిబంధనలు,వెబ్‌సైట్ నిబంధనలు,వెబ్‌సైట్ నిబంధనలు గురించి బాధ్యతాయుత తెలుగు సమాచారం. విజయవాడలో Krishna Neuro Psychiatric Centre వద్ద డా. పామర్తి కృష్ణ దాస్‌తో కన్సల్టేషన్ మరియు అపాయింట్‌మెంట్ వివరాలు.,వెబ్‌సైట్ నిబంధనలు గురించి బాధ్యతాయుత తెలుగు సమాచారం. విజయవాడలో Krishna Neuro Psychiatric Centre వద్ద డా. పామర్తి కృష్ణ దాస్‌తో కన్సల్టేషన్ మరియు అపాయింట్‌మెంట్ వివరాలు.,వెబ్‌సైట్ వినియోగ నిబంధనలు,వెబ్‌సైట్ వినియోగ నిబంధనలు,Legal / trust,వెబ్‌సైట్ నిబంధనలు,Indexable — included in sitemap,https://www.krishnaneuropsychiatric.com/te/terms,MedicalClinic; PostalAddress; GeoCoordinates; OpeningHoursSpecification; ContactPoint; Physician; WebSite,4 H2 / 0 H3 — విద్యా సమాచారం మాత్రమే | ఎమర్జెన్సీ కాదు | అపాయింట్‌మెంట్ మరియు ఫలితాలు | మందుల భద్రత,"index, follow",Complete,1 images; 0 missing alt; responsive Next images detected: false,22 internal links; appointment linked,3 external links,No exact duplicate detected in initial pass,unsupported superlative or cure claim,129 KB HTML; 1 images; lazy/responsive image review applied,viewport configured; semantic H1; image alt complete,appointment:true; call:true; WhatsApp:true; directions:true; local signals:true,canonical clinic/doctor naming consistent; claim review needed,MEDIUM,200,,456,unsupported superlative or cure claim
/te/testimonials,Legacy URL preserving existing SEO equity,Permanent redirect to /te/about,Keep permanent redirect to /te/about,N/A — redirect,N/A — redirect,N/A — redirect,N/A — redirect,Legacy navigation,testimonials,Redirect — not indexable,/te/about,Inherited from destination,N/A,Permanent 308,Inherited from destination,N/A,Internal links updated to destination,N/A,Consolidated by redirect,None — equity preserved,Redirect only; negligible,Destination audited,Destination audited,Destination audited,NO CHANGE,308,/te/about,,
/te/treatments,Branded informational page for treatments,సైకియాట్రిక్ చికిత్స విధానం,సైకియాట్రిక్ చికిత్స విధానం,సైకియాట్రిక్ చికిత్స విధానం గురించి బాధ్యతాయుత తెలుగు సమాచారం. విజయవాడలో Krishna Neuro Psychiatric Centre వద్ద డా. పామర్తి కృష్ణ దాస్‌తో కన్సల్టేషన్ మరియు అపాయింట్‌మెంట్ వివరాలు.,సైకియాట్రిక్ చికిత్స విధానం గురించి బాధ్యతాయుత తెలుగు సమాచారం. విజయవాడలో Krishna Neuro Psychiatric Centre వద్ద డా. పామర్తి కృష్ణ దాస్‌తో కన్సల్టేషన్ మరియు అపాయింట్‌మెంట్ వివరాలు.,సరైన చికిత్స కలిసి తీసుకునే నిర్ణయం.,సరైన చికిత్స కలిసి తీసుకునే నిర్ణయం.,Branded informational,సైకియాట్రిక్ చికిత్స విధానం,Indexable — included in sitemap,https://www.krishnaneuropsychiatric.com/te/treatments,MedicalClinic; PostalAddress; GeoCoordinates; OpeningHoursSpecification; ContactPoint; Physician; WebSite,4 H2 / 0 H3 — పూర్తి అంచనా | సైకలాజికల్ మరియు ప్రాక్టికల్ సంరక్షణ | తక్కువ ప్రభావవంతమైన చికిత్స భారం | ఒక స్పష్టమైన సంభాషణతో మొదటి అడుగు వేయండి.,"index, follow",Complete,1 images; 0 missing alt; responsive Next images detected: false,23 internal links; appointment linked,3 external links,No exact duplicate detected in initial pass,unsupported superlative or cure claim,136 KB HTML; 1 images; lazy/responsive image review applied,viewport configured; semantic H1; image alt complete,appointment:true; call:true; WhatsApp:true; directions:true; local signals:true,canonical clinic/doctor naming consistent; claim review needed,MEDIUM,200,,484,unsupported superlative or cure claim
/terms,Branded informational page for terms,Website Terms of Use,Website Terms of Use,"Terms governing educational medical information, appointment requests, emergencies, external links and responsible use of this website.","Terms governing educational medical information, appointment requests, emergencies, external links and responsible use of this website.",Website terms of use,Website terms of use,Branded informational,website terms of use,Indexable — included in sitemap,https://www.krishnaneuropsychiatric.com/terms,MedicalClinic; PostalAddress; GeoCoordinates; OpeningHoursSpecification; ContactPoint; Physician; WebSite; BreadcrumbList; ListItem,"10 H2 / 0 H3 — 1. Educational information, not a diagnosis | 2. Emergencies | 3. Appointment requests | 4. Medication safety","index, follow",Complete,1 images; 0 missing alt; responsive Next images detected: false,22 internal links; appointment linked,3 external links,No exact duplicate detected in initial pass,unsupported superlative or cure claim,128 KB HTML; 1 images; lazy/responsive image review applied,viewport configured; semantic H1; image alt complete,appointment:true; call:true; WhatsApp:true; directions:true; local signals:true,canonical clinic/doctor naming consistent; claim review needed,MEDIUM,200,,749,unsupported superlative or cure claim
/testimonials,Legacy URL preserving existing SEO equity,Permanent redirect to /about,Keep permanent redirect to /about,N/A — redirect,N/A — redirect,N/A — redirect,N/A — redirect,Legacy navigation,testimonials,Redirect — not indexable,/about,Inherited from destination,N/A,Permanent 308,Inherited from destination,N/A,Internal links updated to destination,N/A,Consolidated by redirect,None — equity preserved,Redirect only; negligible,Destination audited,Destination audited,Destination audited,NO CHANGE,308,/about,,
/treatments,Branded informational page for treatments,Psychiatric Treatment Approach,Psychiatric Treatment Approach,"Learn how assessment, counselling, medication management, family support, lifestyle care and follow-up are personalised at Krishna Neuro Psychiatric Centre.","Learn how assessment, counselling, medication management, family support, lifestyle care and follow-up are personalised at Krishna Neuro Psychiatric Centre.",The right treatment is a shared decision—not a standard package.,The right treatment is a shared decision—not a standard package.,Branded informational,psychiatric treatment approach,Indexable — included in sitemap,https://www.krishnaneuropsychiatric.com/treatments,MedicalClinic; PostalAddress; GeoCoordinates; OpeningHoursSpecification; ContactPoint; Physician; WebSite; BreadcrumbList; ListItem,9 H2 / 5 H3 — Treatment should make sense as a whole. | Comprehensive assessment | Psychological treatment | Medication management,"index, follow",Complete,1 images; 0 missing alt; responsive Next images detected: false,22 internal links; appointment linked,3 external links,No exact duplicate detected in initial pass,unsupported superlative or cure claim,164 KB HTML; 1 images; lazy/responsive image review applied,viewport configured; semantic H1; image alt complete,appointment:true; call:true; WhatsApp:true; directions:true; local signals:true,canonical clinic/doctor naming consistent; claim review needed,MEDIUM,200,,759,unsupported superlative or cure claim